customer_id,transaction_id,date,segment,region,business_type,employment_status,income,loan_amount,existing_debt,transaction_amount,transaction_frequency,account_age_months,repayment_history_score,defaulted,repayment_status,risk_score,risk_level,suspicious_category
CUST-10312,TXN-200000,2026-03-29,Agriculture,Abuja,Transport,Self-employed,138973.0,318944.0,80433.0,21072.0,32,75,55.5,1,Defaulted,44.9,Medium,Loan-to-income mismatch
CUST-12708,TXN-200001,2025-07-07,Retail,Kumasi,Fintech Agent,Unemployed,134270.0,155117.0,51492.0,27188.0,23,24,79.2,0,Repaid,5.8,Low,Normal
CUST-12291,TXN-200002,2025-07-11,Market Trader,Kigali,Health,Contract,224800.0,89035.0,20971.0,32278.0,31,14,100.0,0,Repaid,1.0,Low,Normal
CUST-11536,TXN-200003,2026-04-08,SME,Nairobi,Shop,Informal,229584.0,381048.0,4965.0,97853.0,23,55,88.8,0,Repaid,7.6,Low,Loan-to-income mismatch
CUST-11515,TXN-200004,2026-02-18,Market Trader,Kumasi,Health,Salaried,129997.0,26148.0,43297.0,49659.0,22,80,66.2,0,Repaid,1.0,Low,Normal
CUST-13005,TXN-200005,2026-02-07,Services,Kigali,Transport,Salaried,137403.0,264796.0,84917.0,8428.0,30,12,90.3,0,Repaid,5.7,Low,Loan-to-income mismatch
CUST-10300,TXN-200006,2026-01-10,Services,Kano,Transport,Informal,204286.0,275163.0,77782.0,28821.0,25,38,78.2,1,Defaulted,8.8,Low,Normal
CUST-12440,TXN-200007,2025-12-04,SME,Kano,Food,Self-employed,114969.0,145689.0,29312.0,324581.0,22,52,71.3,0,Repaid,4.6,Low,Unusually high amount
CUST-10705,TXN-200008,2025-10-12,Agriculture,Lagos,Transport,Salaried,136978.0,197818.0,5408.0,32288.0,28,23,70.1,0,Repaid,4.4,Low,Normal
CUST-10329,TXN-200009,2026-01-04,Services,Kumasi,Health,Salaried,168996.0,224161.0,100795.0,32487.0,32,82,68.4,0,Repaid,8.2,Low,Normal
CUST-11842,TXN-200010,2025-01-18,SME,Abuja,Transport,Contract,247284.0,222255.0,55913.0,64577.0,35,58,83.7,0,Repaid,1.4,Low,Normal
CUST-13414,TXN-200011,2025-01-30,Agriculture,Abuja,Fintech Agent,Salaried,126256.0,101630.0,58584.0,41652.0,22,50,74.5,0,Repaid,2.5,Low,Normal
CUST-12575,TXN-200012,2026-03-25,Retail,Lagos,Shop,Self-employed,75072.0,82726.0,34336.0,33705.0,24,15,58.9,0,Repaid,8.4,Low,Normal
CUST-12663,TXN-200013,2025-02-17,Agriculture,Nairobi,Transport,Salaried,72768.0,157666.0,13094.0,87960.0,28,8,58.0,0,Repaid,8.4,Low,Loan-to-income mismatch
CUST-12511,TXN-200014,2025-12-02,Retail,Abuja,Food,Salaried,95899.0,46082.0,5771.0,45172.0,18,17,77.5,0,Repaid,1.4,Low,Normal
CUST-12751,TXN-200015,2025-06-12,Retail,Kigali,Education,Self-employed,93758.0,84474.0,24616.0,41279.0,29,4,79.7,0,Repaid,1.0,Low,Normal
CUST-11796,TXN-200016,2026-01-21,SME,Abuja,Fintech Agent,Salaried,152522.0,92567.0,33523.0,35202.0,25,52,66.4,0,Repaid,2.3,Low,Normal
CUST-10448,TXN-200017,2025-09-01,Retail,Lagos,Education,Self-employed,98782.0,111450.0,45554.0,45623.0,37,82,51.6,1,Defaulted,10.8,Low,Normal
CUST-12939,TXN-200018,2025-06-06,Retail,Kigali,Education,Salaried,121157.0,57715.0,64996.0,139319.0,29,73,94.5,0,Repaid,1.2,Low,Normal
CUST-11576,TXN-200019,2026-01-02,SME,Abuja,Shop,Contract,117581.0,219755.0,18829.0,65198.0,32,23,90.7,0,Repaid,3.5,Low,Loan-to-income mismatch
CUST-11751,TXN-200020,2026-05-21,Retail,Nairobi,Shop,Self-employed,135264.0,55417.0,47719.0,72273.0,26,20,36.2,0,Repaid,6.4,Low,High-risk repayment pattern
CUST-11297,TXN-200021,2026-02-08,Services,Lagos,Health,Salaried,283637.0,469953.0,12929.0,72137.0,21,51,96.1,0,Repaid,1.8,Low,Loan-to-income mismatch
CUST-10638,TXN-200022,2025-04-28,Services,Abuja,Education,Self-employed,214919.0,166415.0,33308.0,21777.0,35,75,68.2,0,Repaid,4.2,Low,Normal
CUST-13243,TXN-200023,2026-04-02,Agriculture,Kano,Food,Self-employed,163861.0,201264.0,81916.0,20793.0,21,75,75.4,0,Repaid,6.5,Low,Normal
CUST-12735,TXN-200024,2026-05-31,Market Trader,Nairobi,Education,Salaried,134104.0,83677.0,69713.0,60198.0,28,51,92.5,0,Repaid,1.0,Low,Normal
CUST-12253,TXN-200025,2025-05-20,SME,Lagos,Fintech Agent,Salaried,135678.0,244369.0,69078.0,33288.0,27,25,100.0,0,Repaid,7.0,Low,Loan-to-income mismatch
CUST-11408,TXN-200026,2025-12-02,Retail,Kumasi,Food,Self-employed,186774.0,426811.0,20490.0,84961.0,17,47,90.1,0,Repaid,7.5,Low,Loan-to-income mismatch
CUST-12879,TXN-200027,2026-01-21,SME,Nairobi,Education,Salaried,208012.0,139841.0,76372.0,24299.0,37,71,76.3,0,Repaid,1.4,Low,Normal
CUST-11909,TXN-200028,2025-11-18,Retail,Lagos,Education,Contract,111168.0,255242.0,31828.0,80011.0,22,84,47.2,0,Repaid,39.2,Medium,Loan-to-income mismatch
CUST-11551,TXN-200029,2026-05-29,Market Trader,Accra,Health,Salaried,165268.0,149090.0,106538.0,43109.0,23,9,35.5,0,Repaid,22.9,Low,High-risk repayment pattern
CUST-11576,TXN-200030,2025-05-11,Retail,Kigali,Transport,Salaried,69336.0,98348.0,29958.0,13432.0,33,74,87.8,0,Repaid,3.4,Low,Normal
CUST-10795,TXN-200031,2025-04-18,Services,Accra,Shop,Salaried,177890.0,309089.0,108367.0,56851.0,31,72,96.2,0,Repaid,5.6,Low,Loan-to-income mismatch
CUST-10322,TXN-200032,2026-04-03,Retail,Nairobi,Fintech Agent,Salaried,224157.0,139510.0,25009.0,46050.0,22,22,57.3,0,Repaid,2.9,Low,Normal
CUST-11941,TXN-200033,2025-02-05,Market Trader,Nairobi,Food,Salaried,144693.0,168911.0,43994.0,70639.0,35,8,67.1,0,Repaid,6.0,Low,Normal
CUST-13107,TXN-200034,2025-01-17,Retail,Kano,Education,Self-employed,349040.0,115385.0,176654.0,39683.0,46,31,62.0,0,Repaid,3.5,Low,Normal
CUST-10223,TXN-200035,2026-04-08,SME,Kumasi,Food,Salaried,112407.0,194179.0,28299.0,112107.0,28,28,61.5,0,Repaid,14.8,Low,Loan-to-income mismatch
CUST-13004,TXN-200036,2026-03-14,Services,Kigali,Transport,Self-employed,178318.0,197021.0,74623.0,69514.0,18,12,91.3,0,Repaid,1.1,Low,Normal
CUST-12896,TXN-200037,2025-03-11,Retail,Kano,Transport,Salaried,160324.0,346212.0,54891.0,146291.0,33,26,75.9,0,Repaid,10.0,Low,Loan-to-income mismatch
CUST-10968,TXN-200038,2026-03-03,Retail,Lagos,Health,Unemployed,156041.0,123001.0,100633.0,31076.0,16,20,67.9,0,Repaid,14.2,Low,Normal
CUST-12210,TXN-200039,2026-01-07,Retail,Nairobi,Education,Self-employed,155125.0,345990.0,20095.0,65344.0,34,85,100.0,0,Repaid,3.8,Low,Loan-to-income mismatch
CUST-10578,TXN-200040,2026-04-13,SME,Kano,Education,Contract,170243.0,83948.0,103724.0,19327.0,27,10,46.2,0,Repaid,6.7,Low,Normal
CUST-12653,TXN-200041,2025-07-19,SME,Kumasi,Health,Self-employed,232383.0,354957.0,63438.0,5871.0,33,52,81.9,0,Repaid,3.2,Low,Normal
CUST-12451,TXN-200042,2025-06-17,Agriculture,Abuja,Transport,Salaried,290294.0,250621.0,91395.0,52050.0,30,32,53.1,0,Repaid,7.0,Low,Normal
CUST-11240,TXN-200043,2025-07-03,Agriculture,Abuja,Food,Self-employed,162601.0,94887.0,57401.0,69927.0,23,81,69.2,0,Repaid,2.4,Low,Normal
CUST-10237,TXN-200044,2025-12-05,Retail,Nairobi,Education,Self-employed,229219.0,89061.0,42905.0,17884.0,27,46,74.7,0,Repaid,1.6,Low,Normal
CUST-13397,TXN-200045,2026-05-01,Services,Lagos,Health,Self-employed,121207.0,198237.0,76009.0,23415.0,23,56,87.2,0,Repaid,6.9,Low,Loan-to-income mismatch
CUST-11559,TXN-200046,2026-05-01,Agriculture,Accra,Shop,Informal,224516.0,156630.0,133416.0,69787.0,32,39,67.3,0,Repaid,5.5,Low,Normal
CUST-13125,TXN-200047,2025-07-01,SME,Nairobi,Transport,Salaried,118180.0,171556.0,74800.0,32116.0,26,77,65.4,0,Repaid,19.6,Low,Normal
CUST-12372,TXN-200048,2025-02-04,Market Trader,Accra,Transport,Salaried,257320.0,605811.0,166759.0,19306.0,23,64,67.0,0,Repaid,16.5,Low,Loan-to-income mismatch
CUST-12724,TXN-200049,2025-07-30,Agriculture,Abuja,Transport,Contract,411873.0,363039.0,182037.0,85964.0,32,53,52.6,1,Defaulted,15.0,Low,Normal
CUST-12659,TXN-200050,2025-08-19,SME,Kumasi,Fintech Agent,Salaried,154620.0,39826.0,47091.0,156234.0,20,39,83.4,0,Repaid,1.0,Low,Unusually high amount
CUST-10681,TXN-200051,2025-01-09,Market Trader,Lagos,Transport,Contract,65000.0,32309.0,36138.0,39004.0,29,44,77.1,0,Repaid,2.0,Low,Normal
CUST-11273,TXN-200052,2026-05-20,Retail,Kumasi,Health,Contract,129290.0,57520.0,4525.0,43047.0,31,25,79.8,0,Repaid,1.0,Low,Normal
CUST-11633,TXN-200053,2025-04-05,SME,Kano,Health,Informal,273044.0,329971.0,148993.0,159326.0,39,63,70.7,1,Defaulted,22.7,Low,Unusually high amount
CUST-11742,TXN-200054,2025-10-26,SME,Accra,Health,Salaried,205313.0,376364.0,68429.0,116279.0,29,29,68.5,1,Defaulted,7.3,Low,Loan-to-income mismatch
CUST-10153,TXN-200055,2025-07-06,Retail,Kigali,Shop,Salaried,180691.0,151438.0,80250.0,117696.0,35,28,93.2,0,Repaid,1.0,Low,Normal
CUST-11912,TXN-200056,2026-01-04,Services,Kigali,Shop,Self-employed,248610.0,125242.0,63557.0,22170.0,21,45,90.4,0,Repaid,1.0,Low,Normal
CUST-10540,TXN-200057,2025-12-10,Retail,Nairobi,Shop,Salaried,199480.0,319667.0,50315.0,30829.0,23,88,97.5,0,Repaid,4.7,Low,Loan-to-income mismatch
CUST-12601,TXN-200058,2026-04-16,Market Trader,Accra,Fintech Agent,Informal,271426.0,230338.0,10852.0,6553.0,27,43,78.7,0,Repaid,6.7,Low,Normal
CUST-12390,TXN-200059,2025-02-02,Market Trader,Nairobi,Shop,Self-employed,239464.0,348870.0,68723.0,7751.0,15,87,96.3,0,Repaid,2.3,Low,Normal
CUST-13228,TXN-200060,2025-05-25,SME,Lagos,Health,Self-employed,308388.0,694800.0,85505.0,14245.0,21,51,64.5,1,Defaulted,15.8,Low,Loan-to-income mismatch
CUST-12606,TXN-200061,2025-06-30,Retail,Abuja,Food,Salaried,189225.0,156449.0,30582.0,31443.0,32,8,68.4,0,Repaid,3.3,Low,Normal
CUST-11283,TXN-200062,2026-04-09,SME,Accra,Fintech Agent,Self-employed,238044.0,313678.0,41851.0,28267.0,13,56,93.5,0,Repaid,2.1,Low,Normal
CUST-13386,TXN-200063,2025-07-08,Market Trader,Nairobi,Food,Salaried,143058.0,281985.0,55508.0,38463.0,22,88,87.2,0,Repaid,7.2,Low,Loan-to-income mismatch
CUST-11437,TXN-200064,2025-09-21,Retail,Kano,Food,Self-employed,126423.0,216893.0,27838.0,24586.0,24,84,66.8,0,Repaid,8.2,Low,Loan-to-income mismatch
CUST-11140,TXN-200065,2026-02-13,Retail,Kano,Food,Salaried,333315.0,616060.0,181010.0,93172.0,26,19,53.2,0,Repaid,24.1,Low,Loan-to-income mismatch
CUST-13169,TXN-200066,2026-04-19,Market Trader,Kigali,Health,Self-employed,178226.0,337757.0,16071.0,16442.0,31,27,68.3,0,Repaid,10.4,Low,Loan-to-income mismatch
CUST-11296,TXN-200067,2025-05-22,Market Trader,Kigali,Health,Informal,228216.0,314622.0,87616.0,5972.0,27,66,59.7,0,Repaid,30.3,Low,Normal
CUST-10267,TXN-200068,2025-12-08,Retail,Lagos,Fintech Agent,Salaried,171437.0,234879.0,20714.0,12815.0,18,43,100.0,0,Repaid,1.3,Low,Normal
CUST-11643,TXN-200069,2026-04-06,Market Trader,Accra,Food,Salaried,127219.0,225933.0,44882.0,73239.0,24,79,85.7,0,Repaid,4.5,Low,Loan-to-income mismatch
CUST-12784,TXN-200070,2025-05-19,Market Trader,Kumasi,Fintech Agent,Self-employed,163507.0,282667.0,60188.0,16573.0,40,50,58.2,0,Repaid,12.7,Low,Loan-to-income mismatch
CUST-10663,TXN-200071,2026-05-03,Services,Kumasi,Shop,Contract,297485.0,496065.0,126326.0,54378.0,20,24,53.2,0,Repaid,14.1,Low,Loan-to-income mismatch
CUST-11620,TXN-200072,2025-07-23,Agriculture,Kigali,Education,Salaried,205500.0,211324.0,59447.0,37864.0,26,33,58.0,0,Repaid,7.5,Low,Normal
CUST-10454,TXN-200073,2025-04-25,Retail,Kigali,Education,Salaried,79315.0,160166.0,27044.0,77642.0,30,12,61.9,0,Repaid,11.1,Low,Loan-to-income mismatch
CUST-12402,TXN-200074,2026-02-15,Market Trader,Abuja,Shop,Contract,148687.0,104731.0,19924.0,85459.0,24,28,69.0,0,Repaid,3.5,Low,Normal
CUST-11664,TXN-200075,2025-07-14,Retail,Kigali,Transport,Self-employed,344057.0,180879.0,107242.0,46826.0,31,73,92.1,0,Repaid,1.0,Low,Normal
CUST-11155,TXN-200076,2025-08-03,Market Trader,Kano,Fintech Agent,Self-employed,148777.0,140782.0,37939.0,40874.0,27,22,54.6,0,Repaid,8.2,Low,Normal
CUST-10794,TXN-200077,2026-01-14,Market Trader,Lagos,Shop,Salaried,76405.0,56808.0,33592.0,3760.0,24,43,100.0,0,Repaid,2.8,Low,Normal
CUST-11975,TXN-200078,2025-04-25,Services,Kano,Education,Self-employed,360440.0,595542.0,105947.0,35709.0,26,18,55.0,0,Repaid,17.4,Low,Loan-to-income mismatch
CUST-12344,TXN-200079,2025-05-19,Market Trader,Abuja,Health,Salaried,216773.0,150193.0,110768.0,23742.0,24,47,46.6,1,Defaulted,8.4,Low,Normal
CUST-13291,TXN-200080,2026-01-05,Agriculture,Kigali,Fintech Agent,Self-employed,158039.0,258774.0,45575.0,49985.0,24,92,100.0,0,Repaid,4.2,Low,Loan-to-income mismatch
CUST-11530,TXN-200081,2026-03-03,SME,Kumasi,Transport,Contract,139247.0,183716.0,23468.0,87813.0,21,73,95.8,0,Repaid,1.7,Low,Normal
CUST-10562,TXN-200082,2025-04-03,Market Trader,Kano,Education,Self-employed,256424.0,132940.0,49342.0,12168.0,29,73,68.7,0,Repaid,2.1,Low,Normal
CUST-12914,TXN-200083,2026-05-18,Retail,Lagos,Health,Salaried,129621.0,97688.0,6290.0,35212.0,24,25,78.9,0,Repaid,1.2,Low,Normal
CUST-12204,TXN-200084,2025-01-26,Retail,Kano,Fintech Agent,Salaried,263621.0,352786.0,94943.0,89399.0,30,30,79.3,0,Repaid,3.4,Low,Normal
CUST-12450,TXN-200085,2025-11-22,Agriculture,Kano,Education,Contract,204377.0,369410.0,111070.0,54655.0,41,11,74.5,0,Repaid,11.3,Low,Loan-to-income mismatch
CUST-10340,TXN-200086,2025-08-05,Services,Accra,Transport,Informal,180370.0,191935.0,91004.0,43546.0,34,88,48.7,0,Repaid,22.1,Low,Normal
CUST-11093,TXN-200087,2025-03-25,Market Trader,Abuja,Fintech Agent,Unemployed,173012.0,120570.0,51178.0,47795.0,19,92,27.3,0,Repaid,25.7,Low,High-risk repayment pattern
CUST-12687,TXN-200088,2026-02-08,Market Trader,Accra,Fintech Agent,Contract,151223.0,126282.0,21709.0,3125.0,30,33,56.8,0,Repaid,4.1,Low,Normal
CUST-12912,TXN-200089,2025-01-01,Market Trader,Accra,Food,Self-employed,252501.0,98768.0,142409.0,34058.0,18,67,100.0,0,Repaid,1.0,Low,Normal
CUST-11523,TXN-200090,2025-05-25,Market Trader,Nairobi,Food,Informal,113160.0,26687.0,6311.0,20490.0,25,21,100.0,0,Repaid,1.4,Low,Normal
CUST-12816,TXN-200091,2025-07-31,Services,Kumasi,Education,Self-employed,82355.0,192739.0,22360.0,85135.0,31,63,67.3,0,Repaid,14.4,Low,Loan-to-income mismatch
CUST-12945,TXN-200092,2025-12-24,Retail,Nairobi,Health,Informal,210674.0,83012.0,117907.0,138548.0,32,10,54.8,0,Repaid,10.0,Low,Normal
CUST-11356,TXN-200093,2025-04-28,Market Trader,Abuja,Education,Self-employed,212165.0,97012.0,56797.0,20767.0,27,33,77.0,0,Repaid,2.2,Low,Normal
CUST-13143,TXN-200094,2025-01-28,SME,Lagos,Health,Self-employed,199128.0,420865.0,18770.0,148910.0,32,38,79.9,1,Defaulted,10.1,Low,Loan-to-income mismatch
CUST-11009,TXN-200095,2026-02-04,Market Trader,Accra,Health,Salaried,193155.0,319282.0,36226.0,52286.0,21,95,82.8,0,Repaid,4.5,Low,Loan-to-income mismatch
CUST-10838,TXN-200096,2025-02-12,Retail,Kigali,Transport,Self-employed,142255.0,163320.0,56620.0,3811.0,21,45,26.5,0,Repaid,10.4,Low,High-risk repayment pattern
CUST-12388,TXN-200097,2025-08-31,Market Trader,Kano,Transport,Salaried,226555.0,367208.0,26231.0,77762.0,29,22,100.0,0,Repaid,2.0,Low,Loan-to-income mismatch
CUST-12228,TXN-200098,2025-12-11,SME,Nairobi,Fintech Agent,Self-employed,159670.0,360162.0,69075.0,106308.0,33,6,92.4,0,Repaid,17.5,Low,Loan-to-income mismatch
CUST-10489,TXN-200099,2025-11-23,Services,Kigali,Education,Self-employed,132642.0,53139.0,39268.0,34182.0,31,18,68.4,0,Repaid,1.7,Low,Normal
CUST-12914,TXN-200100,2025-02-24,Services,Lagos,Transport,Informal,142772.0,102944.0,32933.0,52308.0,28,24,59.1,0,Repaid,8.5,Low,Normal
CUST-10699,TXN-200101,2025-11-09,SME,Lagos,Education,Informal,380282.0,794739.0,65326.0,90846.0,22,31,89.8,0,Repaid,15.0,Low,Loan-to-income mismatch
CUST-12817,TXN-200102,2025-01-07,Agriculture,Kumasi,Transport,Salaried,78536.0,150241.0,42307.0,84811.0,27,14,80.9,0,Repaid,10.8,Low,Loan-to-income mismatch
CUST-10025,TXN-200103,2025-01-19,SME,Nairobi,Shop,Contract,200769.0,479286.0,54188.0,138399.0,25,71,73.7,0,Repaid,12.3,Low,Loan-to-income mismatch
CUST-12788,TXN-200104,2025-05-02,Market Trader,Kumasi,Food,Self-employed,80400.0,70501.0,39013.0,25232.0,19,38,80.3,0,Repaid,3.5,Low,Normal
CUST-12754,TXN-200105,2026-01-01,Retail,Kigali,Shop,Salaried,155522.0,354224.0,46256.0,22054.0,17,24,70.0,1,Defaulted,17.7,Low,Loan-to-income mismatch
CUST-12731,TXN-200106,2025-04-20,Market Trader,Lagos,Fintech Agent,Informal,135656.0,127922.0,10564.0,20458.0,28,51,79.2,0,Repaid,2.6,Low,Normal
CUST-12326,TXN-200107,2026-03-03,Market Trader,Accra,Fintech Agent,Salaried,67798.0,119833.0,20171.0,18508.0,29,31,85.1,0,Repaid,2.1,Low,Loan-to-income mismatch
CUST-11650,TXN-200108,2025-03-13,Services,Kumasi,Transport,Contract,191644.0,410059.0,65129.0,26075.0,19,66,78.2,0,Repaid,9.0,Low,Loan-to-income mismatch
CUST-12468,TXN-200109,2025-09-01,SME,Kumasi,Education,Salaried,138744.0,77577.0,42794.0,43261.0,23,51,77.2,0,Repaid,1.1,Low,Normal
CUST-10969,TXN-200110,2025-09-06,Services,Lagos,Food,Informal,67395.0,42898.0,36005.0,17293.0,31,89,97.1,0,Repaid,3.3,Low,Normal
CUST-12732,TXN-200111,2025-10-28,Retail,Lagos,Education,Contract,231566.0,340339.0,137512.0,35371.0,33,63,43.3,0,Repaid,16.8,Low,Normal
CUST-11944,TXN-200112,2025-07-16,Retail,Kigali,Education,Self-employed,297361.0,610569.0,153340.0,90233.0,30,36,57.6,0,Repaid,24.4,Low,Loan-to-income mismatch
CUST-11606,TXN-200113,2025-03-16,Services,Kano,Health,Salaried,304325.0,108117.0,117820.0,35574.0,32,16,72.5,0,Repaid,2.0,Low,Normal
CUST-11769,TXN-200114,2026-01-11,Market Trader,Abuja,Health,Salaried,189238.0,391525.0,68336.0,12179.0,22,11,58.9,0,Repaid,13.3,Low,Loan-to-income mismatch
CUST-11990,TXN-200115,2025-12-06,SME,Abuja,Shop,Salaried,165934.0,156265.0,70706.0,34519.0,38,63,64.9,0,Repaid,4.0,Low,Normal
CUST-10130,TXN-200116,2025-12-05,Retail,Abuja,Fintech Agent,Contract,284312.0,307575.0,57241.0,116087.0,22,5,95.2,0,Repaid,1.2,Low,Normal
CUST-10489,TXN-200117,2026-04-30,Services,Kumasi,Transport,Self-employed,329919.0,308307.0,175340.0,74772.0,19,37,69.3,0,Repaid,6.0,Low,Normal
CUST-10859,TXN-200118,2026-04-03,Retail,Accra,Education,Salaried,262000.0,577313.0,146671.0,20307.0,34,3,39.1,1,Defaulted,37.9,Medium,Loan-to-income mismatch
CUST-10400,TXN-200119,2026-01-03,Services,Kigali,Education,Self-employed,109596.0,51550.0,20642.0,85365.0,25,34,64.4,0,Repaid,3.3,Low,Normal
CUST-11538,TXN-200120,2025-08-13,Retail,Accra,Education,Salaried,177117.0,257686.0,104282.0,67113.0,29,85,73.0,0,Repaid,11.7,Low,Normal
CUST-12339,TXN-200121,2025-01-08,Retail,Lagos,Health,Self-employed,195751.0,99598.0,108583.0,109668.0,31,9,72.7,0,Repaid,2.2,Low,Normal
CUST-12290,TXN-200122,2025-04-23,Agriculture,Accra,Shop,Salaried,76112.0,170604.0,21877.0,8464.0,25,93,82.0,0,Repaid,8.4,Low,Loan-to-income mismatch
CUST-11648,TXN-200123,2025-06-09,Market Trader,Accra,Education,Contract,198220.0,386808.0,117479.0,22261.0,19,93,80.5,0,Repaid,7.7,Low,Loan-to-income mismatch
CUST-12992,TXN-200124,2025-06-02,Retail,Kano,Food,Contract,422801.0,295571.0,40537.0,69994.0,27,83,69.5,0,Repaid,2.7,Low,Normal
CUST-11978,TXN-200125,2026-05-08,SME,Nairobi,Food,Salaried,212942.0,179099.0,8013.0,74869.0,29,67,50.5,0,Repaid,4.3,Low,Normal
CUST-10277,TXN-200126,2025-02-02,Retail,Kigali,Shop,Salaried,302197.0,310345.0,72272.0,103523.0,34,18,64.1,0,Repaid,3.3,Low,Normal
CUST-12677,TXN-200127,2025-12-11,Market Trader,Accra,Education,Self-employed,175751.0,189816.0,66122.0,67044.0,27,11,60.8,0,Repaid,8.0,Low,Normal
CUST-12011,TXN-200128,2025-09-08,Retail,Nairobi,Transport,Informal,157826.0,314784.0,38101.0,8987.0,29,88,66.9,0,Repaid,33.2,Low,Loan-to-income mismatch
CUST-12221,TXN-200129,2025-06-17,SME,Accra,Health,Salaried,191020.0,273782.0,117191.0,82533.0,24,36,84.4,0,Repaid,3.6,Low,Normal
CUST-11978,TXN-200130,2026-01-14,Retail,Nairobi,Food,Salaried,115538.0,130563.0,20851.0,81618.0,28,44,79.3,0,Repaid,3.1,Low,Normal
CUST-11937,TXN-200131,2025-11-06,Agriculture,Accra,Food,Self-employed,108577.0,192959.0,21408.0,14907.0,30,9,86.8,0,Repaid,5.8,Low,Loan-to-income mismatch
CUST-10316,TXN-200132,2026-03-12,Agriculture,Abuja,Education,Salaried,277021.0,331445.0,116333.0,38692.0,26,7,65.1,0,Repaid,11.0,Low,Normal
CUST-11957,TXN-200133,2025-03-26,Market Trader,Kumasi,Education,Salaried,289637.0,134592.0,6498.0,16663.0,41,52,99.2,0,Repaid,1.0,Low,Normal
CUST-12782,TXN-200134,2025-05-20,SME,Kano,Health,Self-employed,107338.0,44934.0,51346.0,72196.0,24,40,84.1,0,Repaid,1.3,Low,Normal
CUST-11063,TXN-200135,2026-04-23,SME,Lagos,Shop,Salaried,244400.0,220846.0,63008.0,48101.0,44,67,74.0,0,Repaid,3.4,Low,Normal
CUST-12109,TXN-200136,2026-03-26,SME,Nairobi,Health,Self-employed,156918.0,238260.0,99797.0,56808.0,25,80,82.9,0,Repaid,9.5,Low,Normal
CUST-10107,TXN-200137,2025-07-21,Market Trader,Accra,Transport,Informal,187722.0,89984.0,85525.0,70001.0,22,7,59.8,0,Repaid,9.0,Low,Normal
CUST-11216,TXN-200138,2025-07-28,SME,Kumasi,Transport,Informal,197460.0,276700.0,10445.0,40063.0,16,93,34.0,0,Repaid,32.1,Low,High-risk repayment pattern
CUST-11528,TXN-200139,2025-04-10,Retail,Accra,Health,Self-employed,247119.0,192390.0,19363.0,32166.0,31,88,61.1,0,Repaid,2.4,Low,Normal
CUST-13439,TXN-200140,2025-02-11,Market Trader,Kigali,Shop,Salaried,168509.0,290479.0,12730.0,29024.0,30,55,85.5,0,Repaid,3.6,Low,Loan-to-income mismatch
CUST-10751,TXN-200141,2025-02-08,Retail,Abuja,Food,Self-employed,294274.0,71433.0,182495.0,48697.0,21,37,73.4,0,Repaid,1.7,Low,Normal
CUST-10967,TXN-200142,2025-01-04,Services,Lagos,Education,Salaried,185341.0,226344.0,83580.0,25293.0,27,17,69.5,0,Repaid,7.1,Low,Normal
CUST-11429,TXN-200143,2025-01-19,Market Trader,Accra,Health,Self-employed,211537.0,62621.0,61217.0,19182.0,19,24,56.7,0,Repaid,2.8,Low,Normal
CUST-13474,TXN-200144,2025-07-13,SME,Kigali,Fintech Agent,Salaried,114695.0,104800.0,16780.0,97933.0,19,67,36.8,0,Repaid,6.6,Low,High-risk repayment pattern
CUST-12986,TXN-200145,2025-11-29,Market Trader,Accra,Health,Salaried,402978.0,86470.0,229856.0,27448.0,24,14,97.6,0,Repaid,1.0,Low,Normal
CUST-10121,TXN-200146,2025-11-29,Retail,Kano,Transport,Salaried,198258.0,242152.0,29140.0,37918.0,25,92,68.3,0,Repaid,4.0,Low,Normal
CUST-10818,TXN-200147,2025-12-18,Retail,Kumasi,Food,Salaried,219577.0,413414.0,102149.0,62738.0,32,15,64.3,0,Repaid,13.4,Low,Loan-to-income mismatch
CUST-12875,TXN-200148,2025-11-29,Retail,Kano,Shop,Self-employed,82831.0,33339.0,41490.0,26831.0,24,72,59.9,0,Repaid,4.0,Low,Normal
CUST-10204,TXN-200149,2025-12-06,SME,Accra,Health,Unemployed,115205.0,208774.0,23690.0,19020.0,19,81,94.6,0,Repaid,12.6,Low,Loan-to-income mismatch
CUST-12994,TXN-200150,2025-07-18,SME,Kigali,Shop,Self-employed,273734.0,404281.0,92548.0,135015.0,23,29,87.9,0,Repaid,4.1,Low,Normal
CUST-10984,TXN-200151,2025-06-12,Retail,Kano,Shop,Salaried,183596.0,238716.0,29464.0,53726.0,30,47,54.6,0,Repaid,14.1,Low,Normal
CUST-13211,TXN-200152,2025-08-08,Market Trader,Accra,Fintech Agent,Self-employed,72854.0,110072.0,18849.0,35009.0,21,56,93.0,0,Repaid,1.5,Low,Normal
CUST-11027,TXN-200153,2026-02-13,Market Trader,Nairobi,Shop,Self-employed,251722.0,233017.0,158090.0,37375.0,18,77,69.4,0,Repaid,6.6,Low,Normal
CUST-11520,TXN-200154,2025-10-07,SME,Kumasi,Transport,Informal,129523.0,227566.0,59150.0,152815.0,27,6,61.0,0,Repaid,21.6,Low,Loan-to-income mismatch
CUST-12316,TXN-200155,2026-03-10,Market Trader,Kano,Food,Contract,294417.0,562589.0,162921.0,54299.0,37,23,66.7,1,Defaulted,14.5,Low,Loan-to-income mismatch
CUST-10441,TXN-200156,2025-06-20,Services,Accra,Shop,Salaried,156860.0,299235.0,56560.0,2796.0,24,16,57.9,0,Repaid,16.1,Low,Loan-to-income mismatch
CUST-11949,TXN-200157,2025-11-08,Market Trader,Accra,Education,Self-employed,177367.0,138027.0,30258.0,34543.0,19,31,48.2,0,Repaid,5.0,Low,Normal
CUST-11767,TXN-200158,2025-11-29,Market Trader,Kano,Transport,Salaried,267042.0,435725.0,125273.0,37481.0,26,65,86.0,0,Repaid,3.8,Low,Loan-to-income mismatch
CUST-12743,TXN-200159,2025-11-14,SME,Kano,Transport,Self-employed,111642.0,56800.0,37440.0,56629.0,34,40,68.0,0,Repaid,1.3,Low,Normal
CUST-13486,TXN-200160,2025-02-24,Agriculture,Lagos,Education,Unemployed,107259.0,137273.0,14095.0,6446.0,36,48,83.1,0,Repaid,3.4,Low,Normal
CUST-12325,TXN-200161,2025-04-10,Market Trader,Accra,Transport,Informal,149862.0,27850.0,41936.0,14190.0,32,44,77.2,0,Repaid,2.4,Low,Normal
CUST-11432,TXN-200162,2025-11-17,Retail,Kano,Transport,Salaried,230363.0,140467.0,96741.0,9630.0,24,2,81.9,0,Repaid,1.8,Low,Normal
CUST-11422,TXN-200163,2026-03-19,Retail,Nairobi,Fintech Agent,Contract,93063.0,147268.0,44974.0,121725.0,22,11,35.2,0,Repaid,28.5,Low,Loan-to-income mismatch
CUST-11462,TXN-200164,2025-09-07,Market Trader,Kumasi,Education,Salaried,80775.0,171330.0,13993.0,35574.0,22,23,56.4,0,Repaid,25.0,Low,Loan-to-income mismatch
CUST-12849,TXN-200165,2025-02-13,Agriculture,Kumasi,Fintech Agent,Salaried,230029.0,66442.0,131549.0,39736.0,33,6,82.2,0,Repaid,1.8,Low,Normal
CUST-11124,TXN-200166,2026-03-25,SME,Abuja,Food,Informal,126342.0,179404.0,32737.0,49311.0,21,79,49.1,0,Repaid,32.2,Low,Normal
CUST-10584,TXN-200167,2026-02-19,Market Trader,Lagos,Fintech Agent,Informal,138035.0,219978.0,26339.0,9618.0,33,95,78.7,0,Repaid,8.4,Low,Loan-to-income mismatch
CUST-11170,TXN-200168,2026-02-23,Retail,Kano,Fintech Agent,Salaried,74618.0,167884.0,10665.0,20206.0,30,47,47.0,0,Repaid,34.1,Low,Loan-to-income mismatch
CUST-10079,TXN-200169,2025-08-05,SME,Accra,Shop,Contract,122373.0,200009.0,64445.0,30867.0,28,64,72.3,0,Repaid,10.1,Low,Loan-to-income mismatch
CUST-10371,TXN-200170,2025-12-02,SME,Accra,Shop,Salaried,162238.0,66312.0,39444.0,168618.0,30,7,100.0,0,Repaid,1.0,Low,Unusually high amount
CUST-10315,TXN-200171,2025-02-20,Agriculture,Lagos,Health,Self-employed,240568.0,121673.0,78074.0,31214.0,30,7,85.9,0,Repaid,1.8,Low,Normal
CUST-12700,TXN-200172,2025-01-14,SME,Abuja,Transport,Unemployed,117722.0,187342.0,18880.0,36450.0,24,58,38.7,0,Repaid,27.3,Low,Loan-to-income mismatch
CUST-12528,TXN-200173,2025-02-01,Retail,Nairobi,Health,Contract,326472.0,215039.0,147643.0,78814.0,29,74,87.3,0,Repaid,1.0,Low,Normal
CUST-12438,TXN-200174,2025-08-08,Agriculture,Kigali,Food,Self-employed,122087.0,273577.0,62515.0,27724.0,30,89,100.0,0,Repaid,12.2,Low,Loan-to-income mismatch
CUST-11616,TXN-200175,2026-05-26,Market Trader,Kigali,Transport,Self-employed,122162.0,271679.0,28566.0,12134.0,16,35,100.0,0,Repaid,5.8,Low,Loan-to-income mismatch
CUST-12509,TXN-200176,2025-01-29,SME,Accra,Transport,Contract,310423.0,709632.0,191034.0,27379.0,26,41,80.6,0,Repaid,10.8,Low,Loan-to-income mismatch
CUST-10564,TXN-200177,2025-10-21,Market Trader,Kumasi,Transport,Unemployed,177871.0,147696.0,6988.0,67152.0,28,76,47.4,0,Repaid,9.7,Low,Normal
CUST-13152,TXN-200178,2026-01-26,Agriculture,Kumasi,Education,Salaried,129075.0,228673.0,13392.0,23749.0,26,15,79.8,0,Repaid,7.8,Low,Loan-to-income mismatch
CUST-11753,TXN-200179,2025-08-18,Retail,Kano,Shop,Salaried,152488.0,251894.0,59613.0,49258.0,19,91,100.0,0,Repaid,2.0,Low,Loan-to-income mismatch
CUST-13283,TXN-200180,2025-01-27,Retail,Kano,Transport,Self-employed,287302.0,74423.0,132701.0,36279.0,26,29,68.6,0,Repaid,1.7,Low,Normal
CUST-10533,TXN-200181,2026-04-23,Retail,Lagos,Health,Self-employed,301283.0,231854.0,53607.0,66132.0,21,4,90.8,0,Repaid,1.1,Low,Normal
CUST-11740,TXN-200182,2026-04-09,Agriculture,Lagos,Transport,Salaried,115491.0,73801.0,42624.0,27995.0,38,76,56.9,0,Repaid,10.3,Low,Normal
CUST-12437,TXN-200183,2025-08-27,Agriculture,Kano,Education,Self-employed,159880.0,160391.0,35267.0,19375.0,31,92,78.7,0,Repaid,1.4,Low,Normal
CUST-11734,TXN-200184,2026-03-10,Retail,Kano,Transport,Salaried,169036.0,388069.0,62387.0,19432.0,38,47,27.2,0,Repaid,34.8,Low,Loan-to-income mismatch
CUST-11561,TXN-200185,2026-03-14,Retail,Accra,Shop,Unemployed,107557.0,221270.0,46828.0,70323.0,31,17,54.9,0,Repaid,36.5,Medium,Loan-to-income mismatch
CUST-10581,TXN-200186,2025-12-03,Retail,Kigali,Food,Salaried,158992.0,132186.0,100621.0,26449.0,38,16,71.9,0,Repaid,3.1,Low,Normal
CUST-11333,TXN-200187,2026-03-17,SME,Kigali,Transport,Contract,163119.0,221299.0,50092.0,65414.0,41,29,65.5,0,Repaid,6.6,Low,Normal
CUST-10835,TXN-200188,2025-12-27,SME,Abuja,Health,Unemployed,262732.0,159434.0,112548.0,119484.0,19,52,48.6,0,Repaid,10.7,Low,Normal
CUST-11055,TXN-200189,2026-01-23,SME,Accra,Health,Self-employed,270254.0,215096.0,103822.0,56740.0,25,60,63.0,0,Repaid,5.3,Low,Normal
CUST-12392,TXN-200190,2025-02-27,SME,Accra,Fintech Agent,Salaried,141738.0,45967.0,31191.0,73150.0,23,67,77.9,0,Repaid,1.2,Low,Normal
CUST-12205,TXN-200191,2025-02-19,Agriculture,Kigali,Education,Informal,148767.0,239007.0,26693.0,23046.0,21,69,70.4,0,Repaid,11.1,Low,Loan-to-income mismatch
CUST-12125,TXN-200192,2025-03-23,Market Trader,Kano,Shop,Self-employed,215131.0,352463.0,138191.0,27915.0,19,24,73.1,0,Repaid,8.9,Low,Loan-to-income mismatch
CUST-11266,TXN-200193,2026-05-08,Agriculture,Kano,Fintech Agent,Self-employed,127290.0,259859.0,19134.0,75363.0,21,18,85.2,0,Repaid,5.9,Low,Loan-to-income mismatch
CUST-13358,TXN-200194,2025-08-01,Market Trader,Nairobi,Fintech Agent,Salaried,208403.0,440740.0,107926.0,56208.0,24,91,65.8,1,Defaulted,25.4,Low,Loan-to-income mismatch
CUST-10306,TXN-200195,2025-11-20,SME,Lagos,Shop,Salaried,156855.0,83969.0,17623.0,48822.0,25,14,96.5,0,Repaid,1.0,Low,Normal
CUST-11199,TXN-200196,2025-10-24,SME,Lagos,Food,Self-employed,108321.0,198179.0,57057.0,57237.0,37,49,54.2,0,Repaid,23.5,Low,Loan-to-income mismatch
CUST-10413,TXN-200197,2025-07-30,Services,Kumasi,Fintech Agent,Contract,108894.0,52166.0,14919.0,29302.0,33,28,100.0,0,Repaid,1.0,Low,Normal
CUST-11186,TXN-200198,2026-01-02,Market Trader,Kano,Health,Unemployed,298870.0,301753.0,188081.0,51968.0,17,70,92.0,0,Repaid,6.8,Low,Normal
CUST-13366,TXN-200199,2026-01-31,SME,Abuja,Transport,Self-employed,152406.0,201860.0,68914.0,35591.0,32,32,65.6,0,Repaid,4.7,Low,Normal
CUST-11281,TXN-200200,2026-05-08,SME,Nairobi,Education,Salaried,324146.0,93945.0,24886.0,83633.0,31,11,66.8,0,Repaid,1.7,Low,Normal
CUST-13180,TXN-200201,2025-02-08,Services,Abuja,Transport,Self-employed,131173.0,69261.0,59907.0,92572.0,37,31,75.7,0,Repaid,3.1,Low,Normal
CUST-11732,TXN-200202,2025-07-04,Retail,Lagos,Fintech Agent,Salaried,183929.0,143810.0,73623.0,44509.0,39,11,82.8,0,Repaid,1.0,Low,Normal
CUST-12448,TXN-200203,2025-04-03,SME,Lagos,Fintech Agent,Salaried,444597.0,205912.0,103437.0,20887.0,16,18,91.7,0,Repaid,1.0,Low,Normal
CUST-11600,TXN-200204,2025-10-09,Retail,Kigali,Health,Salaried,104391.0,235265.0,19235.0,37241.0,19,46,47.9,1,Defaulted,25.1,Low,Loan-to-income mismatch
CUST-10930,TXN-200205,2025-12-16,Services,Accra,Transport,Salaried,73344.0,60147.0,34678.0,87764.0,33,93,79.9,0,Repaid,3.5,Low,Normal
CUST-12674,TXN-200206,2025-04-03,Agriculture,Lagos,Food,Salaried,279391.0,361141.0,136080.0,35385.0,30,21,33.9,1,Defaulted,15.7,Low,High-risk repayment pattern
CUST-13392,TXN-200207,2025-11-21,SME,Abuja,Education,Salaried,115006.0,275130.0,26007.0,25014.0,26,77,68.8,0,Repaid,14.1,Low,Loan-to-income mismatch
CUST-10922,TXN-200208,2025-01-27,Market Trader,Kano,Fintech Agent,Salaried,161346.0,232007.0,92294.0,30911.0,41,50,98.2,0,Repaid,3.3,Low,Normal
CUST-12725,TXN-200209,2025-09-28,SME,Kigali,Food,Informal,127251.0,139152.0,24096.0,127409.0,30,94,46.5,0,Repaid,21.9,Low,Normal
CUST-10913,TXN-200210,2026-05-19,SME,Accra,Education,Salaried,182158.0,408788.0,11661.0,35725.0,37,50,43.2,0,Repaid,27.8,Low,Loan-to-income mismatch
CUST-12509,TXN-200211,2025-12-15,Market Trader,Nairobi,Health,Informal,109182.0,73583.0,43445.0,80008.0,35,11,76.0,0,Repaid,7.5,Low,Normal
CUST-12761,TXN-200212,2026-02-08,Agriculture,Accra,Food,Informal,150908.0,87299.0,13198.0,29247.0,25,40,97.0,0,Repaid,2.3,Low,Normal
CUST-11572,TXN-200213,2026-05-06,Market Trader,Nairobi,Transport,Informal,196599.0,269047.0,38199.0,132290.0,27,9,77.9,0,Repaid,7.9,Low,Normal
CUST-12579,TXN-200214,2025-09-26,Retail,Lagos,Food,Salaried,106565.0,120270.0,36182.0,27821.0,23,22,37.7,0,Repaid,12.6,Low,High-risk repayment pattern
CUST-10952,TXN-200215,2025-03-09,SME,Kano,Food,Salaried,121293.0,236438.0,24308.0,29403.0,31,52,41.7,0,Repaid,27.0,Low,Loan-to-income mismatch
CUST-10277,TXN-200216,2025-10-29,Retail,Accra,Shop,Self-employed,140660.0,38437.0,21865.0,4122.0,30,86,73.8,0,Repaid,1.0,Low,Normal
CUST-10337,TXN-200217,2025-06-26,Agriculture,Lagos,Shop,Self-employed,89313.0,138556.0,41353.0,32734.0,21,59,50.8,1,Defaulted,11.9,Low,Loan-to-income mismatch
CUST-11564,TXN-200218,2026-05-09,Market Trader,Abuja,Health,Salaried,136288.0,239554.0,49692.0,28739.0,19,36,74.5,0,Repaid,4.9,Low,Loan-to-income mismatch
CUST-13159,TXN-200219,2025-06-01,SME,Kumasi,Fintech Agent,Salaried,171081.0,399928.0,93932.0,140685.0,38,61,75.5,0,Repaid,25.2,Low,Loan-to-income mismatch
CUST-10446,TXN-200220,2025-09-30,Retail,Kumasi,Health,Self-employed,137611.0,69300.0,53143.0,71503.0,29,24,63.2,0,Repaid,6.0,Low,Normal
CUST-11595,TXN-200221,2026-04-28,Agriculture,Lagos,Fintech Agent,Self-employed,145222.0,105527.0,47135.0,77671.0,16,10,100.0,0,Repaid,1.0,Low,Normal
CUST-12464,TXN-200222,2026-01-22,Agriculture,Abuja,Fintech Agent,Self-employed,161400.0,363154.0,29793.0,67010.0,20,70,82.6,0,Repaid,11.3,Low,Loan-to-income mismatch
CUST-10708,TXN-200223,2025-04-07,Agriculture,Accra,Health,Salaried,123573.0,195245.0,64135.0,33611.0,34,81,93.8,0,Repaid,6.4,Low,Loan-to-income mismatch
CUST-12525,TXN-200224,2026-03-26,Market Trader,Abuja,Shop,Self-employed,217564.0,57539.0,31335.0,263263.0,27,59,88.6,0,Repaid,1.0,Low,Unusually high amount
CUST-11070,TXN-200225,2025-07-09,SME,Lagos,Fintech Agent,Self-employed,297483.0,104626.0,51347.0,50906.0,26,48,69.3,0,Repaid,1.7,Low,Normal
CUST-12830,TXN-200226,2026-01-02,SME,Lagos,Food,Contract,133915.0,257609.0,73680.0,73018.0,17,45,68.5,0,Repaid,21.4,Low,Loan-to-income mismatch
CUST-12027,TXN-200227,2026-04-13,Retail,Accra,Education,Contract,199543.0,287301.0,97168.0,122499.0,26,36,66.6,0,Repaid,7.5,Low,Normal
CUST-11914,TXN-200228,2026-05-21,Retail,Kano,Fintech Agent,Self-employed,147173.0,211226.0,59768.0,73024.0,34,93,84.3,0,Repaid,4.1,Low,Normal
CUST-10618,TXN-200229,2025-12-12,Market Trader,Accra,Shop,Self-employed,189758.0,404811.0,8448.0,38172.0,19,49,60.3,1,Defaulted,22.1,Low,Loan-to-income mismatch
CUST-11621,TXN-200230,2026-01-17,Agriculture,Kumasi,Transport,Salaried,314150.0,224692.0,31469.0,50623.0,33,83,100.0,0,Repaid,1.0,Low,Normal
CUST-12998,TXN-200231,2025-01-17,Market Trader,Accra,Shop,Salaried,201519.0,108046.0,67503.0,21955.0,31,5,58.6,0,Repaid,2.6,Low,Normal
CUST-10068,TXN-200232,2026-05-06,Agriculture,Accra,Food,Self-employed,77278.0,119213.0,37881.0,26554.0,45,35,75.9,0,Repaid,6.5,Low,Normal
CUST-12654,TXN-200233,2026-05-11,SME,Nairobi,Health,Informal,196945.0,421261.0,61522.0,72862.0,25,22,67.9,0,Repaid,47.0,Medium,Loan-to-income mismatch
CUST-11724,TXN-200234,2025-04-21,Market Trader,Abuja,Food,Self-employed,273157.0,210019.0,8439.0,15608.0,35,12,63.9,0,Repaid,3.5,Low,Normal
CUST-12518,TXN-200235,2025-02-01,Retail,Abuja,Education,Self-employed,148291.0,250979.0,20181.0,24045.0,27,95,100.0,0,Repaid,3.2,Low,Loan-to-income mismatch
CUST-12321,TXN-200236,2026-05-04,Market Trader,Nairobi,Transport,Salaried,247253.0,128147.0,96657.0,7010.0,24,6,64.1,0,Repaid,3.3,Low,Normal
CUST-11512,TXN-200237,2025-09-27,Market Trader,Abuja,Transport,Self-employed,121802.0,68409.0,55707.0,34608.0,20,53,66.5,0,Repaid,1.9,Low,Normal
CUST-11080,TXN-200238,2025-04-02,Retail,Kigali,Education,Salaried,87210.0,190236.0,3581.0,44403.0,23,22,60.0,0,Repaid,18.2,Low,Loan-to-income mismatch
CUST-12195,TXN-200239,2025-05-05,Agriculture,Kano,Shop,Salaried,172696.0,76311.0,8168.0,68862.0,24,9,72.7,0,Repaid,1.1,Low,Normal
CUST-10490,TXN-200240,2025-12-08,Services,Lagos,Food,Self-employed,77830.0,18216.0,14369.0,18055.0,31,94,70.2,0,Repaid,1.2,Low,Normal
CUST-12044,TXN-200241,2025-11-23,Retail,Kumasi,Fintech Agent,Salaried,147163.0,279664.0,10685.0,31169.0,30,29,51.9,0,Repaid,13.7,Low,Loan-to-income mismatch
CUST-10331,TXN-200242,2025-11-12,Retail,Kano,Education,Salaried,279421.0,275166.0,100990.0,67393.0,25,35,64.4,0,Repaid,6.5,Low,Normal
CUST-12274,TXN-200243,2025-05-27,SME,Lagos,Shop,Salaried,72977.0,77398.0,7147.0,104216.0,19,19,83.0,0,Repaid,4.1,Low,Normal
CUST-12200,TXN-200244,2026-01-29,Services,Abuja,Food,Salaried,95093.0,185972.0,40736.0,62709.0,37,66,90.5,0,Repaid,4.8,Low,Loan-to-income mismatch
CUST-10295,TXN-200245,2026-02-26,Services,Kigali,Food,Salaried,105508.0,61137.0,53772.0,19271.0,37,88,72.4,0,Repaid,3.8,Low,Normal
CUST-12651,TXN-200246,2025-01-22,Services,Accra,Health,Contract,158483.0,257333.0,100070.0,8539.0,34,33,73.1,0,Repaid,9.1,Low,Duplicate customer details
CUST-11455,TXN-200247,2025-10-19,Market Trader,Abuja,Health,Salaried,139581.0,122278.0,86191.0,37493.0,29,77,65.5,0,Repaid,6.8,Low,Normal
CUST-12754,TXN-200248,2025-12-27,Services,Accra,Fintech Agent,Salaried,292915.0,120527.0,56304.0,33730.0,33,40,63.0,0,Repaid,2.3,Low,Normal
CUST-10145,TXN-200249,2025-06-11,Market Trader,Lagos,Education,Self-employed,243002.0,414620.0,9362.0,39311.0,38,53,55.4,0,Repaid,8.6,Low,Loan-to-income mismatch
CUST-10628,TXN-200250,2025-12-27,Retail,Kano,Transport,Salaried,200389.0,177832.0,45594.0,51324.0,45,77,44.0,0,Repaid,5.8,Low,Normal
CUST-11728,TXN-200251,2026-03-23,SME,Kumasi,Shop,Contract,173020.0,364010.0,80687.0,78927.0,21,91,59.4,0,Repaid,19.8,Low,Loan-to-income mismatch
CUST-10658,TXN-200252,2026-04-08,SME,Kigali,Shop,Informal,191982.0,426250.0,11073.0,79472.0,17,59,88.3,0,Repaid,17.8,Low,Loan-to-income mismatch
CUST-11154,TXN-200253,2026-02-06,Agriculture,Abuja,Education,Self-employed,113320.0,233994.0,27947.0,27175.0,35,37,64.4,0,Repaid,17.0,Low,Loan-to-income mismatch
CUST-12312,TXN-200254,2025-12-31,SME,Nairobi,Education,Self-employed,233288.0,208938.0,48468.0,48927.0,19,46,65.8,0,Repaid,10.0,Low,Normal
CUST-10505,TXN-200255,2025-09-12,Agriculture,Kano,Food,Contract,102022.0,71947.0,16139.0,24043.0,30,83,65.4,0,Repaid,3.3,Low,Normal
CUST-12371,TXN-200256,2025-02-19,Market Trader,Kigali,Health,Self-employed,231158.0,499768.0,107457.0,58898.0,20,35,94.4,0,Repaid,4.9,Low,Loan-to-income mismatch
CUST-10361,TXN-200257,2025-09-11,Market Trader,Lagos,Transport,Self-employed,267849.0,317546.0,116576.0,15409.0,23,45,55.3,1,Defaulted,13.3,Low,Normal
CUST-10613,TXN-200258,2026-02-09,Agriculture,Lagos,Health,Self-employed,177826.0,311406.0,63548.0,100500.0,34,74,77.0,0,Repaid,9.4,Low,Loan-to-income mismatch
CUST-12056,TXN-200259,2025-08-30,Market Trader,Accra,Education,Self-employed,151144.0,304752.0,89747.0,34344.0,25,81,70.8,0,Repaid,14.8,Low,Loan-to-income mismatch
CUST-12777,TXN-200260,2026-04-24,Retail,Nairobi,Transport,Contract,192554.0,153362.0,16363.0,39757.0,20,43,73.2,0,Repaid,1.4,Low,Normal
CUST-10597,TXN-200261,2025-10-06,Market Trader,Kano,Fintech Agent,Contract,65000.0,28886.0,7430.0,29861.0,20,86,76.4,0,Repaid,1.1,Low,Normal
CUST-11049,TXN-200262,2025-01-04,Agriculture,Lagos,Fintech Agent,Self-employed,184785.0,289580.0,48335.0,60173.0,31,83,73.0,0,Repaid,9.7,Low,Loan-to-income mismatch
CUST-13237,TXN-200263,2026-03-19,Services,Abuja,Health,Informal,155188.0,231265.0,67228.0,36556.0,29,45,86.3,1,Defaulted,12.8,Low,Normal
CUST-13463,TXN-200264,2025-08-18,Agriculture,Kano,Education,Self-employed,159331.0,124253.0,61816.0,25045.0,29,28,71.5,0,Repaid,4.9,Low,Normal
CUST-12033,TXN-200265,2025-02-08,Agriculture,Kano,Shop,Self-employed,218982.0,323666.0,14594.0,58278.0,37,18,100.0,0,Repaid,3.1,Low,Normal
CUST-11564,TXN-200266,2025-12-22,Agriculture,Kumasi,Fintech Agent,Self-employed,157723.0,305130.0,98389.0,21822.0,21,13,72.8,0,Repaid,14.8,Low,Loan-to-income mismatch
CUST-11214,TXN-200267,2025-07-20,Retail,Nairobi,Transport,Contract,100822.0,96489.0,21394.0,71205.0,29,20,41.3,0,Repaid,2.7,Low,High-risk repayment pattern
CUST-12143,TXN-200268,2026-02-09,SME,Lagos,Health,Unemployed,153370.0,110111.0,37752.0,17314.0,21,8,83.5,0,Repaid,2.9,Low,Normal
CUST-12068,TXN-200269,2026-01-23,SME,Nairobi,Food,Contract,167439.0,299633.0,69133.0,125895.0,20,29,79.1,0,Repaid,4.6,Low,Loan-to-income mismatch
CUST-11031,TXN-200270,2026-05-05,Services,Kigali,Health,Salaried,170804.0,328736.0,105122.0,21108.0,30,95,72.6,0,Repaid,21.3,Low,Loan-to-income mismatch
CUST-10079,TXN-200271,2026-05-13,Retail,Kano,Shop,Self-employed,174208.0,400421.0,76215.0,15821.0,29,22,67.3,0,Repaid,23.4,Low,Loan-to-income mismatch
CUST-10530,TXN-200272,2026-01-25,Services,Abuja,Transport,Salaried,251836.0,127842.0,156518.0,28505.0,17,38,33.9,0,Repaid,8.8,Low,High-risk repayment pattern
CUST-13354,TXN-200273,2025-03-21,Agriculture,Kigali,Shop,Self-employed,103142.0,222185.0,14252.0,25727.0,28,38,37.0,0,Repaid,26.7,Low,Loan-to-income mismatch
CUST-11463,TXN-200274,2026-02-27,Retail,Kigali,Health,Unemployed,175219.0,329152.0,71814.0,51613.0,19,50,100.0,0,Repaid,15.2,Low,Loan-to-income mismatch
CUST-11688,TXN-200275,2025-01-23,Market Trader,Lagos,Transport,Informal,279783.0,486324.0,151697.0,12959.0,22,49,61.5,0,Repaid,23.9,Low,Loan-to-income mismatch
CUST-11634,TXN-200276,2025-08-25,Retail,Nairobi,Transport,Self-employed,78548.0,68728.0,26760.0,50578.0,26,56,89.4,0,Repaid,1.1,Low,Normal
CUST-12575,TXN-201590,2025-08-01,SME,Abuja,Transport,Self-employed,409838.0,848887.0,94337.0,21081.0,38,74,84.5,0,Repaid,9.8,Low,Loan-to-income mismatch
CUST-10227,TXN-200278,2026-04-11,Market Trader,Kano,Shop,Self-employed,127280.0,166325.0,81510.0,36437.0,25,32,53.2,1,Defaulted,13.3,Low,Normal
CUST-10289,TXN-200279,2026-05-16,Agriculture,Kigali,Education,Salaried,139288.0,113437.0,15158.0,15336.0,28,87,84.2,0,Repaid,1.1,Low,Normal
CUST-10965,TXN-200280,2025-03-07,SME,Abuja,Food,Unemployed,111300.0,91645.0,31040.0,56153.0,19,93,70.2,0,Repaid,10.3,Low,Normal
CUST-11703,TXN-200281,2026-01-04,Agriculture,Kumasi,Shop,Salaried,151568.0,339247.0,86428.0,21404.0,18,2,81.7,0,Repaid,13.9,Low,Loan-to-income mismatch
CUST-12348,TXN-200282,2025-02-12,Market Trader,Kumasi,Fintech Agent,Contract,352684.0,183251.0,207132.0,9303.0,26,61,71.8,0,Repaid,1.6,Low,Normal
CUST-11717,TXN-200283,2025-10-13,Services,Lagos,Transport,Self-employed,95697.0,215701.0,61020.0,51856.0,21,14,68.3,0,Repaid,20.4,Low,Loan-to-income mismatch
CUST-11544,TXN-200284,2025-06-30,Services,Kigali,Shop,Self-employed,99585.0,129306.0,57506.0,18618.0,27,52,59.8,0,Repaid,6.9,Low,Normal
CUST-13282,TXN-200285,2025-05-01,SME,Kigali,Shop,Informal,94201.0,192262.0,4908.0,70039.0,24,2,50.5,0,Repaid,34.8,Low,Loan-to-income mismatch
CUST-10563,TXN-200286,2026-01-22,Retail,Kano,Food,Self-employed,336218.0,272190.0,203665.0,21966.0,23,73,97.2,0,Repaid,2.4,Low,Normal
CUST-12001,TXN-200287,2026-05-10,Services,Accra,Education,Self-employed,134030.0,212746.0,38835.0,34152.0,29,94,100.0,0,Repaid,2.6,Low,Loan-to-income mismatch
CUST-11897,TXN-200288,2025-06-28,Agriculture,Kano,Shop,Salaried,161012.0,227933.0,69319.0,123242.0,14,13,53.3,1,Defaulted,9.4,Low,Normal
CUST-11657,TXN-200289,2026-01-08,Services,Abuja,Food,Salaried,137425.0,306684.0,36884.0,67418.0,33,40,52.1,1,Defaulted,27.8,Low,Loan-to-income mismatch
CUST-12826,TXN-200290,2026-01-30,Retail,Kigali,Food,Self-employed,109463.0,63274.0,58301.0,109666.0,24,20,65.7,0,Repaid,2.8,Low,Normal
CUST-10934,TXN-200291,2025-12-25,Agriculture,Kigali,Shop,Self-employed,147449.0,93504.0,56448.0,69837.0,22,20,78.1,0,Repaid,2.4,Low,Normal
CUST-13338,TXN-200292,2025-06-21,Retail,Kumasi,Education,Self-employed,457011.0,1045047.0,252587.0,39067.0,39,76,68.7,0,Repaid,22.9,Low,Loan-to-income mismatch
CUST-11160,TXN-200293,2026-04-01,Market Trader,Kano,Food,Self-employed,292047.0,116083.0,41493.0,60189.0,29,13,81.0,0,Repaid,1.0,Low,Normal
CUST-11907,TXN-200294,2025-12-31,SME,Kumasi,Health,Salaried,113751.0,180750.0,15531.0,49225.0,25,13,71.1,1,Defaulted,3.8,Low,Loan-to-income mismatch
CUST-11822,TXN-200295,2026-03-28,Market Trader,Accra,Shop,Contract,213626.0,67175.0,63540.0,12853.0,26,36,69.9,0,Repaid,1.4,Low,Normal
CUST-12974,TXN-200296,2025-05-08,Retail,Nairobi,Shop,Informal,114779.0,40278.0,2639.0,47119.0,39,31,100.0,0,Repaid,1.3,Low,Normal
CUST-11536,TXN-200297,2025-02-11,Market Trader,Accra,Health,Unemployed,77182.0,116211.0,35233.0,9968.0,22,93,62.5,0,Repaid,35.6,Medium,Normal
CUST-10995,TXN-200298,2025-12-21,Market Trader,Abuja,Transport,Salaried,249745.0,350651.0,51576.0,29787.0,21,39,100.0,0,Repaid,1.3,Low,Normal
CUST-10075,TXN-200299,2025-01-11,SME,Kigali,Food,Salaried,264935.0,384717.0,98317.0,118659.0,24,53,98.0,0,Repaid,1.8,Low,Normal
CUST-11272,TXN-200300,2025-04-13,Retail,Kano,Food,Salaried,252544.0,311010.0,16189.0,75711.0,17,11,81.1,0,Repaid,3.8,Low,Normal
CUST-12892,TXN-200301,2025-04-25,Market Trader,Accra,Education,Informal,133607.0,244239.0,17036.0,30073.0,24,35,37.3,0,Repaid,43.9,Medium,Loan-to-income mismatch
CUST-10034,TXN-200302,2025-04-11,SME,Kumasi,Health,Self-employed,151745.0,361557.0,62580.0,151002.0,26,21,72.6,0,Repaid,17.1,Low,Loan-to-income mismatch
CUST-13136,TXN-200303,2026-04-15,Services,Kigali,Health,Informal,222994.0,176664.0,47401.0,47497.0,26,36,62.7,0,Repaid,10.4,Low,Normal
CUST-11899,TXN-200304,2026-03-28,Market Trader,Kano,Fintech Agent,Informal,191842.0,172281.0,29788.0,53763.0,17,30,72.4,0,Repaid,9.9,Low,Normal
CUST-10490,TXN-200305,2025-10-03,Market Trader,Abuja,Education,Salaried,137954.0,123768.0,22648.0,25694.0,19,13,52.9,0,Repaid,7.3,Low,Normal
CUST-11057,TXN-200306,2025-12-15,Services,Lagos,Transport,Self-employed,82454.0,154556.0,12808.0,59095.0,32,54,85.6,1,Defaulted,4.2,Low,Loan-to-income mismatch
CUST-11939,TXN-200307,2025-12-01,Services,Kumasi,Education,Self-employed,170728.0,162635.0,70408.0,31519.0,36,50,89.7,0,Repaid,2.3,Low,Normal
CUST-11104,TXN-200308,2026-03-27,SME,Kano,Transport,Self-employed,256064.0,430791.0,32173.0,27003.0,30,50,93.1,0,Repaid,4.8,Low,Loan-to-income mismatch
CUST-10380,TXN-200309,2025-06-28,SME,Accra,Food,Unemployed,98421.0,115140.0,24458.0,76960.0,38,41,65.1,0,Repaid,10.9,Low,Normal
CUST-12330,TXN-200310,2025-12-30,Retail,Nairobi,Shop,Salaried,212836.0,325496.0,96493.0,40876.0,19,51,52.9,0,Repaid,15.4,Low,Normal
CUST-12352,TXN-200311,2025-08-08,SME,Kano,Food,Contract,187072.0,377963.0,64280.0,53801.0,26,70,78.3,0,Repaid,7.9,Low,Loan-to-income mismatch
CUST-10416,TXN-200312,2025-09-20,Agriculture,Kumasi,Education,Salaried,223030.0,294670.0,88384.0,50531.0,20,26,100.0,0,Repaid,1.5,Low,Normal
CUST-10984,TXN-200313,2025-06-04,Services,Abuja,Transport,Contract,234739.0,289876.0,41800.0,10217.0,29,20,73.2,0,Repaid,4.5,Low,Normal
CUST-10853,TXN-200314,2026-01-24,Retail,Kumasi,Shop,Salaried,121580.0,93943.0,73873.0,26144.0,24,65,80.1,0,Repaid,3.8,Low,Normal
CUST-12307,TXN-200315,2026-05-01,Retail,Lagos,Shop,Self-employed,82527.0,109374.0,23169.0,51261.0,29,14,67.8,0,Repaid,7.5,Low,Normal
CUST-12556,TXN-200316,2026-05-23,Services,Abuja,Shop,Self-employed,130082.0,99195.0,26119.0,15534.0,30,35,62.9,0,Repaid,1.9,Low,Normal
CUST-12544,TXN-200317,2025-08-01,Services,Abuja,Food,Self-employed,236436.0,485338.0,139432.0,19750.0,25,56,83.8,0,Repaid,16.4,Low,Loan-to-income mismatch
CUST-13285,TXN-200318,2025-02-14,Agriculture,Abuja,Fintech Agent,Unemployed,129619.0,135229.0,56103.0,58979.0,27,56,70.1,0,Repaid,13.0,Low,Normal
CUST-12690,TXN-200319,2026-03-08,Retail,Kumasi,Food,Contract,121601.0,56741.0,49466.0,15169.0,27,71,79.3,0,Repaid,2.4,Low,Normal
CUST-11122,TXN-200320,2025-01-14,SME,Kano,Fintech Agent,Salaried,75738.0,53981.0,43825.0,108389.0,29,46,81.1,0,Repaid,1.7,Low,Normal
CUST-10377,TXN-200321,2025-03-22,Market Trader,Abuja,Shop,Self-employed,339800.0,464429.0,19328.0,51251.0,33,48,78.3,0,Repaid,4.6,Low,Normal
CUST-12151,TXN-200322,2026-04-07,Market Trader,Abuja,Fintech Agent,Salaried,230222.0,509748.0,126101.0,54579.0,29,6,82.0,0,Repaid,16.0,Low,Loan-to-income mismatch
CUST-13206,TXN-200323,2025-06-13,Retail,Nairobi,Fintech Agent,Salaried,224888.0,190536.0,100537.0,16767.0,20,76,56.6,0,Repaid,3.5,Low,Normal
CUST-13413,TXN-200324,2025-10-08,Market Trader,Accra,Shop,Salaried,244371.0,187417.0,60310.0,68944.0,28,24,55.5,0,Repaid,5.1,Low,Normal
CUST-10805,TXN-200325,2025-04-04,SME,Kigali,Shop,Salaried,207361.0,224481.0,37636.0,63659.0,26,81,71.2,1,Defaulted,2.4,Low,Normal
CUST-10827,TXN-200326,2025-05-19,Retail,Accra,Education,Informal,146882.0,342002.0,12636.0,110684.0,29,62,71.7,1,Defaulted,28.3,Low,Loan-to-income mismatch
CUST-10130,TXN-200327,2025-06-01,Market Trader,Kumasi,Transport,Unemployed,151937.0,312441.0,93119.0,52032.0,29,88,62.6,1,Defaulted,61.7,Medium,Loan-to-income mismatch
CUST-10494,TXN-200328,2025-04-23,Retail,Kigali,Education,Salaried,136002.0,69669.0,14879.0,38600.0,36,84,76.3,0,Repaid,1.5,Low,Normal
CUST-11941,TXN-200329,2025-12-11,Market Trader,Nairobi,Health,Contract,,759197.0,90288.0,10938.0,26,37,88.3,0,Repaid,3.3,Low,Normal
CUST-11913,TXN-200330,2025-12-14,Services,Nairobi,Shop,Salaried,205558.0,398359.0,93611.0,45156.0,25,39,93.4,0,Repaid,3.5,Low,Loan-to-income mismatch
CUST-11298,TXN-200331,2025-03-14,Agriculture,Kumasi,Health,Self-employed,133948.0,252490.0,62607.0,63457.0,28,87,97.4,0,Repaid,5.6,Low,Loan-to-income mismatch
CUST-11084,TXN-200332,2026-05-20,Retail,Kigali,Fintech Agent,Salaried,197898.0,250388.0,24002.0,68142.0,29,85,48.3,0,Repaid,8.2,Low,Normal
CUST-12904,TXN-200333,2025-10-04,SME,Kigali,Food,Salaried,106450.0,192107.0,56727.0,26156.0,33,68,51.1,0,Repaid,10.8,Low,Loan-to-income mismatch
CUST-11610,TXN-200334,2026-01-08,Retail,Lagos,Fintech Agent,Self-employed,306169.0,451771.0,104551.0,107740.0,22,88,66.8,0,Repaid,5.1,Low,Normal
CUST-12828,TXN-200335,2025-01-02,Market Trader,Nairobi,Education,Contract,123297.0,77333.0,68372.0,23002.0,21,60,73.4,0,Repaid,3.8,Low,Normal
CUST-13371,TXN-200336,2025-07-20,Market Trader,Lagos,Health,Self-employed,200879.0,61155.0,15064.0,66537.0,18,4,67.7,0,Repaid,2.2,Low,Normal
CUST-11109,TXN-200337,2026-05-23,Services,Kano,Transport,Contract,254667.0,254741.0,11965.0,18273.0,24,54,62.1,0,Repaid,3.8,Low,Normal
CUST-10709,TXN-200338,2026-03-19,Retail,Nairobi,Education,Salaried,191301.0,60739.0,80596.0,21155.0,24,36,66.5,0,Repaid,3.0,Low,Normal
CUST-13335,TXN-200339,2025-01-19,Services,Nairobi,Fintech Agent,Self-employed,169342.0,178983.0,19392.0,18980.0,19,3,80.7,0,Repaid,2.3,Low,Normal
CUST-12221,TXN-200340,2025-12-15,SME,Kumasi,Health,Salaried,163495.0,330278.0,57341.0,31021.0,31,54,48.1,0,Repaid,19.0,Low,Loan-to-income mismatch
CUST-11018,TXN-200341,2026-01-25,Market Trader,Kumasi,Education,Salaried,158942.0,326520.0,4592.0,12555.0,30,54,100.0,0,Repaid,8.0,Low,Loan-to-income mismatch
CUST-12176,TXN-200342,2025-03-13,Services,Abuja,Food,Salaried,127744.0,32657.0,65323.0,16029.0,26,70,72.4,0,Repaid,1.0,Low,Normal
CUST-11802,TXN-200343,2026-03-25,Market Trader,Nairobi,Shop,Salaried,134755.0,45058.0,79061.0,4875.0,25,75,90.9,0,Repaid,1.3,Low,Normal
CUST-13169,TXN-200344,2025-04-03,SME,Lagos,Food,Contract,302982.0,505103.0,166184.0,11851.0,18,32,61.6,0,Repaid,10.7,Low,Loan-to-income mismatch
CUST-10895,TXN-200345,2026-05-30,Agriculture,Kano,Health,Self-employed,155502.0,200597.0,96996.0,106360.0,24,94,82.3,0,Repaid,4.5,Low,Normal
CUST-13469,TXN-200346,2025-01-05,Market Trader,Lagos,Education,Self-employed,117004.0,59856.0,68910.0,42765.0,26,43,73.8,0,Repaid,4.3,Low,Normal
CUST-13276,TXN-200347,2025-12-02,Retail,Accra,Shop,Salaried,131027.0,257897.0,39273.0,39772.0,38,42,87.4,0,Repaid,6.7,Low,Loan-to-income mismatch
CUST-10632,TXN-200348,2025-05-03,Services,Kigali,Transport,Salaried,258372.0,170686.0,70008.0,42341.0,25,18,68.4,0,Repaid,2.2,Low,Normal
CUST-10576,TXN-200349,2025-11-09,Retail,Kigali,Food,Self-employed,216156.0,76409.0,126364.0,29362.0,30,95,99.9,0,Repaid,1.0,Low,Normal
CUST-11866,TXN-200350,2026-01-31,Services,Lagos,Shop,Salaried,205940.0,379734.0,124382.0,32634.0,34,39,45.1,0,Repaid,31.0,Low,Loan-to-income mismatch
CUST-10157,TXN-200351,2025-10-15,Market Trader,Kigali,Food,Salaried,146070.0,223493.0,92446.0,26929.0,28,18,89.1,0,Repaid,3.6,Low,Normal
CUST-11045,TXN-200352,2026-01-20,Market Trader,Abuja,Fintech Agent,Salaried,207070.0,218596.0,104372.0,48158.0,21,81,74.1,0,Repaid,4.4,Low,Normal
CUST-11522,TXN-200353,2026-01-30,Market Trader,Kano,Health,Informal,124207.0,213369.0,18290.0,61551.0,27,92,53.7,1,Defaulted,25.9,Low,Loan-to-income mismatch
CUST-13392,TXN-200354,2025-06-20,Market Trader,Abuja,Fintech Agent,Self-employed,145942.0,321549.0,89801.0,20141.0,29,22,100.0,0,Repaid,5.9,Low,Loan-to-income mismatch
CUST-13473,TXN-200355,2026-03-26,Services,Accra,Fintech Agent,Salaried,244585.0,62586.0,150835.0,15652.0,29,57,100.0,0,Repaid,1.0,Low,Normal
CUST-10530,TXN-200356,2025-02-12,Retail,Lagos,Shop,Self-employed,234966.0,369707.0,103306.0,27192.0,31,87,34.7,0,Repaid,24.1,Low,Loan-to-income mismatch
CUST-13120,TXN-200357,2025-09-30,SME,Kano,Food,Informal,107753.0,71584.0,60351.0,33331.0,26,64,75.2,0,Repaid,5.8,Low,Normal
CUST-10318,TXN-200358,2026-01-24,Market Trader,Kano,Transport,Salaried,113627.0,140055.0,42444.0,48719.0,22,43,84.7,0,Repaid,3.5,Low,Normal
CUST-12620,TXN-200359,2026-01-07,Retail,Nairobi,Health,Salaried,170358.0,191012.0,104736.0,40270.0,38,55,80.0,0,Repaid,1.9,Low,Normal
CUST-12959,TXN-200360,2025-06-13,Market Trader,Kigali,Shop,Unemployed,336037.0,351412.0,26607.0,17125.0,20,11,99.3,0,Repaid,2.5,Low,Normal
CUST-13117,TXN-200361,2026-05-12,SME,Lagos,Health,Informal,72799.0,43868.0,41080.0,176544.0,26,94,95.5,0,Repaid,4.3,Low,Unusually high amount
CUST-10781,TXN-200362,2026-05-25,SME,Kano,Food,Self-employed,182937.0,358901.0,10056.0,11440.0,32,50,76.8,0,Repaid,4.0,Low,Loan-to-income mismatch
CUST-13127,TXN-200363,2025-02-27,Retail,Kigali,Transport,Salaried,91314.0,93372.0,21334.0,63339.0,26,6,100.0,0,Repaid,2.6,Low,Normal
CUST-10405,TXN-200364,2025-02-19,Services,Kigali,Transport,Salaried,124689.0,268028.0,13124.0,20209.0,27,33,88.9,0,Repaid,7.2,Low,Loan-to-income mismatch
CUST-11816,TXN-200365,2025-11-01,Market Trader,Accra,Education,Informal,139656.0,135098.0,44949.0,26446.0,30,40,65.7,0,Repaid,9.7,Low,Normal
CUST-11643,TXN-200366,2025-04-07,Agriculture,Nairobi,Food,Self-employed,136405.0,278834.0,22686.0,44730.0,29,95,62.1,0,Repaid,14.5,Low,Loan-to-income mismatch
CUST-11105,TXN-200367,2025-02-04,Retail,Abuja,Fintech Agent,Salaried,130067.0,180626.0,80616.0,3552.0,29,84,94.4,0,Repaid,2.6,Low,Normal
CUST-10077,TXN-200368,2026-02-24,SME,Nairobi,Fintech Agent,Salaried,163248.0,169139.0,60789.0,73110.0,29,30,57.7,0,Repaid,10.3,Low,Normal
CUST-12702,TXN-200369,2025-08-13,Market Trader,Lagos,Education,Salaried,129987.0,226561.0,76117.0,59646.0,16,17,64.6,0,Repaid,14.5,Low,Loan-to-income mismatch
CUST-11174,TXN-200370,2026-03-22,SME,Accra,Health,Contract,88059.0,169635.0,17187.0,113236.0,21,6,67.7,0,Repaid,10.8,Low,Loan-to-income mismatch
CUST-12315,TXN-200371,2026-01-10,Agriculture,Accra,Food,Self-employed,225832.0,282645.0,8213.0,18988.0,22,55,78.4,0,Repaid,4.2,Low,Normal
CUST-11435,TXN-200372,2025-12-07,Agriculture,Abuja,Food,Salaried,223285.0,251069.0,113577.0,54395.0,24,43,68.5,0,Repaid,6.4,Low,Normal
CUST-11307,TXN-200373,2025-07-16,Market Trader,Kumasi,Education,Self-employed,231917.0,339033.0,107261.0,64232.0,32,51,48.3,0,Repaid,11.8,Low,Normal
CUST-13102,TXN-200374,2026-01-21,Agriculture,Kigali,Shop,Contract,85211.0,126032.0,30988.0,62618.0,30,27,92.9,0,Repaid,3.2,Low,Normal
CUST-10330,TXN-200375,2025-02-21,Market Trader,Kumasi,Health,Self-employed,184526.0,207511.0,98475.0,38831.0,34,77,64.7,0,Repaid,7.9,Low,Normal
CUST-12578,TXN-200376,2025-06-10,Retail,Abuja,Health,Salaried,216190.0,402548.0,118743.0,84273.0,29,50,100.0,0,Repaid,5.0,Low,Loan-to-income mismatch
CUST-12613,TXN-200377,2026-03-05,SME,Accra,Transport,Unemployed,105545.0,112657.0,41203.0,193667.0,22,88,77.5,0,Repaid,5.2,Low,Unusually high amount
CUST-11329,TXN-200378,2025-12-17,Services,Kumasi,Shop,Salaried,163383.0,193716.0,102692.0,33369.0,28,24,94.8,0,Repaid,4.7,Low,Normal
CUST-10918,TXN-200379,2025-05-06,Retail,Accra,Shop,Self-employed,154998.0,236187.0,73379.0,23269.0,25,26,83.4,0,Repaid,5.6,Low,Normal
CUST-10018,TXN-200380,2026-03-15,SME,Abuja,Health,Salaried,352816.0,836458.0,157508.0,64861.0,33,57,95.7,0,Repaid,8.0,Low,Loan-to-income mismatch
CUST-13278,TXN-200381,2025-09-17,Agriculture,Kano,Education,Contract,365232.0,277110.0,90466.0,25168.0,16,67,82.3,0,Repaid,2.2,Low,Normal
CUST-13317,TXN-200382,2026-01-14,SME,Accra,Education,Self-employed,80900.0,56220.0,1733.0,37029.0,32,29,76.2,0,Repaid,1.3,Low,Normal
CUST-10843,TXN-200383,2025-03-19,Market Trader,Abuja,Shop,Salaried,463912.0,265678.0,79697.0,96344.0,39,53,91.7,0,Repaid,1.0,Low,Normal
CUST-10111,TXN-200384,2025-03-12,Retail,Kano,Shop,Self-employed,110814.0,189555.0,55548.0,32255.0,37,50,100.0,0,Repaid,3.9,Low,Loan-to-income mismatch
CUST-10429,TXN-200385,2026-05-26,Retail,Abuja,Health,Self-employed,245704.0,289191.0,114798.0,31419.0,17,64,67.1,0,Repaid,7.5,Low,Normal
CUST-10236,TXN-200386,2026-04-18,Market Trader,Lagos,Food,Self-employed,244656.0,255104.0,55915.0,23245.0,43,61,86.3,0,Repaid,1.9,Low,Normal
CUST-12908,TXN-200387,2025-07-17,SME,Kano,Transport,Salaried,107131.0,67823.0,44365.0,70580.0,15,20,71.9,0,Repaid,2.3,Low,Normal
CUST-13121,TXN-200388,2026-04-25,Market Trader,Lagos,Shop,Salaried,200220.0,432140.0,28638.0,51298.0,29,12,81.1,1,Defaulted,8.0,Low,Loan-to-income mismatch
CUST-10536,TXN-200389,2026-02-28,Market Trader,Nairobi,Shop,Unemployed,155568.0,181057.0,28949.0,78744.0,30,27,72.8,0,Repaid,8.6,Low,Normal
CUST-12613,TXN-200390,2025-05-21,SME,Lagos,Health,Salaried,205421.0,314105.0,126717.0,24951.0,36,13,33.2,0,Repaid,28.4,Low,High-risk repayment pattern
CUST-10627,TXN-200391,2025-07-18,Retail,Lagos,Health,Self-employed,179312.0,77071.0,50262.0,90169.0,30,53,68.4,0,Repaid,2.6,Low,Normal
CUST-11285,TXN-200392,2025-10-01,Agriculture,Kano,Transport,Salaried,268999.0,112898.0,46898.0,18079.0,19,50,90.0,0,Repaid,1.1,Low,Normal
CUST-12097,TXN-200393,2025-06-30,SME,Kumasi,Transport,Contract,167991.0,55358.0,54913.0,24402.0,12,2,58.2,0,Repaid,5.3,Low,Duplicate customer details
CUST-12519,TXN-200394,2025-05-28,SME,Accra,Transport,Self-employed,151675.0,150994.0,40015.0,49468.0,19,79,88.6,0,Repaid,3.6,Low,Normal
CUST-13060,TXN-200395,2025-05-05,Market Trader,Lagos,Food,Contract,257905.0,317174.0,123692.0,16520.0,31,69,75.3,0,Repaid,3.6,Low,Normal
CUST-10156,TXN-200396,2025-11-26,Market Trader,Kano,Fintech Agent,Self-employed,207683.0,150147.0,130037.0,43970.0,25,45,68.6,0,Repaid,3.5,Low,Normal
CUST-10687,TXN-200397,2025-07-28,SME,Lagos,Food,Self-employed,221319.0,211644.0,86933.0,36528.0,18,17,88.3,0,Repaid,2.7,Low,Normal
CUST-10981,TXN-200398,2026-05-15,Agriculture,Kano,Health,Unemployed,123115.0,23872.0,48313.0,60100.0,27,17,84.3,0,Repaid,1.2,Low,Normal
CUST-11086,TXN-200399,2026-03-28,SME,Abuja,Health,Contract,104924.0,100666.0,26215.0,78362.0,25,89,79.6,0,Repaid,2.7,Low,Normal
CUST-13493,TXN-200400,2025-02-20,Agriculture,Kigali,Education,Self-employed,128227.0,57005.0,48177.0,51694.0,25,24,90.3,0,Repaid,1.0,Low,Normal
CUST-12720,TXN-200401,2025-12-08,Retail,Kano,Transport,Contract,125399.0,58312.0,27735.0,48329.0,13,82,75.7,0,Repaid,1.4,Low,Normal
CUST-11121,TXN-200402,2025-11-23,Agriculture,Kumasi,Fintech Agent,Self-employed,226433.0,43023.0,4684.0,40240.0,24,64,42.4,0,Repaid,2.7,Low,Normal
CUST-13401,TXN-200403,2025-01-28,Market Trader,Abuja,Education,Self-employed,245221.0,423243.0,138707.0,21321.0,32,60,65.2,0,Repaid,7.0,Low,Loan-to-income mismatch
CUST-11747,TXN-200404,2026-02-12,Retail,Accra,Health,Self-employed,152489.0,342711.0,44306.0,27233.0,29,80,39.5,0,Repaid,56.8,Medium,Loan-to-income mismatch
CUST-11752,TXN-200405,2025-10-07,Retail,Kigali,Fintech Agent,Informal,296851.0,463037.0,97966.0,28065.0,23,85,83.8,0,Repaid,9.4,Low,Loan-to-income mismatch
CUST-11517,TXN-200406,2026-03-06,Agriculture,Lagos,Education,Unemployed,289166.0,113807.0,20995.0,57254.0,30,27,88.1,0,Repaid,3.2,Low,Normal
CUST-10503,TXN-200407,2025-09-14,SME,Kano,Education,Self-employed,180273.0,428513.0,98678.0,70298.0,33,94,89.0,0,Repaid,7.1,Low,Loan-to-income mismatch
CUST-13270,TXN-200408,2025-08-06,Agriculture,Kano,Health,Self-employed,115244.0,270339.0,14672.0,23921.0,26,14,80.8,0,Repaid,8.4,Low,Loan-to-income mismatch
CUST-10048,TXN-200409,2025-12-21,SME,Accra,Shop,Salaried,315419.0,384647.0,87905.0,56464.0,32,74,89.4,0,Repaid,3.3,Low,Normal
CUST-10609,TXN-200410,2026-01-30,Services,Kano,Fintech Agent,Informal,158637.0,66543.0,87150.0,75834.0,19,38,43.6,0,Repaid,12.4,Low,Normal
CUST-10803,TXN-200411,2026-01-25,SME,Kigali,Transport,Contract,171612.0,305476.0,52926.0,1618.0,41,60,70.1,0,Repaid,12.1,Low,Loan-to-income mismatch
CUST-10977,TXN-200412,2025-09-06,SME,Lagos,Fintech Agent,Informal,141120.0,326617.0,85607.0,51771.0,14,80,46.5,1,Defaulted,67.0,High,Loan-to-income mismatch
CUST-10461,TXN-200413,2025-10-19,Retail,Abuja,Education,Self-employed,112004.0,213784.0,17010.0,41786.0,19,44,65.6,0,Repaid,7.9,Low,Loan-to-income mismatch
CUST-10062,TXN-200414,2026-05-28,SME,Accra,Fintech Agent,Contract,87831.0,137520.0,41333.0,36614.0,25,9,100.0,0,Repaid,4.9,Low,Loan-to-income mismatch
CUST-12371,TXN-200415,2026-03-28,SME,Kumasi,Transport,Salaried,212310.0,326118.0,135059.0,17681.0,25,78,91.7,0,Repaid,5.8,Low,Normal
CUST-13392,TXN-200416,2025-07-25,Retail,Lagos,Health,Self-employed,117122.0,275351.0,42897.0,25082.0,37,14,83.9,0,Repaid,7.2,Low,Loan-to-income mismatch
CUST-10426,TXN-200417,2025-11-28,Retail,Nairobi,Education,Self-employed,588306.0,201392.0,268312.0,21795.0,32,68,68.7,0,Repaid,2.1,Low,Normal
CUST-11037,TXN-200418,2025-03-27,Market Trader,Accra,Education,Self-employed,103141.0,52810.0,27614.0,36488.0,21,43,54.1,0,Repaid,4.3,Low,Normal
CUST-11772,TXN-200419,2025-06-24,Retail,Abuja,Education,Salaried,95980.0,194302.0,47351.0,23018.0,33,46,75.4,0,Repaid,11.8,Low,Loan-to-income mismatch
CUST-13246,TXN-200420,2025-10-05,SME,Kano,Fintech Agent,Salaried,201644.0,101256.0,119492.0,56549.0,27,26,92.0,0,Repaid,1.3,Low,Normal
CUST-12429,TXN-200421,2025-07-14,SME,Lagos,Health,Informal,309376.0,318941.0,143218.0,141014.0,26,49,79.4,0,Repaid,9.5,Low,Unusually high amount
CUST-12681,TXN-200422,2026-04-26,Services,Kumasi,Transport,Self-employed,167230.0,134608.0,101949.0,15665.0,20,19,43.5,0,Repaid,5.3,Low,Normal
CUST-12033,TXN-200423,2026-03-20,Market Trader,Nairobi,Education,Salaried,206973.0,149113.0,80896.0,63569.0,27,23,73.9,0,Repaid,2.3,Low,Normal
CUST-11459,TXN-200424,2025-01-15,Agriculture,Kigali,Food,Contract,75035.0,17791.0,28783.0,30221.0,34,46,37.6,0,Repaid,4.1,Low,High-risk repayment pattern
CUST-10699,TXN-200425,2025-05-15,SME,Kano,Health,Salaried,122448.0,175967.0,25949.0,7929.0,34,76,86.5,0,Repaid,4.3,Low,Normal
CUST-13025,TXN-200426,2025-03-23,SME,Abuja,Food,Salaried,103682.0,111018.0,48426.0,97685.0,23,50,59.5,0,Repaid,5.4,Low,Normal
CUST-12814,TXN-200427,2025-03-15,Market Trader,Kano,Transport,Salaried,73429.0,103133.0,42268.0,59750.0,29,84,50.0,0,Repaid,26.2,Low,Normal
CUST-10087,TXN-200428,2025-10-10,Market Trader,Lagos,Transport,Salaried,170951.0,146335.0,73027.0,15463.0,34,27,86.7,0,Repaid,1.6,Low,Normal
CUST-12503,TXN-200429,2026-01-24,Retail,Kano,Food,Informal,65000.0,147553.0,10843.0,51555.0,27,3,82.1,0,Repaid,15.1,Low,Loan-to-income mismatch
CUST-10295,TXN-200430,2026-01-12,SME,Lagos,Food,Self-employed,93403.0,139431.0,33886.0,47406.0,21,30,76.2,0,Repaid,8.8,Low,Normal
CUST-12586,TXN-200431,2025-08-09,Market Trader,Lagos,Health,Self-employed,129882.0,300531.0,64453.0,38797.0,28,12,100.0,0,Repaid,9.5,Low,Loan-to-income mismatch
CUST-12890,TXN-200432,2025-07-30,SME,Kano,Education,Self-employed,114790.0,109856.0,70228.0,33871.0,20,51,83.4,0,Repaid,3.5,Low,Normal
CUST-10458,TXN-200433,2025-04-27,Services,Nairobi,Health,Self-employed,192238.0,35580.0,22810.0,16746.0,26,95,60.4,0,Repaid,1.4,Low,Normal
CUST-11518,TXN-200434,2026-03-22,SME,Kigali,Shop,Self-employed,185043.0,354248.0,18564.0,22612.0,28,47,81.3,0,Repaid,5.4,Low,Loan-to-income mismatch
CUST-10433,TXN-200435,2026-03-05,Retail,Kigali,Transport,Contract,236900.0,477775.0,66369.0,82963.0,33,18,66.9,0,Repaid,14.9,Low,Loan-to-income mismatch
CUST-11985,TXN-200436,2025-07-09,Market Trader,Kigali,Shop,Self-employed,223240.0,69276.0,22131.0,15727.0,22,56,94.8,0,Repaid,1.0,Low,Normal
CUST-13246,TXN-200437,2025-04-06,SME,Kigali,Shop,Self-employed,262798.0,412151.0,167578.0,70521.0,32,71,77.1,0,Repaid,14.4,Low,Loan-to-income mismatch
CUST-10283,TXN-200438,2025-08-31,Services,Kumasi,Shop,Salaried,162624.0,267916.0,46724.0,16055.0,22,83,78.8,0,Repaid,6.3,Low,Loan-to-income mismatch
CUST-11391,TXN-200439,2026-01-13,Agriculture,Abuja,Education,Salaried,184879.0,93092.0,65849.0,121337.0,29,47,46.0,0,Repaid,4.3,Low,Normal
CUST-13405,TXN-200440,2025-05-24,Market Trader,Nairobi,Food,Salaried,201760.0,283797.0,32900.0,15695.0,21,41,73.1,0,Repaid,4.0,Low,Normal
CUST-11053,TXN-200441,2025-06-25,Services,Kigali,Food,Contract,172732.0,124350.0,52329.0,15341.0,31,51,71.0,0,Repaid,1.6,Low,Normal
CUST-10462,TXN-200442,2025-03-19,Retail,Accra,Health,Salaried,137748.0,29826.0,88208.0,90927.0,28,22,53.6,0,Repaid,4.5,Low,Normal
CUST-11710,TXN-200443,2026-01-03,Retail,Kumasi,Food,Contract,141545.0,297887.0,46409.0,32367.0,27,12,68.0,0,Repaid,10.9,Low,Loan-to-income mismatch
CUST-11779,TXN-200444,2026-04-01,Retail,Kano,Shop,Self-employed,115454.0,146807.0,2951.0,14832.0,26,74,79.8,0,Repaid,2.6,Low,Normal
CUST-12320,TXN-200445,2026-02-03,Market Trader,Kumasi,Shop,Self-employed,194285.0,372128.0,33571.0,31690.0,24,14,71.9,0,Repaid,20.2,Low,Loan-to-income mismatch
CUST-11098,TXN-200446,2026-02-19,Market Trader,Lagos,Transport,Self-employed,156453.0,279241.0,99571.0,17768.0,22,66,46.6,0,Repaid,14.0,Low,Loan-to-income mismatch
CUST-13344,TXN-200447,2025-03-23,Retail,Nairobi,Food,Salaried,123188.0,293930.0,79224.0,156827.0,26,56,67.1,0,Repaid,24.4,Low,Loan-to-income mismatch
CUST-11823,TXN-200448,2026-03-24,Retail,Accra,Fintech Agent,Unemployed,123236.0,141999.0,18807.0,8985.0,28,46,63.6,0,Repaid,6.9,Low,Normal
CUST-11002,TXN-200449,2026-03-02,Retail,Nairobi,Transport,Salaried,97893.0,110537.0,39903.0,58796.0,38,37,75.5,0,Repaid,3.2,Low,Normal
CUST-13360,TXN-200450,2025-06-13,Services,Kano,Health,Contract,245515.0,197762.0,16806.0,79676.0,38,94,73.5,0,Repaid,1.9,Low,Normal
CUST-13236,TXN-200451,2025-11-16,Agriculture,Kano,Shop,Salaried,168219.0,263738.0,64560.0,54581.0,28,76,64.6,0,Repaid,5.8,Low,Loan-to-income mismatch
CUST-11747,TXN-200452,2025-02-07,SME,Abuja,Shop,Self-employed,113281.0,142640.0,11252.0,32790.0,30,17,63.9,0,Repaid,5.7,Low,Normal
CUST-10087,TXN-200453,2026-03-20,Agriculture,Kumasi,Food,Self-employed,228568.0,410931.0,122457.0,65439.0,22,93,73.2,0,Repaid,16.9,Low,Loan-to-income mismatch
CUST-12089,TXN-200454,2025-01-03,SME,Kigali,Education,Salaried,128619.0,124948.0,78706.0,59640.0,21,14,89.3,0,Repaid,2.8,Low,Normal
CUST-11943,TXN-200455,2025-01-17,Retail,Kumasi,Health,Salaried,90154.0,42415.0,11628.0,57127.0,29,78,77.0,0,Repaid,1.7,Low,Normal
CUST-10518,TXN-200456,2025-11-14,Services,Kigali,Health,Self-employed,249924.0,523492.0,77853.0,55874.0,30,42,97.6,0,Repaid,9.5,Low,Loan-to-income mismatch
CUST-12218,TXN-200457,2026-01-26,Market Trader,Lagos,Fintech Agent,Informal,129887.0,262146.0,10948.0,15001.0,22,40,92.4,0,Repaid,13.7,Low,Loan-to-income mismatch
CUST-12942,TXN-200458,2026-02-26,Market Trader,Nairobi,Food,Self-employed,137072.0,131482.0,32028.0,47023.0,36,49,98.9,0,Repaid,1.0,Low,Normal
CUST-10370,TXN-200459,2026-05-24,Services,Lagos,Transport,Salaried,165594.0,283593.0,10103.0,53531.0,28,47,96.6,0,Repaid,2.9,Low,Loan-to-income mismatch
CUST-12531,TXN-200460,2025-01-11,Retail,Accra,Food,Salaried,262994.0,334827.0,49092.0,37465.0,29,13,100.0,0,Repaid,1.0,Low,Normal
CUST-10491,TXN-200461,2025-12-29,Market Trader,Accra,Transport,Unemployed,164130.0,306818.0,105674.0,20170.0,30,16,51.2,1,Defaulted,37.7,Medium,Loan-to-income mismatch
CUST-12620,TXN-200462,2025-06-13,Services,Accra,Food,Salaried,98358.0,102892.0,4731.0,30530.0,29,71,83.7,0,Repaid,1.1,Low,Normal
CUST-11466,TXN-200463,2026-04-19,Market Trader,Accra,Shop,Self-employed,204521.0,280014.0,114767.0,94825.0,25,67,93.9,0,Repaid,3.6,Low,Normal
CUST-10022,TXN-200464,2025-05-31,Market Trader,Nairobi,Health,Salaried,132761.0,40937.0,9133.0,43745.0,28,38,97.2,0,Repaid,1.0,Low,Normal
CUST-13381,TXN-200465,2025-08-03,Services,Kumasi,Fintech Agent,Self-employed,359665.0,204398.0,127058.0,34205.0,35,44,58.1,0,Repaid,3.8,Low,Normal
CUST-10580,TXN-200466,2025-06-04,Services,Lagos,Shop,Salaried,162678.0,311613.0,49590.0,15442.0,39,38,83.8,0,Repaid,8.9,Low,Loan-to-income mismatch
CUST-12086,TXN-200467,2025-12-29,Services,Nairobi,Shop,Unemployed,65000.0,66760.0,39447.0,64662.0,27,82,73.4,0,Repaid,7.9,Low,Normal
CUST-10635,TXN-200468,2026-04-11,Retail,Kano,Health,Self-employed,189112.0,48778.0,27497.0,54473.0,34,8,100.0,0,Repaid,1.0,Low,Normal
CUST-13265,TXN-200469,2025-10-20,Agriculture,Kumasi,Fintech Agent,Salaried,368329.0,203374.0,49061.0,24758.0,24,63,47.0,0,Repaid,1.5,Low,Normal
CUST-12584,TXN-200470,2025-06-30,SME,Kigali,Shop,Self-employed,315491.0,345068.0,155124.0,34919.0,29,30,58.2,1,Defaulted,4.2,Low,Normal
CUST-12815,TXN-200471,2025-06-22,SME,Abuja,Education,Salaried,351161.0,622878.0,167575.0,21852.0,34,18,39.4,0,Repaid,35.9,Medium,Loan-to-income mismatch
CUST-11512,TXN-200472,2025-12-19,Retail,Kumasi,Food,Informal,106054.0,104669.0,48836.0,56000.0,34,16,74.6,0,Repaid,6.4,Low,Normal
CUST-11635,TXN-200473,2025-11-18,SME,Kumasi,Health,Salaried,238734.0,437913.0,8704.0,11625.0,17,40,100.0,0,Repaid,2.3,Low,Loan-to-income mismatch
CUST-12220,TXN-200474,2025-05-05,Retail,Accra,Education,Informal,120182.0,250567.0,22086.0,57386.0,18,15,71.2,0,Repaid,18.9,Low,Loan-to-income mismatch
CUST-12746,TXN-200475,2025-07-06,Services,Abuja,Transport,Contract,178832.0,167623.0,98203.0,7741.0,27,65,73.8,0,Repaid,2.0,Low,Normal
CUST-12964,TXN-200476,2026-05-04,SME,Nairobi,Transport,Salaried,95355.0,186594.0,38003.0,46466.0,16,32,81.9,0,Repaid,5.8,Low,Loan-to-income mismatch
CUST-10062,TXN-200477,2026-05-05,SME,Nairobi,Education,Unemployed,124160.0,57322.0,49587.0,106274.0,16,82,69.9,0,Repaid,5.2,Low,Normal
CUST-12322,TXN-200478,2025-07-20,Retail,Kigali,Transport,Unemployed,122513.0,135001.0,25290.0,6950.0,38,15,78.6,0,Repaid,6.0,Low,Normal
CUST-10382,TXN-200479,2026-02-16,Market Trader,Kano,Shop,Contract,237374.0,94140.0,43655.0,75673.0,30,34,79.1,0,Repaid,1.7,Low,Normal
CUST-11007,TXN-200480,2025-02-07,SME,Lagos,Education,Self-employed,227818.0,67574.0,140411.0,34291.0,14,37,56.8,0,Repaid,2.6,Low,Normal
CUST-12903,TXN-200481,2026-03-26,Agriculture,Kigali,Education,Self-employed,182821.0,59097.0,87477.0,30264.0,42,64,70.3,0,Repaid,1.9,Low,Normal
CUST-10876,TXN-200482,2025-06-14,SME,Kumasi,Health,Salaried,92302.0,38079.0,9223.0,34355.0,31,29,85.4,0,Repaid,1.0,Low,Normal
CUST-12788,TXN-200483,2025-11-25,Retail,Lagos,Education,Informal,142787.0,290616.0,87208.0,27063.0,34,18,88.7,0,Repaid,26.6,Low,Loan-to-income mismatch
CUST-11620,TXN-200484,2025-11-15,Market Trader,Nairobi,Food,Salaried,118971.0,165008.0,46029.0,16859.0,30,40,95.4,0,Repaid,1.6,Low,Normal
CUST-10814,TXN-200485,2026-03-10,Market Trader,Kumasi,Health,Contract,234512.0,535438.0,53942.0,62086.0,34,87,78.0,0,Repaid,13.6,Low,Loan-to-income mismatch
CUST-11169,TXN-200486,2026-05-09,SME,Nairobi,Food,Contract,266956.0,366894.0,72131.0,84031.0,35,78,78.4,0,Repaid,4.8,Low,Normal
CUST-11857,TXN-200487,2025-07-09,Market Trader,Accra,Education,Unemployed,253643.0,399675.0,120989.0,15569.0,35,56,85.5,0,Repaid,9.2,Low,Loan-to-income mismatch
CUST-12678,TXN-200488,2025-10-07,Retail,Accra,Fintech Agent,Informal,118517.0,69872.0,30465.0,51519.0,33,95,61.3,0,Repaid,6.7,Low,Normal
CUST-12121,TXN-200489,2025-12-08,Retail,Lagos,Fintech Agent,Contract,65000.0,89706.0,25000.0,44435.0,28,74,60.6,1,Defaulted,9.6,Low,Normal
CUST-13266,TXN-200490,2025-10-30,SME,Accra,Food,Contract,77488.0,80229.0,36235.0,41292.0,23,73,69.8,0,Repaid,3.5,Low,Normal
CUST-13037,TXN-200491,2025-06-22,SME,Accra,Food,Self-employed,295695.0,664659.0,42310.0,74096.0,28,39,49.0,0,Repaid,19.4,Low,Loan-to-income mismatch
CUST-12636,TXN-200492,2025-07-17,Retail,Kigali,Fintech Agent,Salaried,137513.0,309859.0,84553.0,34500.0,25,48,79.3,0,Repaid,10.2,Low,Duplicate customer details
CUST-12110,TXN-200493,2025-11-03,SME,Abuja,Education,Unemployed,118740.0,73698.0,29019.0,92122.0,24,90,90.9,0,Repaid,5.6,Low,Normal
CUST-11014,TXN-200494,2026-04-30,Market Trader,Lagos,Health,Self-employed,324460.0,505084.0,92214.0,17391.0,39,89,59.2,0,Repaid,8.3,Low,Loan-to-income mismatch
CUST-11444,TXN-200495,2025-02-06,Retail,Kano,Shop,Contract,276888.0,442121.0,127386.0,62464.0,29,69,79.8,0,Repaid,4.0,Low,Loan-to-income mismatch
CUST-10416,TXN-200496,2025-04-27,Retail,Abuja,Health,Self-employed,164435.0,234949.0,66355.0,8330.0,30,11,60.7,0,Repaid,4.8,Low,Normal
CUST-11309,TXN-200497,2026-02-13,Market Trader,Accra,Shop,Self-employed,143885.0,65613.0,42773.0,36033.0,23,16,53.7,0,Repaid,2.4,Low,Normal
CUST-13242,TXN-200498,2025-11-04,Agriculture,Kumasi,Food,Self-employed,153971.0,251267.0,66106.0,32970.0,34,44,100.0,0,Repaid,3.5,Low,Loan-to-income mismatch
CUST-11490,TXN-200499,2025-08-06,Retail,Kano,Transport,Unemployed,179048.0,349854.0,105420.0,21023.0,16,53,54.0,1,Defaulted,40.7,Medium,Loan-to-income mismatch
CUST-10398,TXN-200500,2025-07-03,Services,Kano,Fintech Agent,Salaried,318705.0,301623.0,167058.0,46871.0,33,60,49.0,0,Repaid,9.5,Low,Normal
CUST-12281,TXN-200501,2026-05-23,SME,Kano,Shop,Self-employed,194354.0,256995.0,104812.0,79925.0,21,27,75.9,0,Repaid,7.1,Low,Normal
CUST-13369,TXN-200502,2026-04-02,Agriculture,Kigali,Education,Salaried,220782.0,96757.0,40358.0,21038.0,28,75,76.8,0,Repaid,1.2,Low,Normal
CUST-13036,TXN-200503,2026-03-19,Services,Kano,Shop,Self-employed,265958.0,597376.0,75592.0,25608.0,15,80,84.0,0,Repaid,9.3,Low,Loan-to-income mismatch
CUST-10959,TXN-200504,2025-05-28,Retail,Nairobi,Shop,Self-employed,99582.0,42141.0,36736.0,48386.0,16,21,100.0,0,Repaid,1.2,Low,Normal
CUST-11588,TXN-200505,2025-11-14,SME,Lagos,Transport,Salaried,223472.0,143602.0,10691.0,14275.0,40,75,58.0,0,Repaid,3.6,Low,Normal
CUST-11858,TXN-200506,2026-05-10,Market Trader,Lagos,Shop,Contract,143815.0,121182.0,72622.0,21827.0,23,16,61.6,0,Repaid,5.6,Low,Normal
CUST-10867,TXN-200507,2025-05-18,Retail,Kano,Transport,Informal,65000.0,130862.0,14546.0,26869.0,22,48,100.0,0,Repaid,8.9,Low,Loan-to-income mismatch
CUST-10940,TXN-200508,2025-04-17,Agriculture,Accra,Shop,Contract,66581.0,115548.0,13185.0,26990.0,21,84,88.9,0,Repaid,5.3,Low,Loan-to-income mismatch
CUST-10828,TXN-200509,2025-11-22,Retail,Kano,Health,Contract,106127.0,20755.0,19459.0,64151.0,32,30,86.4,0,Repaid,1.0,Low,Normal
CUST-13481,TXN-200510,2025-04-12,Services,Abuja,Transport,Salaried,203437.0,119521.0,40388.0,52781.0,31,66,61.4,0,Repaid,3.0,Low,Normal
CUST-12611,TXN-200511,2026-01-26,Agriculture,Kumasi,Food,Self-employed,170723.0,315041.0,39770.0,16859.0,28,82,92.3,0,Repaid,5.7,Low,Loan-to-income mismatch
CUST-12942,TXN-200512,2026-03-22,SME,Abuja,Shop,Contract,175858.0,189313.0,70526.0,56331.0,20,48,86.5,0,Repaid,2.8,Low,Normal
CUST-12857,TXN-200513,2025-09-01,SME,Accra,Fintech Agent,Contract,369312.0,87968.0,143162.0,64676.0,28,81,75.4,0,Repaid,1.0,Low,Normal
CUST-13357,TXN-200514,2026-05-27,Agriculture,Lagos,Food,Contract,95510.0,221573.0,17297.0,45168.0,22,61,61.5,0,Repaid,19.1,Low,Loan-to-income mismatch
CUST-10368,TXN-200515,2025-11-02,Retail,Abuja,Food,Self-employed,160890.0,82977.0,24141.0,15115.0,20,49,73.9,0,Repaid,1.0,Low,Normal
CUST-13085,TXN-200516,2025-08-01,Agriculture,Kigali,Transport,Contract,184954.0,242888.0,99987.0,4590.0,26,13,100.0,0,Repaid,3.1,Low,Normal
CUST-10232,TXN-200517,2026-03-29,Retail,Kumasi,Shop,Informal,119463.0,87359.0,9368.0,120340.0,33,69,52.3,0,Repaid,5.3,Low,Normal
CUST-11663,TXN-200518,2025-11-18,Retail,Kano,Transport,Self-employed,164703.0,299295.0,56506.0,22438.0,14,31,57.6,0,Repaid,14.2,Low,Loan-to-income mismatch
CUST-12080,TXN-200519,2025-03-12,Market Trader,Lagos,Fintech Agent,Salaried,83118.0,158284.0,28921.0,31264.0,16,28,60.7,0,Repaid,14.7,Low,Loan-to-income mismatch
CUST-11252,TXN-200520,2026-03-21,Market Trader,Nairobi,Food,Contract,294243.0,312436.0,112314.0,40859.0,22,88,64.6,0,Repaid,3.3,Low,Normal
CUST-10511,TXN-200521,2025-09-15,Retail,Kano,Fintech Agent,Self-employed,122238.0,200685.0,70649.0,35568.0,37,34,71.7,0,Repaid,9.3,Low,Loan-to-income mismatch
CUST-10673,TXN-200522,2025-06-26,Agriculture,Accra,Transport,Self-employed,382005.0,839702.0,157793.0,32042.0,33,35,89.3,0,Repaid,11.4,Low,Loan-to-income mismatch
CUST-12886,TXN-200523,2026-03-23,SME,Kumasi,Food,Salaried,160550.0,319314.0,101691.0,63855.0,31,90,80.3,1,Defaulted,9.4,Low,Loan-to-income mismatch
CUST-11115,TXN-200524,2026-02-03,Services,Lagos,Education,Salaried,250642.0,275975.0,142603.0,18166.0,25,29,73.1,0,Repaid,5.3,Low,Normal
CUST-11086,TXN-200525,2025-07-21,Agriculture,Kumasi,Shop,Contract,159152.0,184629.0,24714.0,18438.0,28,71,77.0,0,Repaid,3.6,Low,Normal
CUST-13231,TXN-200526,2026-05-24,Agriculture,Kigali,Food,Salaried,160667.0,345252.0,27626.0,19259.0,35,50,83.2,0,Repaid,5.5,Low,Loan-to-income mismatch
CUST-10503,TXN-200527,2026-04-02,Services,Abuja,Fintech Agent,Self-employed,127352.0,32641.0,30209.0,43214.0,32,8,41.7,0,Repaid,3.6,Low,High-risk repayment pattern
CUST-13203,TXN-200528,2025-03-31,Agriculture,Kigali,Food,Self-employed,171105.0,39464.0,45626.0,50073.0,37,56,91.3,0,Repaid,1.0,Low,Normal
CUST-13223,TXN-200529,2025-10-16,Retail,Kano,Fintech Agent,Salaried,186011.0,118464.0,68524.0,19487.0,26,45,57.1,0,Repaid,3.8,Low,Normal
CUST-12094,TXN-200530,2025-11-26,Retail,Lagos,Shop,Self-employed,117080.0,236188.0,19492.0,21093.0,20,70,64.0,0,Repaid,7.2,Low,Loan-to-income mismatch
CUST-10579,TXN-200531,2025-07-27,Market Trader,Accra,Fintech Agent,Salaried,154428.0,80323.0,24720.0,46686.0,26,39,78.1,0,Repaid,1.0,Low,Normal
CUST-10545,TXN-200532,2025-10-02,Market Trader,Abuja,Fintech Agent,Salaried,125965.0,102450.0,32786.0,55099.0,30,24,70.6,0,Repaid,4.2,Low,Normal
CUST-10996,TXN-200533,2026-05-27,Services,Kano,Food,Unemployed,427564.0,674069.0,189571.0,59553.0,13,23,80.8,1,Defaulted,17.4,Low,Loan-to-income mismatch
CUST-12020,TXN-200534,2025-10-20,SME,Abuja,Education,Self-employed,156735.0,92320.0,71082.0,31962.0,26,51,74.6,0,Repaid,2.4,Low,Normal
CUST-10537,TXN-200535,2025-03-25,Services,Kumasi,Shop,Unemployed,311451.0,265642.0,197757.0,43911.0,29,95,66.8,1,Defaulted,15.3,Low,Normal
CUST-11594,TXN-200536,2026-03-17,Market Trader,Kano,Shop,Self-employed,149917.0,182381.0,22116.0,87281.0,26,44,99.5,0,Repaid,1.0,Low,Normal
CUST-10404,TXN-200537,2025-06-29,Services,Nairobi,Food,Contract,181480.0,124568.0,48546.0,23195.0,25,14,84.7,0,Repaid,1.3,Low,Normal
CUST-11890,TXN-200538,2025-03-28,Retail,Abuja,Transport,Salaried,93436.0,222673.0,58654.0,60965.0,31,79,77.4,1,Defaulted,16.9,Low,Loan-to-income mismatch
CUST-10074,TXN-200539,2025-04-24,Market Trader,Lagos,Education,Salaried,134892.0,73226.0,61336.0,36070.0,31,31,84.5,0,Repaid,1.1,Low,Normal
CUST-12481,TXN-200540,2026-03-06,Services,Kano,Fintech Agent,Salaried,177802.0,367492.0,69900.0,113816.0,28,41,59.3,0,Repaid,12.9,Low,Loan-to-income mismatch
CUST-10193,TXN-200541,2026-05-23,Market Trader,Nairobi,Shop,Salaried,316830.0,387680.0,114052.0,4951.0,33,81,100.0,0,Repaid,3.0,Low,Normal
CUST-10681,TXN-200542,2025-04-06,Agriculture,Kigali,Fintech Agent,Unemployed,178659.0,83372.0,12072.0,39461.0,30,12,52.4,0,Repaid,5.4,Low,Normal
CUST-10611,TXN-200543,2025-03-19,Market Trader,Kigali,Transport,Self-employed,291024.0,128935.0,169616.0,74309.0,30,14,74.0,0,Repaid,2.5,Low,Normal
CUST-12908,TXN-200544,2026-05-18,Agriculture,Lagos,Education,Self-employed,213013.0,274927.0,88202.0,15813.0,30,20,66.8,0,Repaid,7.2,Low,Duplicate customer details
CUST-10186,TXN-200545,2025-03-03,SME,Kigali,Fintech Agent,Self-employed,322387.0,311044.0,122556.0,85729.0,23,37,66.2,0,Repaid,6.2,Low,Normal
CUST-11502,TXN-200546,2025-10-15,Agriculture,Kano,Health,Salaried,158768.0,111267.0,57138.0,23908.0,19,82,63.8,0,Repaid,4.3,Low,Normal
CUST-12069,TXN-200547,2025-05-17,SME,Lagos,Shop,Informal,444139.0,1025448.0,118543.0,12396.0,31,61,58.1,1,Defaulted,39.3,Medium,Loan-to-income mismatch
CUST-11805,TXN-200548,2025-04-13,SME,Abuja,Education,Self-employed,132738.0,160441.0,23951.0,37633.0,31,74,93.4,0,Repaid,1.2,Low,Normal
CUST-12382,TXN-200549,2025-11-11,SME,Kigali,Shop,Salaried,117958.0,264457.0,58490.0,27068.0,27,33,50.3,0,Repaid,37.8,Medium,Loan-to-income mismatch
CUST-12810,TXN-200550,2025-04-02,SME,Kumasi,Transport,Self-employed,97907.0,53269.0,33389.0,102450.0,13,40,89.7,0,Repaid,1.7,Low,Normal
CUST-11377,TXN-200551,2025-05-17,SME,Abuja,Education,Salaried,433233.0,254435.0,17928.0,185204.0,28,40,83.7,0,Repaid,2.6,Low,Unusually high amount
CUST-12898,TXN-200552,2025-12-01,Retail,Nairobi,Education,Self-employed,229617.0,345156.0,62325.0,28862.0,18,12,65.1,0,Repaid,10.5,Low,Normal
CUST-11112,TXN-200553,2025-06-18,Agriculture,Kano,Fintech Agent,Self-employed,141445.0,110203.0,85577.0,23506.0,20,53,81.6,0,Repaid,2.0,Low,Normal
CUST-13445,TXN-200554,2026-05-24,Market Trader,Lagos,Transport,Informal,275017.0,162415.0,70282.0,5894.0,19,33,69.2,0,Repaid,4.5,Low,Normal
CUST-11765,TXN-200555,2025-10-03,Retail,Kano,Fintech Agent,Informal,217256.0,84774.0,60905.0,69982.0,30,91,52.2,0,Repaid,3.6,Low,Normal
CUST-12576,TXN-200556,2025-02-27,SME,Nairobi,Food,Salaried,371674.0,129833.0,153537.0,132179.0,24,66,52.4,0,Repaid,2.5,Low,Normal
CUST-13062,TXN-200557,2025-11-25,SME,Kano,Transport,Salaried,84958.0,157345.0,44608.0,76142.0,37,83,83.8,0,Repaid,5.0,Low,Loan-to-income mismatch
CUST-12774,TXN-200558,2025-11-11,Agriculture,Abuja,Education,Informal,145590.0,117404.0,64224.0,22775.0,28,20,82.9,0,Repaid,6.6,Low,Normal
CUST-12978,TXN-200559,2025-10-27,Services,Kano,Education,Self-employed,134020.0,315227.0,74453.0,40701.0,27,12,76.4,0,Repaid,23.4,Low,Loan-to-income mismatch
CUST-11877,TXN-200560,2026-05-11,Market Trader,Nairobi,Fintech Agent,Self-employed,71044.0,41669.0,6522.0,58662.0,37,43,65.0,0,Repaid,4.8,Low,Normal
CUST-10152,TXN-200561,2025-11-14,Services,Abuja,Fintech Agent,Self-employed,254063.0,245646.0,153071.0,30421.0,17,55,68.6,0,Repaid,14.3,Low,Normal
CUST-11725,TXN-200562,2026-01-24,SME,Accra,Education,Self-employed,145282.0,147069.0,85639.0,80769.0,15,54,66.1,0,Repaid,6.1,Low,Normal
CUST-10635,TXN-200563,2025-12-13,Market Trader,Kumasi,Education,Self-employed,222047.0,286516.0,77064.0,25665.0,23,63,40.6,0,Repaid,11.3,Low,High-risk repayment pattern
CUST-13111,TXN-200564,2025-05-11,SME,Lagos,Transport,Informal,438495.0,926457.0,181356.0,18729.0,30,80,73.1,0,Repaid,25.3,Low,Loan-to-income mismatch
CUST-10828,TXN-200565,2026-03-29,Retail,Kumasi,Transport,Self-employed,140314.0,285285.0,21618.0,66306.0,28,32,81.4,0,Repaid,5.7,Low,Loan-to-income mismatch
CUST-10798,TXN-200566,2025-12-16,Services,Nairobi,Education,Salaried,136368.0,27560.0,41211.0,37248.0,25,29,73.2,0,Repaid,2.9,Low,Normal
CUST-10872,TXN-200567,2025-12-15,Market Trader,Kumasi,Health,Salaried,171072.0,186220.0,25268.0,40948.0,22,26,100.0,0,Repaid,1.0,Low,Normal
CUST-12248,TXN-200568,2025-02-08,Retail,Abuja,Food,Unemployed,246383.0,497206.0,8339.0,72425.0,31,36,53.9,0,Repaid,45.9,Medium,Loan-to-income mismatch
CUST-11999,TXN-200569,2026-01-08,SME,Accra,Education,Self-employed,128281.0,23147.0,81839.0,27814.0,23,58,60.1,0,Repaid,1.9,Low,Normal
CUST-13320,TXN-200570,2025-02-17,Retail,Kigali,Education,Self-employed,124866.0,170402.0,22883.0,27504.0,22,77,74.4,0,Repaid,3.7,Low,Normal
CUST-11456,TXN-200571,2025-07-24,Retail,Abuja,Food,Salaried,253728.0,191827.0,99882.0,94653.0,26,41,76.4,0,Repaid,1.0,Low,Normal
CUST-10987,TXN-200572,2025-10-18,Retail,Abuja,Shop,Informal,190809.0,209193.0,39909.0,46282.0,31,41,37.8,1,Defaulted,31.4,Low,High-risk repayment pattern
CUST-10172,TXN-200573,2026-05-03,Services,Kumasi,Food,Self-employed,68955.0,76752.0,17480.0,58591.0,26,87,82.8,0,Repaid,3.4,Low,Normal
CUST-10024,TXN-200574,2025-04-04,Retail,Kano,Transport,Unemployed,97279.0,102113.0,26323.0,40244.0,18,34,76.5,0,Repaid,5.0,Low,Normal
CUST-11307,TXN-200575,2026-02-22,SME,Kumasi,Shop,Salaried,305749.0,660457.0,70652.0,79517.0,40,17,33.9,0,Repaid,44.5,Medium,Loan-to-income mismatch
CUST-13240,TXN-200576,2025-10-04,Market Trader,Kumasi,Food,Salaried,192685.0,264161.0,81229.0,50671.0,29,34,69.9,0,Repaid,8.8,Low,Normal
CUST-11833,TXN-200577,2025-10-28,Services,Lagos,Health,Salaried,118170.0,258357.0,73902.0,21052.0,24,5,57.4,1,Defaulted,22.8,Low,Loan-to-income mismatch
CUST-13127,TXN-200578,2026-04-15,Services,Nairobi,Health,Self-employed,151513.0,271719.0,43945.0,120286.0,17,36,63.8,0,Repaid,5.4,Low,Loan-to-income mismatch
CUST-10355,TXN-200579,2025-08-20,Services,Kigali,Food,Unemployed,163662.0,157031.0,103630.0,40631.0,42,86,47.9,1,Defaulted,20.7,Low,Normal
CUST-10326,TXN-200580,2025-03-12,Market Trader,Lagos,Education,Self-employed,221684.0,282805.0,97699.0,9250.0,23,78,79.5,0,Repaid,6.1,Low,Normal
CUST-12917,TXN-200581,2025-01-10,Market Trader,Kumasi,Transport,Informal,91999.0,96184.0,37029.0,11156.0,17,86,100.0,0,Repaid,2.7,Low,Normal
CUST-10373,TXN-200582,2025-07-03,Agriculture,Kano,Transport,Contract,114325.0,230872.0,19364.0,24509.0,31,30,76.8,0,Repaid,12.2,Low,Loan-to-income mismatch
CUST-10181,TXN-200583,2026-05-25,Retail,Kumasi,Food,Salaried,182525.0,108870.0,10886.0,8493.0,19,41,33.1,0,Repaid,4.4,Low,High-risk repayment pattern
CUST-11414,TXN-200584,2025-04-23,Retail,Kumasi,Food,Self-employed,156071.0,352539.0,86888.0,86356.0,26,81,77.1,0,Repaid,15.1,Low,Loan-to-income mismatch
CUST-13236,TXN-200585,2025-03-15,Services,Accra,Education,Informal,206939.0,303899.0,78970.0,21417.0,28,72,68.5,0,Repaid,13.1,Low,Normal
CUST-12412,TXN-200586,2025-01-19,Retail,Lagos,Health,Self-employed,97111.0,149367.0,27296.0,16132.0,34,19,52.2,0,Repaid,12.5,Low,Normal
CUST-10346,TXN-200587,2025-09-20,Market Trader,Kumasi,Education,Salaried,189093.0,250983.0,100510.0,42377.0,25,81,78.4,0,Repaid,6.8,Low,Normal
CUST-12929,TXN-200588,2025-07-06,Retail,Kumasi,Shop,Informal,257420.0,363215.0,55517.0,58133.0,27,11,87.8,0,Repaid,12.9,Low,Normal
CUST-12952,TXN-200589,2025-06-26,Retail,Kumasi,Health,Self-employed,199678.0,331913.0,102570.0,30117.0,38,25,60.0,0,Repaid,14.1,Low,Loan-to-income mismatch
CUST-12802,TXN-200590,2025-11-06,Services,Abuja,Food,Unemployed,172547.0,281973.0,39102.0,50293.0,25,52,42.4,1,Defaulted,22.3,Low,Loan-to-income mismatch
CUST-13159,TXN-200591,2025-06-18,Retail,Nairobi,Fintech Agent,Self-employed,156331.0,102460.0,93823.0,67737.0,34,63,35.8,0,Repaid,12.3,Low,High-risk repayment pattern
CUST-10839,TXN-200592,2025-01-29,Market Trader,Abuja,Transport,Self-employed,114618.0,168834.0,21642.0,25294.0,22,77,60.0,0,Repaid,7.1,Low,Normal
CUST-13428,TXN-200593,2025-08-05,Retail,Abuja,Education,Self-employed,157907.0,152739.0,16842.0,14665.0,41,71,69.2,0,Repaid,2.6,Low,Normal
CUST-11122,TXN-200594,2026-01-17,Market Trader,Kano,Transport,Informal,276254.0,440406.0,127022.0,23135.0,25,28,62.7,1,Defaulted,24.4,Low,Loan-to-income mismatch
CUST-12807,TXN-200595,2025-10-23,Agriculture,Abuja,Education,Unemployed,154818.0,216156.0,18980.0,29009.0,12,35,59.7,0,Repaid,19.0,Low,Normal
CUST-12027,TXN-200596,2026-04-28,SME,Kano,Fintech Agent,Self-employed,112003.0,64837.0,69229.0,56189.0,28,69,82.2,0,Repaid,1.7,Low,Normal
CUST-12728,TXN-200597,2025-01-06,SME,Abuja,Education,Salaried,132357.0,239713.0,57311.0,95030.0,33,90,80.3,1,Defaulted,9.4,Low,Loan-to-income mismatch
CUST-12197,TXN-200598,2025-02-01,Market Trader,Lagos,Fintech Agent,Salaried,177080.0,211534.0,29297.0,29749.0,28,83,75.6,0,Repaid,3.8,Low,Normal
CUST-12248,TXN-200599,2025-03-21,Retail,Kigali,Food,Salaried,139124.0,195358.0,21085.0,21990.0,25,92,86.7,0,Repaid,3.6,Low,Normal
CUST-12156,TXN-200600,2025-01-18,Market Trader,Kumasi,Shop,Salaried,199551.0,333902.0,120138.0,22634.0,38,65,60.2,0,Repaid,19.0,Low,Loan-to-income mismatch
CUST-12726,TXN-200601,2025-11-13,Services,Kano,Food,Self-employed,202723.0,330312.0,81687.0,38802.0,19,47,52.3,0,Repaid,6.9,Low,Loan-to-income mismatch
CUST-12586,TXN-200602,2025-11-18,Agriculture,Kano,Health,Salaried,236422.0,435636.0,137847.0,41256.0,20,74,62.6,0,Repaid,13.9,Low,Loan-to-income mismatch
CUST-10470,TXN-200603,2026-01-17,Retail,Kano,Education,Self-employed,295935.0,189099.0,26469.0,105822.0,37,9,61.4,0,Repaid,2.4,Low,Normal
CUST-12891,TXN-200604,2025-04-18,Agriculture,Nairobi,Education,Informal,247276.0,105109.0,149107.0,28739.0,28,90,35.1,0,Repaid,16.7,Low,High-risk repayment pattern
CUST-11876,TXN-200605,2025-12-15,Agriculture,Abuja,Health,Salaried,109932.0,183100.0,38216.0,18950.0,31,88,62.2,0,Repaid,7.9,Low,Loan-to-income mismatch
CUST-11130,TXN-200606,2025-04-01,Agriculture,Lagos,Transport,Self-employed,111359.0,78384.0,49121.0,5338.0,33,49,91.9,0,Repaid,1.1,Low,Normal
CUST-11799,TXN-200607,2026-05-27,Agriculture,Accra,Health,Salaried,157657.0,68490.0,40189.0,7920.0,30,51,86.4,0,Repaid,1.2,Low,Normal
CUST-13384,TXN-200608,2025-05-10,Services,Abuja,Fintech Agent,Self-employed,134660.0,63472.0,7710.0,46427.0,30,51,81.5,0,Repaid,1.2,Low,Normal
CUST-13001,TXN-200609,2025-01-25,Retail,Kigali,Transport,Informal,100902.0,88230.0,62915.0,25441.0,30,15,74.4,0,Repaid,9.2,Low,Normal
CUST-12917,TXN-200610,2025-04-06,Market Trader,Kano,Transport,Salaried,135197.0,322008.0,87418.0,69330.0,26,21,98.1,0,Repaid,7.2,Low,Loan-to-income mismatch
CUST-11619,TXN-200611,2025-09-23,Services,Kumasi,Fintech Agent,Contract,133346.0,70556.0,33292.0,6736.0,15,70,52.9,0,Repaid,4.7,Low,Normal
CUST-12744,TXN-200612,2026-01-04,SME,Kano,Fintech Agent,Salaried,122740.0,103439.0,75441.0,38830.0,21,5,54.6,1,Defaulted,9.0,Low,Normal
CUST-11347,TXN-200613,2025-08-04,SME,Abuja,Fintech Agent,Salaried,142539.0,317011.0,17913.0,92241.0,28,66,92.2,0,Repaid,9.2,Low,Loan-to-income mismatch
CUST-12401,TXN-200614,2025-06-14,Market Trader,Kano,Fintech Agent,Salaried,266985.0,619016.0,31358.0,74991.0,16,30,72.5,0,Repaid,9.9,Low,Loan-to-income mismatch
CUST-12238,TXN-200615,2025-04-13,Retail,Nairobi,Transport,Salaried,176960.0,121754.0,11690.0,57149.0,32,15,59.9,0,Repaid,10.1,Low,Normal
CUST-10874,TXN-200616,2025-03-05,Services,Lagos,Education,Salaried,459622.0,981111.0,122489.0,61192.0,34,58,81.9,0,Repaid,9.7,Low,Loan-to-income mismatch
CUST-10932,TXN-200617,2026-04-05,Market Trader,Kigali,Fintech Agent,Contract,174838.0,85391.0,9258.0,18244.0,34,27,64.1,0,Repaid,1.4,Low,Normal
CUST-10213,TXN-200618,2026-01-20,SME,Lagos,Health,Salaried,144087.0,269531.0,38707.0,43945.0,24,44,56.9,0,Repaid,29.6,Low,Loan-to-income mismatch
CUST-10489,TXN-200619,2025-03-16,Retail,Kumasi,Education,Informal,163038.0,34055.0,17475.0,90904.0,15,83,56.4,0,Repaid,5.9,Low,Normal
CUST-11517,TXN-200620,2025-03-21,Services,Kumasi,Education,Salaried,181267.0,196257.0,87050.0,17085.0,28,67,77.8,0,Repaid,4.0,Low,Normal
CUST-11672,TXN-200621,2025-09-18,Retail,Kumasi,Transport,Salaried,195401.0,142464.0,106497.0,39724.0,31,93,75.7,0,Repaid,3.1,Low,Normal
CUST-10577,TXN-200622,2025-07-01,Services,Lagos,Food,Self-employed,389344.0,678587.0,176499.0,52152.0,26,39,99.3,0,Repaid,6.1,Low,Loan-to-income mismatch
CUST-11459,TXN-200623,2025-04-10,Market Trader,Kumasi,Health,Self-employed,114115.0,24608.0,16696.0,71737.0,20,40,66.8,0,Repaid,1.5,Low,Normal
CUST-12114,TXN-200624,2025-08-16,Services,Lagos,Fintech Agent,Informal,233468.0,282982.0,117461.0,31312.0,33,66,66.5,0,Repaid,8.4,Low,Normal
CUST-10813,TXN-200625,2025-08-14,Market Trader,Nairobi,Shop,Contract,177594.0,306658.0,31467.0,26407.0,11,14,97.9,0,Repaid,3.0,Low,Loan-to-income mismatch
CUST-11183,TXN-200626,2025-10-27,Services,Nairobi,Food,Self-employed,84132.0,23867.0,41938.0,44018.0,18,82,89.7,0,Repaid,1.3,Low,Normal
CUST-11286,TXN-200627,2026-02-12,SME,Kigali,Health,Unemployed,224964.0,488673.0,84915.0,152204.0,35,35,74.6,1,Defaulted,27.5,Low,Loan-to-income mismatch
CUST-11767,TXN-200628,2025-05-24,Retail,Kano,Food,Salaried,277174.0,272146.0,69579.0,51015.0,26,46,43.9,0,Repaid,5.6,Low,Normal
CUST-11282,TXN-200629,2025-12-28,Market Trader,Kumasi,Fintech Agent,Unemployed,113549.0,62099.0,8244.0,45039.0,38,49,57.4,0,Repaid,6.2,Low,Normal
CUST-12579,TXN-200630,2026-01-12,Agriculture,Abuja,Education,Self-employed,162145.0,110345.0,87774.0,31238.0,39,8,53.0,1,Defaulted,7.5,Low,Normal
CUST-11146,TXN-200631,2025-12-28,SME,Accra,Food,Salaried,78854.0,73521.0,48257.0,29021.0,35,30,72.7,0,Repaid,6.6,Low,Normal
CUST-11518,TXN-200632,2026-04-25,Market Trader,Nairobi,Health,Self-employed,95923.0,59510.0,42161.0,26843.0,21,15,62.8,0,Repaid,2.2,Low,Normal
CUST-11328,TXN-200633,2025-04-21,Retail,Abuja,Food,Self-employed,252754.0,331989.0,158644.0,35993.0,27,59,100.0,0,Repaid,1.7,Low,Normal
CUST-10640,TXN-200634,2026-01-15,Agriculture,Nairobi,Food,Self-employed,133800.0,212088.0,81416.0,26560.0,31,68,43.7,0,Repaid,20.9,Low,Loan-to-income mismatch
CUST-12400,TXN-200635,2025-01-12,SME,Kano,Transport,Salaried,102161.0,116690.0,14568.0,53703.0,29,2,51.1,0,Repaid,5.3,Low,Normal
CUST-10824,TXN-200636,2025-06-22,SME,Kigali,Fintech Agent,Salaried,179221.0,202163.0,86145.0,74436.0,41,2,76.4,0,Repaid,3.3,Low,Normal
CUST-11039,TXN-200637,2026-01-07,Market Trader,Lagos,Food,Self-employed,130690.0,250320.0,31374.0,22008.0,26,78,81.4,0,Repaid,6.3,Low,Loan-to-income mismatch
CUST-12774,TXN-200638,2026-04-26,Market Trader,Abuja,Fintech Agent,Self-employed,133553.0,113287.0,43690.0,59400.0,28,33,25.4,0,Repaid,16.9,Low,High-risk repayment pattern
CUST-12453,TXN-203104,2025-07-15,Retail,Kigali,Health,Salaried,220096.0,208601.0,54496.0,21752.0,21,68,54.7,0,Repaid,4.6,Low,Normal
CUST-12347,TXN-200640,2026-01-13,Retail,Abuja,Shop,Unemployed,99915.0,216045.0,63357.0,41481.0,34,63,67.3,0,Repaid,29.3,Low,Loan-to-income mismatch
CUST-13207,TXN-200641,2025-07-21,Services,Kigali,Health,Self-employed,111274.0,74750.0,53130.0,29441.0,27,75,96.4,0,Repaid,1.0,Low,Normal
CUST-12989,TXN-200642,2025-10-04,Market Trader,Kigali,Transport,Self-employed,173636.0,270209.0,32670.0,17149.0,21,38,100.0,0,Repaid,1.3,Low,Loan-to-income mismatch
CUST-11683,TXN-200643,2026-03-12,Market Trader,Lagos,Fintech Agent,Contract,244544.0,558660.0,62121.0,46629.0,29,30,64.5,0,Repaid,18.0,Low,Loan-to-income mismatch
CUST-12696,TXN-200644,2026-03-17,Market Trader,Nairobi,Fintech Agent,Informal,273766.0,371267.0,78342.0,121144.0,35,69,68.9,0,Repaid,13.9,Low,Normal
CUST-11149,TXN-200645,2025-07-31,Market Trader,Accra,Education,Contract,123090.0,289103.0,60431.0,73330.0,28,61,56.9,0,Repaid,36.4,Medium,Loan-to-income mismatch
CUST-11611,TXN-200646,2026-03-29,SME,Nairobi,Food,Contract,241276.0,209500.0,145535.0,81640.0,15,55,83.4,0,Repaid,1.8,Low,Normal
CUST-11874,TXN-200647,2025-08-29,SME,Kumasi,Food,Self-employed,117086.0,167753.0,26052.0,127463.0,36,36,99.5,0,Repaid,2.2,Low,Normal
CUST-13361,TXN-200648,2025-04-29,Agriculture,Kano,Health,Informal,350462.0,305077.0,111333.0,23336.0,19,59,94.6,0,Repaid,3.9,Low,Normal
CUST-12969,TXN-200649,2026-05-10,Retail,Lagos,Food,Self-employed,101095.0,19032.0,39803.0,23321.0,12,38,71.5,0,Repaid,1.0,Low,Normal
CUST-11712,TXN-200650,2025-07-04,Services,Kano,Shop,Salaried,284350.0,680741.0,76151.0,33366.0,25,85,56.9,0,Repaid,26.2,Low,Loan-to-income mismatch
CUST-12284,TXN-200651,2026-04-15,Services,Accra,Education,Self-employed,123535.0,88072.0,41710.0,34812.0,22,68,72.1,0,Repaid,2.7,Low,Normal
CUST-10708,TXN-200652,2026-04-20,Services,Accra,Health,Salaried,379103.0,887210.0,32829.0,68782.0,23,39,96.9,0,Repaid,5.6,Low,Loan-to-income mismatch
CUST-12815,TXN-200653,2025-02-16,Retail,Nairobi,Shop,Salaried,208638.0,340024.0,26212.0,68095.0,23,81,64.8,0,Repaid,4.8,Low,Loan-to-income mismatch
CUST-11935,TXN-200654,2026-01-03,Market Trader,Nairobi,Food,Self-employed,106221.0,232277.0,28966.0,6423.0,28,8,39.3,1,Defaulted,31.3,Low,Loan-to-income mismatch
CUST-11864,TXN-200655,2026-03-24,Services,Kano,Food,Self-employed,130700.0,304164.0,77951.0,59297.0,30,80,65.5,0,Repaid,13.0,Low,Loan-to-income mismatch
CUST-12681,TXN-200656,2025-04-17,Agriculture,Abuja,Education,Unemployed,225956.0,325508.0,54251.0,29757.0,38,40,67.0,0,Repaid,16.5,Low,Normal
CUST-12215,TXN-200657,2025-09-13,Retail,Kumasi,Education,Unemployed,253244.0,607612.0,44918.0,49354.0,26,23,39.2,1,Defaulted,65.6,High,Loan-to-income mismatch
CUST-10253,TXN-200658,2026-05-26,Services,Nairobi,Health,Self-employed,157992.0,297574.0,77101.0,32089.0,38,80,76.2,0,Repaid,9.3,Low,Loan-to-income mismatch
CUST-11008,TXN-200659,2026-02-16,Agriculture,Kumasi,Education,Salaried,165836.0,222696.0,102479.0,21739.0,19,63,81.1,0,Repaid,8.1,Low,Normal
CUST-10618,TXN-200660,2025-06-25,Agriculture,Kumasi,Health,Salaried,223800.0,365683.0,69210.0,42033.0,31,8,100.0,0,Repaid,2.2,Low,Loan-to-income mismatch
CUST-12572,TXN-200661,2025-07-01,Market Trader,Kumasi,Shop,Unemployed,172018.0,105152.0,4373.0,20622.0,17,27,48.0,0,Repaid,6.8,Low,Normal
CUST-10123,TXN-200662,2025-02-26,SME,Kano,Fintech Agent,Self-employed,94535.0,19332.0,42875.0,48628.0,41,44,85.1,0,Repaid,1.0,Low,Normal
CUST-10708,TXN-200663,2026-05-09,Agriculture,Abuja,Food,Salaried,115676.0,86765.0,32561.0,18179.0,37,61,89.4,0,Repaid,3.1,Low,Normal
CUST-12091,TXN-200664,2026-04-01,Market Trader,Nairobi,Food,Self-employed,179647.0,205810.0,79835.0,13967.0,23,77,81.4,0,Repaid,3.1,Low,Normal
CUST-12431,TXN-200665,2026-02-16,Agriculture,Abuja,Health,Salaried,271170.0,186098.0,52868.0,117290.0,26,36,53.9,0,Repaid,8.2,Low,Normal
CUST-11761,TXN-200666,2025-07-28,Retail,Lagos,Food,Self-employed,320845.0,423887.0,6904.0,28322.0,25,78,52.8,0,Repaid,7.0,Low,Normal
CUST-13012,TXN-200667,2025-08-20,Retail,Lagos,Health,Informal,225799.0,370454.0,53522.0,35242.0,23,76,73.7,0,Repaid,11.5,Low,Loan-to-income mismatch
CUST-13216,TXN-200668,2025-07-14,Services,Kano,Health,Contract,183627.0,300388.0,85206.0,72585.0,21,37,73.6,1,Defaulted,15.4,Low,Loan-to-income mismatch
CUST-10462,TXN-200669,2025-07-06,Market Trader,Accra,Education,Self-employed,222905.0,482401.0,59663.0,37217.0,41,90,61.9,0,Repaid,18.1,Low,Loan-to-income mismatch
CUST-13333,TXN-200670,2025-02-03,Retail,Accra,Education,Salaried,123003.0,286010.0,19444.0,20515.0,16,90,95.2,1,Defaulted,5.9,Low,Loan-to-income mismatch
CUST-12150,TXN-200671,2025-04-19,Agriculture,Abuja,Fintech Agent,Salaried,152610.0,329232.0,47664.0,17721.0,23,29,64.8,1,Defaulted,21.1,Low,Loan-to-income mismatch
CUST-12226,TXN-200672,2025-11-12,Agriculture,Kano,Health,Salaried,115136.0,179242.0,56875.0,16669.0,26,54,37.9,0,Repaid,31.3,Low,Loan-to-income mismatch
CUST-10332,TXN-200673,2025-05-23,Agriculture,Kumasi,Health,Self-employed,96329.0,61342.0,9175.0,93943.0,31,83,68.0,0,Repaid,1.6,Low,Normal
CUST-12176,TXN-200674,2025-03-21,Market Trader,Kano,Health,Salaried,187230.0,425847.0,85340.0,5643.0,35,52,80.6,0,Repaid,17.4,Low,Loan-to-income mismatch
CUST-12540,TXN-200675,2025-08-17,SME,Accra,Health,Self-employed,175943.0,99969.0,77490.0,24257.0,29,71,78.2,0,Repaid,1.7,Low,Normal
CUST-12032,TXN-200676,2026-02-20,Retail,Abuja,Health,Self-employed,217252.0,112139.0,55087.0,28929.0,24,77,78.0,0,Repaid,1.0,Low,Normal
CUST-10295,TXN-200677,2025-07-02,Retail,Nairobi,Health,Self-employed,204714.0,181173.0,129238.0,28819.0,24,55,98.9,0,Repaid,1.3,Low,Normal
CUST-11831,TXN-200678,2026-01-24,Retail,Accra,Food,Salaried,180216.0,261927.0,105186.0,26701.0,23,35,51.9,1,Defaulted,9.7,Low,Normal
CUST-13275,TXN-200679,2025-11-29,SME,Nairobi,Health,Self-employed,205619.0,348086.0,45068.0,75992.0,29,51,64.4,0,Repaid,9.3,Low,Loan-to-income mismatch
CUST-12531,TXN-200680,2025-06-18,SME,Kano,Education,Contract,159863.0,33493.0,6329.0,64124.0,15,80,99.8,0,Repaid,1.0,Low,Normal
CUST-10480,TXN-200681,2025-11-24,Retail,Kano,Fintech Agent,Salaried,193574.0,369186.0,41470.0,23158.0,29,32,36.6,0,Repaid,34.6,Low,Loan-to-income mismatch
CUST-13359,TXN-200682,2025-09-21,Services,Nairobi,Food,Self-employed,119973.0,68210.0,17873.0,23699.0,26,81,71.0,0,Repaid,2.4,Low,Normal
CUST-13356,TXN-200683,2025-04-10,Services,Kano,Shop,Self-employed,190094.0,159336.0,69340.0,138703.0,31,21,94.1,0,Repaid,1.2,Low,Normal
CUST-10592,TXN-200684,2025-08-08,Retail,Nairobi,Health,Self-employed,215504.0,192883.0,129046.0,47696.0,37,45,93.9,0,Repaid,1.8,Low,Normal
CUST-12803,TXN-200685,2025-05-15,Agriculture,Lagos,Education,Informal,122852.0,112782.0,69818.0,2226.0,20,9,83.9,0,Repaid,5.3,Low,Normal
CUST-11423,TXN-200686,2025-10-11,SME,Nairobi,Shop,Contract,166337.0,310720.0,35375.0,28475.0,25,82,84.3,0,Repaid,6.0,Low,Loan-to-income mismatch
CUST-12077,TXN-200687,2025-01-24,Market Trader,Nairobi,Health,Contract,125252.0,33930.0,36325.0,22983.0,27,68,53.3,0,Repaid,2.4,Low,Normal
CUST-11558,TXN-200688,2025-02-11,Market Trader,Accra,Shop,Informal,130466.0,80402.0,5613.0,115487.0,22,13,96.7,0,Repaid,1.8,Low,Normal
CUST-12739,TXN-200689,2025-07-17,Agriculture,Accra,Shop,Informal,101471.0,23293.0,36816.0,24116.0,23,22,50.4,0,Repaid,12.0,Low,Normal
CUST-13488,TXN-200690,2025-09-23,Retail,Kano,Health,Informal,276959.0,528389.0,16596.0,29650.0,19,51,51.5,0,Repaid,44.3,Medium,Loan-to-income mismatch
CUST-12782,TXN-200691,2025-09-02,SME,Kano,Shop,Self-employed,254635.0,601922.0,155664.0,13124.0,20,48,79.0,0,Repaid,14.1,Low,Loan-to-income mismatch
CUST-13259,TXN-200692,2025-02-12,Retail,Kano,Transport,Informal,203969.0,335365.0,115481.0,40269.0,13,12,63.1,0,Repaid,32.9,Low,Loan-to-income mismatch
CUST-13311,TXN-200693,2025-02-24,Retail,Kumasi,Food,Salaried,372623.0,555249.0,57734.0,64240.0,18,85,75.7,0,Repaid,5.9,Low,Normal
CUST-10315,TXN-200694,2025-02-23,SME,Abuja,Fintech Agent,Unemployed,150319.0,330087.0,69237.0,52992.0,31,45,79.8,1,Defaulted,22.7,Low,Loan-to-income mismatch
CUST-10886,TXN-200695,2025-02-13,Retail,Abuja,Education,Salaried,581485.0,433787.0,219716.0,27957.0,30,65,100.0,0,Repaid,1.7,Low,Normal
CUST-12526,TXN-200696,2026-03-06,Agriculture,Kano,Fintech Agent,Salaried,147922.0,48451.0,77638.0,29155.0,27,72,79.8,0,Repaid,1.0,Low,Normal
CUST-12065,TXN-200697,2025-05-19,SME,Accra,Health,Salaried,181168.0,237717.0,57912.0,86131.0,24,17,60.9,0,Repaid,10.5,Low,Normal
CUST-10175,TXN-200698,2026-02-14,Retail,Abuja,Transport,Contract,137714.0,104384.0,19392.0,31868.0,31,33,84.2,0,Repaid,1.3,Low,Normal
CUST-10332,TXN-200699,2025-09-11,Services,Accra,Education,Self-employed,190304.0,224825.0,80518.0,27704.0,22,71,57.0,0,Repaid,5.3,Low,Normal
CUST-11821,TXN-200700,2026-05-27,Market Trader,Nairobi,Food,Contract,231181.0,275796.0,16316.0,44042.0,19,74,88.4,0,Repaid,1.8,Low,Normal
CUST-12156,TXN-200701,2026-05-23,SME,Abuja,Transport,Self-employed,155151.0,137744.0,60244.0,33824.0,33,22,73.2,0,Repaid,6.1,Low,Normal
CUST-10587,TXN-200702,2025-11-08,Retail,Abuja,Education,Self-employed,343253.0,432375.0,52862.0,19309.0,19,32,79.2,0,Repaid,7.7,Low,Normal
CUST-10599,TXN-200703,2026-04-18,Retail,Nairobi,Fintech Agent,Informal,179952.0,184260.0,81250.0,9938.0,33,75,39.9,0,Repaid,20.0,Low,High-risk repayment pattern
CUST-10452,TXN-200704,2025-07-27,Services,Abuja,Health,Self-employed,182336.0,78585.0,98765.0,30360.0,30,34,31.5,0,Repaid,8.2,Low,High-risk repayment pattern
CUST-11977,TXN-200705,2025-07-25,Services,Kumasi,Transport,Self-employed,111104.0,233777.0,9888.0,20548.0,23,9,45.0,0,Repaid,21.0,Low,Loan-to-income mismatch
CUST-10027,TXN-200706,2025-03-06,Market Trader,Kigali,Transport,Informal,194030.0,336997.0,52809.0,59349.0,33,48,100.0,0,Repaid,7.6,Low,Loan-to-income mismatch
CUST-12003,TXN-200707,2025-10-14,Market Trader,Accra,Fintech Agent,Salaried,153846.0,41801.0,74172.0,27697.0,21,15,51.3,0,Repaid,6.1,Low,Normal
CUST-11665,TXN-200708,2025-12-08,SME,Accra,Education,Self-employed,126063.0,55095.0,15523.0,88369.0,23,57,85.2,0,Repaid,1.0,Low,Normal
CUST-11630,TXN-200709,2025-10-16,Retail,Kumasi,Food,Salaried,117463.0,46311.0,44273.0,56445.0,28,89,60.4,0,Repaid,1.9,Low,Normal
CUST-12377,TXN-200710,2025-04-30,Services,Lagos,Health,Self-employed,499889.0,158500.0,221580.0,7617.0,32,11,67.7,0,Repaid,1.7,Low,Normal
CUST-11829,TXN-200711,2025-06-27,Retail,Lagos,Shop,Contract,145705.0,45330.0,35482.0,15322.0,29,28,71.2,0,Repaid,1.3,Low,Normal
CUST-12547,TXN-200712,2025-05-12,Retail,Abuja,Health,Salaried,88262.0,46672.0,48028.0,115333.0,17,55,100.0,0,Repaid,1.2,Low,Normal
CUST-12673,TXN-200713,2026-03-19,Retail,Accra,Food,Salaried,121388.0,250335.0,41480.0,24781.0,22,16,82.5,0,Repaid,9.1,Low,Loan-to-income mismatch
CUST-13220,TXN-200714,2025-03-11,Market Trader,Nairobi,Food,Contract,159268.0,321511.0,66097.0,41832.0,29,52,78.9,0,Repaid,12.5,Low,Loan-to-income mismatch
CUST-12797,TXN-200715,2025-05-31,Services,Kumasi,Education,Contract,204761.0,392851.0,22268.0,30096.0,29,22,95.3,0,Repaid,5.6,Low,Loan-to-income mismatch
CUST-11811,TXN-200716,2025-06-18,SME,Kigali,Transport,Self-employed,205462.0,317367.0,7107.0,12624.0,26,61,60.6,0,Repaid,6.5,Low,Normal
CUST-11722,TXN-200717,2025-08-09,Retail,Kano,Fintech Agent,Self-employed,216247.0,386251.0,11239.0,20593.0,30,35,91.2,0,Repaid,3.5,Low,Loan-to-income mismatch
CUST-10824,TXN-200718,2025-06-09,Retail,Nairobi,Shop,Salaried,124139.0,225862.0,73176.0,17573.0,24,89,88.2,0,Repaid,8.3,Low,Loan-to-income mismatch
CUST-12098,TXN-200719,2026-04-13,Market Trader,Kumasi,Education,Salaried,187772.0,404512.0,108169.0,52052.0,28,80,88.0,0,Repaid,8.2,Low,Loan-to-income mismatch
CUST-10486,TXN-200720,2025-09-19,SME,Lagos,Food,Self-employed,112652.0,203427.0,59568.0,28299.0,24,95,69.2,0,Repaid,12.0,Low,Loan-to-income mismatch
CUST-13259,TXN-200721,2025-06-28,SME,Accra,Fintech Agent,Self-employed,125461.0,227704.0,18287.0,72149.0,24,16,64.1,0,Repaid,13.9,Low,Loan-to-income mismatch
CUST-12957,TXN-200722,2025-06-25,Retail,Kumasi,Education,Informal,110698.0,217528.0,38859.0,13479.0,32,91,56.3,0,Repaid,36.6,Medium,Loan-to-income mismatch
CUST-10419,TXN-200723,2025-09-21,Agriculture,Kano,Food,Self-employed,98802.0,139815.0,51531.0,3380.0,16,3,57.5,0,Repaid,16.6,Low,Normal
CUST-12750,TXN-200724,2025-07-07,SME,Nairobi,Food,Salaried,254478.0,166155.0,113253.0,56472.0,39,22,55.5,0,Repaid,3.2,Low,Normal
CUST-10409,TXN-200725,2026-03-26,Services,Kano,Transport,Salaried,217340.0,79913.0,20164.0,43112.0,36,83,78.6,0,Repaid,1.1,Low,Normal
CUST-12524,TXN-200726,2025-03-05,SME,Kumasi,Shop,Contract,245291.0,272341.0,143297.0,39872.0,35,83,67.9,0,Repaid,7.2,Low,Normal
CUST-10306,TXN-200727,2025-06-18,Market Trader,Nairobi,Food,Self-employed,165464.0,63462.0,20059.0,33958.0,27,30,79.8,0,Repaid,1.1,Low,Normal
CUST-11708,TXN-200728,2025-08-12,Retail,Abuja,Shop,Contract,225541.0,125368.0,28921.0,11429.0,17,81,80.8,0,Repaid,1.1,Low,Normal
CUST-12302,TXN-200729,2026-05-12,Services,Lagos,Education,Self-employed,77673.0,18092.0,45643.0,26100.0,26,9,52.9,0,Repaid,2.0,Low,Normal
CUST-12550,TXN-200730,2025-06-03,Retail,Kigali,Fintech Agent,Salaried,233864.0,197956.0,76078.0,69270.0,23,33,52.4,0,Repaid,8.2,Low,Normal
CUST-11465,TXN-200731,2025-04-16,Market Trader,Nairobi,Shop,Informal,175324.0,409100.0,44694.0,100971.0,17,4,67.9,0,Repaid,23.5,Low,Loan-to-income mismatch
CUST-13225,TXN-200732,2025-07-26,SME,Kigali,Fintech Agent,Salaried,211798.0,216294.0,78112.0,49986.0,28,50,58.0,0,Repaid,3.6,Low,Normal
CUST-12710,TXN-200733,2025-12-20,SME,Lagos,Shop,Salaried,190920.0,136466.0,121860.0,65257.0,18,86,56.2,1,Defaulted,7.0,Low,Normal
CUST-10728,TXN-200734,2026-05-24,SME,Kumasi,Food,Self-employed,107521.0,115656.0,10254.0,97590.0,21,59,100.0,0,Repaid,1.0,Low,Normal
CUST-12349,TXN-200735,2025-01-31,Agriculture,Lagos,Education,Contract,86753.0,73651.0,43106.0,35863.0,19,51,44.4,0,Repaid,9.0,Low,Normal
CUST-12556,TXN-200736,2025-11-30,Retail,Accra,Education,Self-employed,120685.0,202269.0,27833.0,49302.0,37,20,100.0,0,Repaid,1.7,Low,Loan-to-income mismatch
CUST-11167,TXN-200737,2025-10-05,Agriculture,Nairobi,Food,Self-employed,206337.0,327770.0,19342.0,81640.0,37,59,77.2,0,Repaid,5.2,Low,Loan-to-income mismatch
CUST-12583,TXN-200738,2025-06-24,Services,Abuja,Shop,Self-employed,217475.0,52347.0,62158.0,40952.0,35,32,89.8,0,Repaid,1.0,Low,Normal
CUST-13144,TXN-200739,2025-03-24,Retail,Kano,Health,Contract,91625.0,120499.0,33509.0,29573.0,19,59,87.6,0,Repaid,1.7,Low,Normal
CUST-12859,TXN-200740,2025-12-06,Retail,Accra,Food,Contract,107790.0,28065.0,16142.0,94147.0,22,14,83.1,0,Repaid,1.0,Low,Normal
CUST-12668,TXN-200741,2025-11-21,Services,Accra,Transport,Contract,120119.0,202250.0,33071.0,38376.0,26,51,100.0,0,Repaid,4.1,Low,Loan-to-income mismatch
CUST-12220,TXN-200742,2025-03-10,Market Trader,Lagos,Food,Salaried,140075.0,316219.0,58898.0,12544.0,24,48,52.5,0,Repaid,18.5,Low,Loan-to-income mismatch
CUST-10946,TXN-200743,2025-11-15,Market Trader,Kano,Food,Self-employed,91852.0,201581.0,35194.0,27483.0,29,74,69.2,1,Defaulted,16.5,Low,Loan-to-income mismatch
CUST-12783,TXN-200744,2025-09-21,Market Trader,Nairobi,Education,Contract,89567.0,57026.0,42597.0,108484.0,19,87,56.6,0,Repaid,4.5,Low,Normal
CUST-11274,TXN-200745,2025-08-03,SME,Lagos,Education,Salaried,115247.0,210749.0,63033.0,102379.0,31,87,41.5,0,Repaid,29.8,Low,Loan-to-income mismatch
CUST-11862,TXN-200746,2025-10-02,Agriculture,Kano,Education,Salaried,168759.0,327495.0,46874.0,21634.0,34,34,60.1,0,Repaid,13.1,Low,Loan-to-income mismatch
CUST-11100,TXN-200747,2026-04-23,Agriculture,Kumasi,Fintech Agent,Informal,99126.0,208055.0,28397.0,68785.0,30,62,100.0,0,Repaid,7.0,Low,Loan-to-income mismatch
CUST-11095,TXN-200748,2025-08-13,Market Trader,Kano,Fintech Agent,Informal,155028.0,117249.0,51611.0,27265.0,26,63,68.9,0,Repaid,6.2,Low,Normal
CUST-10551,TXN-200749,2026-04-05,Retail,Kumasi,Shop,Unemployed,253874.0,299788.0,95660.0,21031.0,30,81,100.0,0,Repaid,3.6,Low,Normal
CUST-13364,TXN-200750,2025-01-16,SME,Abuja,Education,Self-employed,94207.0,63283.0,8313.0,97021.0,20,77,100.0,0,Repaid,1.0,Low,Normal
CUST-10517,TXN-200751,2026-01-15,Market Trader,Abuja,Transport,Salaried,149237.0,34917.0,32379.0,13012.0,19,2,100.0,0,Repaid,1.0,Low,Normal
CUST-10301,TXN-200752,2026-01-22,SME,Kigali,Shop,Salaried,250296.0,411238.0,32111.0,29543.0,26,77,100.0,0,Repaid,1.4,Low,Duplicate customer details
CUST-13276,TXN-200753,2026-01-07,SME,Nairobi,Shop,Contract,136534.0,155355.0,35920.0,57038.0,24,47,100.0,0,Repaid,2.1,Low,Normal
CUST-11942,TXN-200754,2025-07-10,Services,Kano,Education,Contract,127907.0,93477.0,80992.0,39628.0,32,91,77.9,0,Repaid,5.3,Low,Normal
CUST-11532,TXN-200755,2025-02-05,Retail,Lagos,Fintech Agent,Self-employed,265314.0,546698.0,102708.0,63430.0,27,58,76.1,0,Repaid,19.3,Low,Loan-to-income mismatch
CUST-12581,TXN-200756,2025-01-29,Retail,Accra,Health,Self-employed,143114.0,183245.0,41576.0,17933.0,31,38,77.3,0,Repaid,7.5,Low,Normal
CUST-11341,TXN-200757,2025-06-16,Agriculture,Nairobi,Shop,Informal,258820.0,618098.0,97456.0,35850.0,17,20,72.0,0,Repaid,37.4,Medium,Loan-to-income mismatch
CUST-10447,TXN-200758,2025-03-04,SME,Kumasi,Transport,Salaried,194885.0,378321.0,86045.0,7440.0,39,91,74.7,0,Repaid,10.9,Low,Loan-to-income mismatch
CUST-12553,TXN-200759,2025-04-15,Retail,Kumasi,Health,Salaried,140928.0,297309.0,41436.0,6593.0,34,17,85.5,0,Repaid,4.2,Low,Loan-to-income mismatch
CUST-10615,TXN-200760,2025-01-10,Services,Accra,Education,Unemployed,199082.0,377618.0,60134.0,19028.0,42,10,63.6,0,Repaid,25.5,Low,Loan-to-income mismatch
CUST-11935,TXN-200761,2025-07-20,SME,Kigali,Education,Self-employed,186202.0,77302.0,86003.0,87533.0,24,14,47.2,1,Defaulted,6.8,Low,Normal
CUST-13321,TXN-200762,2026-04-14,Market Trader,Lagos,Transport,Contract,249889.0,81055.0,14579.0,45892.0,38,53,78.5,0,Repaid,1.0,Low,Normal
CUST-13276,TXN-200763,2025-02-26,Agriculture,Nairobi,Health,Unemployed,129275.0,285888.0,46571.0,27179.0,19,28,59.5,0,Repaid,32.8,Low,Loan-to-income mismatch
CUST-11262,TXN-200764,2025-07-08,SME,Kigali,Fintech Agent,Contract,165596.0,80612.0,60412.0,11709.0,23,56,61.4,0,Repaid,2.9,Low,Normal
CUST-12731,TXN-200765,2025-06-14,Market Trader,Nairobi,Transport,Self-employed,158604.0,166300.0,78787.0,39323.0,21,79,69.4,0,Repaid,2.6,Low,Normal
CUST-12144,TXN-200766,2025-08-14,Market Trader,Abuja,Fintech Agent,Self-employed,218763.0,335583.0,139804.0,157142.0,35,29,65.3,0,Repaid,19.7,Low,Unusually high amount
CUST-11677,TXN-200767,2025-10-22,Market Trader,Kigali,Food,Self-employed,105813.0,68822.0,55163.0,32174.0,23,4,92.0,0,Repaid,1.7,Low,Normal
CUST-10489,TXN-200768,2026-04-20,Market Trader,Kigali,Shop,Informal,249479.0,169679.0,84171.0,13060.0,28,35,69.0,0,Repaid,7.4,Low,Normal
CUST-11317,TXN-200769,2025-03-27,Agriculture,Nairobi,Fintech Agent,Salaried,197967.0,240541.0,25093.0,30470.0,14,58,92.9,0,Repaid,2.4,Low,Normal
CUST-12281,TXN-200770,2025-06-05,Market Trader,Kano,Transport,Contract,93610.0,91849.0,36564.0,8559.0,38,70,75.7,0,Repaid,2.8,Low,Normal
CUST-13453,TXN-200771,2025-02-24,Retail,Nairobi,Shop,Informal,270349.0,454726.0,147505.0,25046.0,32,8,70.4,0,Repaid,24.4,Low,Loan-to-income mismatch
CUST-10017,TXN-200772,2025-01-24,SME,Nairobi,Food,Salaried,415949.0,144197.0,252656.0,83084.0,26,84,74.8,0,Repaid,1.3,Low,Normal
CUST-12512,TXN-200773,2025-12-31,Retail,Abuja,Education,Contract,247897.0,313601.0,133851.0,89942.0,26,57,48.8,0,Repaid,5.5,Low,Normal
CUST-12962,TXN-200774,2025-05-31,Agriculture,Abuja,Education,Salaried,296361.0,167994.0,41209.0,25842.0,36,47,78.1,0,Repaid,1.4,Low,Normal
CUST-13329,TXN-200775,2025-05-08,SME,Nairobi,Fintech Agent,Salaried,168696.0,257587.0,79105.0,17958.0,24,25,87.3,0,Repaid,7.9,Low,Normal
CUST-11483,TXN-200776,2025-08-17,SME,Nairobi,Food,Salaried,80997.0,35476.0,46533.0,86571.0,38,92,89.8,0,Repaid,2.3,Low,Normal
CUST-10414,TXN-200777,2025-09-04,Market Trader,Kumasi,Shop,Self-employed,75017.0,46416.0,33686.0,37979.0,20,16,47.7,0,Repaid,5.2,Low,Normal
CUST-10948,TXN-200778,2025-08-14,Retail,Accra,Food,Salaried,181160.0,355913.0,81889.0,35059.0,38,44,44.7,0,Repaid,24.2,Low,Loan-to-income mismatch
CUST-12976,TXN-200779,2026-03-09,SME,Kigali,Fintech Agent,Self-employed,126927.0,89112.0,42534.0,55227.0,30,45,62.3,0,Repaid,1.9,Low,Normal
CUST-13072,TXN-200780,2025-12-19,Retail,Kano,Shop,Self-employed,110844.0,201324.0,46698.0,31124.0,13,53,96.9,0,Repaid,6.4,Low,Loan-to-income mismatch
CUST-12229,TXN-200781,2025-07-15,SME,Nairobi,Transport,Salaried,158522.0,124630.0,32570.0,51752.0,41,23,76.0,0,Repaid,2.4,Low,Normal
CUST-10429,TXN-200782,2025-04-10,Retail,Kigali,Health,Salaried,210775.0,147914.0,16008.0,42407.0,27,90,58.1,0,Repaid,2.8,Low,Normal
CUST-10426,TXN-200783,2025-02-20,SME,Abuja,Transport,Contract,88419.0,74637.0,47875.0,62731.0,22,37,45.8,0,Repaid,4.2,Low,Normal
CUST-11673,TXN-200784,2026-01-01,Retail,Lagos,Food,Self-employed,134790.0,287867.0,82785.0,39436.0,23,68,59.7,0,Repaid,13.5,Low,Loan-to-income mismatch
CUST-12058,TXN-200785,2026-02-10,Retail,Abuja,Shop,Contract,306860.0,325796.0,171780.0,19443.0,31,61,58.5,1,Defaulted,7.7,Low,Normal
CUST-10113,TXN-200786,2025-12-27,Market Trader,Kumasi,Shop,Contract,103609.0,74717.0,23868.0,97415.0,40,21,88.8,0,Repaid,1.0,Low,Normal
CUST-12401,TXN-200787,2026-01-17,SME,Abuja,Health,Contract,234521.0,321608.0,18509.0,50042.0,20,90,90.2,0,Repaid,2.8,Low,Normal
CUST-11905,TXN-200788,2025-11-26,Retail,Kumasi,Health,Self-employed,132775.0,137571.0,26089.0,7958.0,25,45,53.1,0,Repaid,7.4,Low,Normal
CUST-10043,TXN-200789,2025-11-11,Market Trader,Accra,Shop,Contract,204686.0,395912.0,112779.0,27675.0,22,60,85.6,0,Repaid,5.2,Low,Loan-to-income mismatch
CUST-10334,TXN-200790,2026-05-13,Agriculture,Kigali,Education,Self-employed,258042.0,613828.0,111774.0,28870.0,21,62,83.7,0,Repaid,13.2,Low,Loan-to-income mismatch
CUST-11590,TXN-200791,2025-10-05,SME,Kumasi,Food,Self-employed,222201.0,299748.0,139768.0,29368.0,24,49,50.8,0,Repaid,10.1,Low,Normal
CUST-12529,TXN-200792,2026-04-12,SME,Kumasi,Food,Salaried,238434.0,282039.0,56244.0,22459.0,26,61,70.5,0,Repaid,5.8,Low,Normal
CUST-12888,TXN-200793,2026-01-24,Retail,Abuja,Health,Unemployed,100341.0,94475.0,36868.0,42311.0,39,54,78.1,0,Repaid,20.3,Low,Normal
CUST-11509,TXN-200794,2025-08-17,Retail,Kano,Education,Informal,259818.0,608185.0,134514.0,41931.0,28,71,74.9,1,Defaulted,34.4,Low,Loan-to-income mismatch
CUST-11033,TXN-200795,2025-07-02,Retail,Abuja,Shop,Self-employed,113763.0,142532.0,19046.0,14671.0,27,46,41.2,1,Defaulted,17.7,Low,High-risk repayment pattern
CUST-13389,TXN-200796,2025-03-27,Services,Lagos,Fintech Agent,Self-employed,181499.0,104390.0,113868.0,36580.0,36,78,74.4,0,Repaid,3.8,Low,Normal
CUST-11604,TXN-200797,2025-06-20,Retail,Kano,Transport,Self-employed,181401.0,422965.0,71329.0,50070.0,25,54,83.5,1,Defaulted,11.7,Low,Loan-to-income mismatch
CUST-11103,TXN-200798,2025-09-28,Retail,Kigali,Education,Salaried,199536.0,461558.0,4984.0,13419.0,21,95,100.0,0,Repaid,5.8,Low,Loan-to-income mismatch
CUST-11548,TXN-200799,2025-11-20,Retail,Nairobi,Shop,Salaried,187498.0,215118.0,6721.0,31383.0,24,55,60.0,0,Repaid,2.9,Low,Normal
CUST-10042,TXN-200800,2026-03-12,Agriculture,Abuja,Education,Salaried,114188.0,108818.0,65749.0,96657.0,35,57,62.2,0,Repaid,6.1,Low,Normal
CUST-11056,TXN-200801,2025-03-27,Market Trader,Kano,Shop,Contract,92324.0,156080.0,39379.0,49249.0,28,48,68.2,0,Repaid,8.8,Low,Loan-to-income mismatch
CUST-11804,TXN-200802,2025-03-25,Agriculture,Nairobi,Transport,Self-employed,234776.0,474297.0,117561.0,49369.0,23,39,77.2,0,Repaid,17.7,Low,Loan-to-income mismatch
CUST-13214,TXN-200803,2025-11-23,Market Trader,Lagos,Food,Self-employed,175967.0,226424.0,90435.0,49848.0,35,76,73.7,0,Repaid,4.4,Low,Normal
CUST-12583,TXN-200804,2025-01-09,Agriculture,Nairobi,Shop,Salaried,263745.0,241170.0,75138.0,67080.0,21,61,82.9,0,Repaid,1.4,Low,Normal
CUST-12734,TXN-200805,2026-03-24,Services,Accra,Food,Informal,159726.0,135623.0,83557.0,3500.0,27,38,51.7,0,Repaid,11.6,Low,Normal
CUST-11907,TXN-200806,2025-04-22,Market Trader,Kumasi,Education,Contract,90204.0,81639.0,55083.0,18698.0,28,77,79.1,0,Repaid,4.4,Low,Normal
CUST-10387,TXN-200807,2025-09-23,Services,Lagos,Fintech Agent,Contract,244208.0,107948.0,31373.0,7897.0,28,12,58.6,0,Repaid,2.1,Low,Normal
CUST-11368,TXN-200808,2025-02-09,Services,Kigali,Food,Self-employed,139308.0,265875.0,69850.0,26405.0,30,7,69.4,0,Repaid,7.2,Low,Loan-to-income mismatch
CUST-13489,TXN-200809,2025-02-12,Retail,Kumasi,Health,Self-employed,187896.0,77603.0,40193.0,25868.0,28,62,100.0,0,Repaid,1.0,Low,Normal
CUST-10154,TXN-200810,2026-04-07,SME,Abuja,Transport,Self-employed,124004.0,131972.0,27596.0,38598.0,29,45,46.8,0,Repaid,4.5,Low,Normal
CUST-13077,TXN-200811,2025-12-09,SME,Nairobi,Fintech Agent,Salaried,324684.0,660269.0,90923.0,83611.0,20,76,67.0,0,Repaid,10.7,Low,Loan-to-income mismatch
CUST-12395,TXN-200812,2026-05-02,Agriculture,Lagos,Fintech Agent,Self-employed,112628.0,121313.0,63538.0,19128.0,39,64,49.1,0,Repaid,9.5,Low,Normal
CUST-10993,TXN-200813,2026-03-25,SME,Abuja,Health,Self-employed,141249.0,117854.0,4788.0,160477.0,17,75,74.8,0,Repaid,1.3,Low,Unusually high amount
CUST-12722,TXN-200814,2026-05-25,SME,Nairobi,Transport,Self-employed,170268.0,389083.0,49952.0,9593.0,18,26,90.9,0,Repaid,4.5,Low,Loan-to-income mismatch
CUST-12929,TXN-200815,2025-04-12,Market Trader,Nairobi,Fintech Agent,Self-employed,102876.0,47418.0,46133.0,71235.0,28,25,75.1,0,Repaid,2.5,Low,Normal
CUST-10151,TXN-200816,2026-01-14,Agriculture,Lagos,Food,Salaried,186991.0,400979.0,16747.0,9345.0,22,25,69.9,0,Repaid,13.9,Low,Loan-to-income mismatch
CUST-10372,TXN-200817,2025-11-12,Retail,Kumasi,Transport,Self-employed,320296.0,101793.0,166272.0,58924.0,26,62,95.9,0,Repaid,1.0,Low,Normal
CUST-12330,TXN-200818,2025-04-20,SME,Nairobi,Food,Self-employed,132456.0,145441.0,81248.0,78386.0,38,65,77.9,0,Repaid,4.9,Low,Normal
CUST-13496,TXN-200819,2025-04-12,Retail,Lagos,Transport,Self-employed,192136.0,304040.0,14850.0,31541.0,22,95,86.8,0,Repaid,1.8,Low,Loan-to-income mismatch
CUST-10083,TXN-200820,2025-07-21,Agriculture,Lagos,Food,Informal,65000.0,65097.0,7563.0,54112.0,29,22,84.9,0,Repaid,5.5,Low,Normal
CUST-12329,TXN-200821,2026-02-27,Agriculture,Abuja,Food,Salaried,160115.0,218849.0,101462.0,17521.0,18,11,20.2,0,Repaid,36.0,Medium,High-risk repayment pattern
CUST-10477,TXN-200822,2025-08-29,Retail,Abuja,Fintech Agent,Self-employed,142703.0,90314.0,20642.0,17669.0,27,92,70.6,0,Repaid,2.3,Low,Normal
CUST-12275,TXN-200823,2025-05-11,Agriculture,Abuja,Food,Self-employed,115408.0,166563.0,8048.0,51223.0,32,51,52.6,0,Repaid,10.0,Low,Normal
CUST-12181,TXN-200824,2025-10-28,Agriculture,Nairobi,Health,Self-employed,256327.0,122709.0,158892.0,22359.0,27,36,57.1,0,Repaid,5.9,Low,Normal
CUST-10316,TXN-200825,2025-11-21,Retail,Abuja,Health,Informal,141914.0,276354.0,82644.0,107840.0,26,30,98.5,0,Repaid,13.1,Low,Loan-to-income mismatch
CUST-12382,TXN-200826,2025-11-15,Market Trader,Accra,Fintech Agent,Self-employed,151064.0,222973.0,65427.0,51177.0,19,85,65.3,0,Repaid,8.6,Low,Normal
CUST-13139,TXN-200827,2025-11-01,Retail,Kano,Education,Informal,138910.0,173622.0,51036.0,47925.0,26,76,100.0,0,Repaid,2.9,Low,Normal
CUST-13022,TXN-200828,2025-07-16,Retail,Kano,Education,Salaried,72761.0,21927.0,43592.0,27705.0,23,18,46.7,0,Repaid,5.9,Low,Normal
CUST-10101,TXN-200829,2025-07-13,Agriculture,Kigali,Fintech Agent,Informal,101171.0,130460.0,43805.0,12796.0,26,32,52.5,0,Repaid,18.6,Low,Normal
CUST-10860,TXN-200830,2025-07-16,Market Trader,Kano,Health,Contract,243692.0,348754.0,105955.0,63235.0,29,83,85.7,0,Repaid,3.3,Low,Normal
CUST-10842,TXN-200831,2026-04-10,SME,Abuja,Transport,Salaried,67092.0,51646.0,37003.0,101137.0,37,70,65.9,0,Repaid,3.5,Low,Duplicate customer details
CUST-11586,TXN-200832,2025-08-11,Retail,Abuja,Education,Self-employed,117966.0,198684.0,50908.0,22238.0,19,78,77.5,0,Repaid,4.9,Low,Loan-to-income mismatch
CUST-10500,TXN-200833,2026-04-11,Retail,Kigali,Education,Self-employed,137602.0,48218.0,46415.0,13066.0,26,17,70.0,0,Repaid,1.6,Low,Normal
CUST-12990,TXN-200834,2025-06-13,SME,Nairobi,Education,Unemployed,338514.0,217763.0,89884.0,55583.0,31,56,69.4,0,Repaid,7.7,Low,Normal
CUST-12718,TXN-200835,2025-06-25,Market Trader,Accra,Education,Salaried,224766.0,408480.0,75740.0,33001.0,25,8,66.5,0,Repaid,7.4,Low,Loan-to-income mismatch
CUST-12829,TXN-200836,2025-06-30,Services,Accra,Food,Self-employed,128796.0,65278.0,44971.0,56652.0,26,44,75.2,0,Repaid,1.7,Low,Normal
CUST-10693,TXN-200837,2025-06-29,Retail,Accra,Shop,Self-employed,281502.0,204122.0,69622.0,31448.0,21,11,83.5,0,Repaid,2.0,Low,Normal
CUST-10051,TXN-200838,2025-06-17,SME,Kumasi,Food,Salaried,119251.0,193771.0,36051.0,137532.0,22,27,100.0,0,Repaid,1.1,Low,Loan-to-income mismatch
CUST-13187,TXN-200839,2025-12-04,SME,Kumasi,Health,Contract,248655.0,447089.0,130588.0,73410.0,27,26,68.4,0,Repaid,21.6,Low,Loan-to-income mismatch
CUST-11011,TXN-200840,2026-05-12,SME,Lagos,Fintech Agent,Contract,91975.0,27069.0,25974.0,151825.0,27,19,64.9,0,Repaid,1.5,Low,Unusually high amount
CUST-12296,TXN-200841,2025-05-27,SME,Nairobi,Education,Self-employed,255447.0,117768.0,9222.0,17361.0,29,81,62.6,0,Repaid,1.3,Low,Normal
CUST-13183,TXN-200842,2025-06-07,Retail,Nairobi,Health,Informal,137231.0,160613.0,27213.0,43071.0,24,36,98.5,0,Repaid,3.9,Low,Normal
CUST-10126,TXN-200843,2025-06-06,Agriculture,Kigali,Transport,Informal,105665.0,158075.0,17540.0,80771.0,27,16,84.4,0,Repaid,6.8,Low,Normal
CUST-10019,TXN-200844,2025-05-05,SME,Kano,Health,Contract,148568.0,176409.0,77249.0,19156.0,20,94,37.8,0,Repaid,15.2,Low,High-risk repayment pattern
CUST-10019,TXN-200845,2025-01-11,Agriculture,Lagos,Food,Salaried,182862.0,295596.0,55417.0,59921.0,32,5,37.0,0,Repaid,16.2,Low,Loan-to-income mismatch
CUST-10547,TXN-200846,2025-01-03,Retail,Kano,Health,Informal,132218.0,245701.0,25993.0,8931.0,37,15,57.1,0,Repaid,38.0,Medium,Loan-to-income mismatch
CUST-10180,TXN-200847,2025-02-18,Retail,Kano,Education,Salaried,205389.0,469927.0,109009.0,14870.0,23,82,76.1,0,Repaid,34.8,Low,Loan-to-income mismatch
CUST-12869,TXN-200848,2025-03-18,Market Trader,Kumasi,Health,Self-employed,127407.0,121895.0,4091.0,11390.0,27,44,71.4,0,Repaid,3.2,Low,Normal
CUST-12120,TXN-200849,2025-12-06,Market Trader,Abuja,Health,Unemployed,211199.0,114489.0,27409.0,13588.0,27,37,81.3,0,Repaid,3.2,Low,Normal
CUST-13430,TXN-200850,2025-03-08,Retail,Lagos,Education,Salaried,195973.0,150168.0,106018.0,63711.0,36,30,68.8,0,Repaid,3.0,Low,Normal
CUST-12805,TXN-200851,2025-06-15,Retail,Abuja,Food,Salaried,158643.0,80737.0,58208.0,31025.0,32,57,97.2,0,Repaid,1.2,Low,Normal
CUST-13371,TXN-200852,2025-08-28,Retail,Kumasi,Health,Informal,135215.0,142682.0,68608.0,36500.0,29,35,85.9,0,Repaid,5.2,Low,Normal
CUST-10834,TXN-200853,2025-02-11,Retail,Abuja,Health,Salaried,173450.0,367211.0,95059.0,20420.0,43,9,73.4,0,Repaid,16.4,Low,Loan-to-income mismatch
CUST-11007,TXN-200854,2025-09-03,Retail,Kumasi,Shop,Salaried,205070.0,194913.0,125798.0,38870.0,19,92,92.6,0,Repaid,1.8,Low,Normal
CUST-12972,TXN-200855,2026-04-25,Agriculture,Kumasi,Transport,Salaried,386913.0,197475.0,23198.0,78659.0,37,87,42.3,0,Repaid,2.5,Low,Normal
CUST-10857,TXN-200856,2025-01-04,Services,Accra,Transport,Contract,241484.0,323648.0,126421.0,12091.0,14,18,70.5,0,Repaid,6.2,Low,Normal
CUST-10200,TXN-200857,2025-06-02,Market Trader,Lagos,Transport,Self-employed,245221.0,584145.0,114401.0,211644.0,36,49,74.5,0,Repaid,12.8,Low,Loan-to-income mismatch
CUST-12341,TXN-200858,2025-02-15,Retail,Lagos,Health,Self-employed,595511.0,355974.0,89580.0,33379.0,25,44,82.8,0,Repaid,2.1,Low,Normal
CUST-12803,TXN-200859,2025-04-18,Market Trader,Nairobi,Shop,Informal,202137.0,385451.0,122692.0,16464.0,35,10,41.1,1,Defaulted,46.2,Medium,Loan-to-income mismatch
CUST-13388,TXN-200860,2026-03-11,Agriculture,Kumasi,Transport,Contract,199496.0,400559.0,54791.0,11282.0,30,39,67.3,0,Repaid,11.8,Low,Loan-to-income mismatch
CUST-13247,TXN-200861,2025-09-27,Services,Nairobi,Food,Self-employed,218750.0,234275.0,126699.0,42340.0,25,61,79.2,0,Repaid,3.0,Low,Normal
CUST-10420,TXN-200862,2025-06-28,Retail,Kigali,Transport,Salaried,106536.0,165707.0,42745.0,44874.0,21,11,80.6,0,Repaid,3.5,Low,Loan-to-income mismatch
CUST-12702,TXN-200863,2026-03-05,Retail,Kano,Transport,Informal,135072.0,153964.0,47525.0,15502.0,31,36,93.4,0,Repaid,6.5,Low,Normal
CUST-12961,TXN-200864,2026-04-19,Market Trader,Kigali,Food,Salaried,131585.0,100316.0,15856.0,69661.0,26,25,85.7,0,Repaid,1.3,Low,Normal
CUST-12443,TXN-200865,2026-03-27,Market Trader,Kano,Education,Informal,213629.0,240543.0,127329.0,47130.0,28,35,70.9,1,Defaulted,26.7,Low,Normal
CUST-12869,TXN-200866,2025-09-21,Retail,Kigali,Food,Salaried,151274.0,59230.0,56077.0,78634.0,23,61,84.1,0,Repaid,1.7,Low,Normal
CUST-12932,TXN-200867,2025-06-07,SME,Kumasi,Fintech Agent,Informal,172483.0,301749.0,4112.0,119353.0,25,40,68.4,0,Repaid,16.7,Low,Loan-to-income mismatch
CUST-11562,TXN-200868,2025-09-20,Retail,Abuja,Food,Informal,256974.0,519295.0,8100.0,12952.0,29,74,74.6,0,Repaid,20.4,Low,Loan-to-income mismatch
CUST-10140,TXN-200869,2026-01-18,Retail,Lagos,Fintech Agent,Salaried,233871.0,201697.0,119253.0,85912.0,34,49,86.3,0,Repaid,2.1,Low,Normal
CUST-11596,TXN-200870,2025-08-13,Agriculture,Kigali,Education,Salaried,152067.0,218608.0,18555.0,51972.0,15,67,71.2,0,Repaid,3.4,Low,Normal
CUST-10706,TXN-200871,2025-09-27,Agriculture,Kano,Food,Salaried,122836.0,85416.0,48791.0,46494.0,17,60,78.5,0,Repaid,1.2,Low,Normal
CUST-10398,TXN-200872,2026-02-03,Retail,Kigali,Shop,Salaried,262188.0,121383.0,117744.0,32378.0,25,78,89.3,0,Repaid,1.0,Low,Normal
CUST-10437,TXN-200873,2025-11-04,Agriculture,Abuja,Health,Self-employed,225265.0,372416.0,44152.0,70923.0,24,15,84.8,0,Repaid,7.0,Low,Loan-to-income mismatch
CUST-12440,TXN-200874,2026-01-26,Market Trader,Accra,Education,Salaried,82898.0,39602.0,31391.0,78033.0,24,95,94.2,0,Repaid,1.0,Low,Normal
CUST-11765,TXN-200875,2025-08-16,Market Trader,Abuja,Fintech Agent,Salaried,142697.0,273407.0,24453.0,44151.0,22,72,100.0,0,Repaid,4.2,Low,Loan-to-income mismatch
CUST-11889,TXN-200876,2026-02-20,Retail,Lagos,Fintech Agent,Self-employed,174471.0,136662.0,107505.0,54398.0,34,20,84.7,0,Repaid,3.1,Low,Normal
CUST-12608,TXN-200877,2025-04-02,Retail,Accra,Education,Salaried,225733.0,450811.0,126841.0,135252.0,21,4,63.7,0,Repaid,16.5,Low,Loan-to-income mismatch
CUST-11918,TXN-200878,2025-12-26,Retail,Accra,Transport,Contract,238528.0,238070.0,48056.0,2710.0,25,4,81.2,0,Repaid,1.8,Low,Normal
CUST-12205,TXN-200879,2026-02-28,SME,Abuja,Food,Salaried,183366.0,183152.0,64756.0,134761.0,18,67,80.4,0,Repaid,5.6,Low,Normal
CUST-10301,TXN-200880,2025-08-04,Services,Kano,Shop,Salaried,208106.0,384220.0,69798.0,34521.0,14,41,83.0,0,Repaid,8.0,Low,Loan-to-income mismatch
CUST-12978,TXN-200881,2025-10-08,Retail,Kano,Shop,Salaried,167199.0,219497.0,104468.0,103036.0,25,19,98.9,0,Repaid,1.5,Low,Normal
CUST-11570,TXN-200882,2025-11-14,Retail,Abuja,Food,Salaried,122637.0,76792.0,32896.0,19835.0,28,31,41.7,0,Repaid,3.0,Low,High-risk repayment pattern
CUST-10543,TXN-200883,2025-07-27,Market Trader,Nairobi,Transport,Salaried,145841.0,301586.0,54574.0,43338.0,21,44,99.2,0,Repaid,6.9,Low,Loan-to-income mismatch
CUST-12846,TXN-200884,2025-09-06,Market Trader,Kano,Fintech Agent,Salaried,164058.0,153417.0,99269.0,42714.0,33,5,100.0,0,Repaid,1.2,Low,Normal
CUST-12571,TXN-200885,2025-12-15,Agriculture,Kumasi,Fintech Agent,Salaried,160401.0,65470.0,19661.0,49639.0,24,54,82.2,0,Repaid,1.0,Low,Normal
CUST-10185,TXN-200886,2026-01-20,Retail,Nairobi,Transport,Self-employed,73722.0,81354.0,27042.0,33583.0,19,5,82.7,0,Repaid,1.3,Low,Normal
CUST-10675,TXN-200887,2025-08-08,SME,Kano,Transport,Self-employed,137731.0,200288.0,11924.0,37123.0,32,62,67.7,0,Repaid,4.6,Low,Normal
CUST-10055,TXN-200888,2026-04-02,SME,Lagos,Health,Self-employed,166643.0,255621.0,68161.0,79840.0,28,7,72.1,0,Repaid,9.7,Low,Normal
CUST-10947,TXN-200889,2026-03-15,Agriculture,Lagos,Transport,Informal,144614.0,294297.0,36209.0,53673.0,27,76,84.6,0,Repaid,14.1,Low,Loan-to-income mismatch
CUST-10349,TXN-200890,2026-01-11,Market Trader,Kumasi,Transport,Self-employed,146728.0,202767.0,92382.0,31999.0,35,25,83.4,0,Repaid,3.3,Low,Normal
CUST-12484,TXN-200891,2025-03-12,Retail,Lagos,Health,Salaried,199777.0,135177.0,56279.0,55901.0,14,50,85.0,0,Repaid,1.3,Low,Normal
CUST-11828,TXN-200892,2025-07-18,Retail,Lagos,Food,Self-employed,103449.0,78714.0,10945.0,114507.0,35,38,83.3,0,Repaid,1.4,Low,Normal
CUST-13430,TXN-200893,2025-01-16,SME,Accra,Fintech Agent,Contract,82143.0,33175.0,44802.0,58522.0,35,84,88.2,0,Repaid,1.1,Low,Normal
CUST-12622,TXN-200894,2026-04-25,SME,Abuja,Education,Self-employed,140613.0,255037.0,75530.0,8308.0,25,76,86.2,0,Repaid,4.0,Low,Loan-to-income mismatch
CUST-12140,TXN-200895,2025-10-21,SME,Kano,Transport,Salaried,224342.0,93145.0,102695.0,71864.0,25,91,53.6,0,Repaid,4.2,Low,Normal
CUST-11782,TXN-200896,2025-06-21,Retail,Kumasi,Shop,Contract,330636.0,504188.0,162591.0,14922.0,25,69,87.0,0,Repaid,3.8,Low,Normal
CUST-10190,TXN-200897,2025-05-13,Retail,Nairobi,Health,Salaried,226046.0,340250.0,42219.0,48407.0,31,93,100.0,0,Repaid,2.3,Low,Normal
CUST-10245,TXN-200898,2025-12-19,SME,Kano,Food,Salaried,87845.0,168998.0,37290.0,101150.0,28,23,71.5,0,Repaid,8.1,Low,Loan-to-income mismatch
CUST-12157,TXN-200899,2025-03-02,Retail,Lagos,Food,Contract,147621.0,51029.0,6488.0,36121.0,34,32,99.0,0,Repaid,1.0,Low,Normal
CUST-10015,TXN-200900,2025-07-07,Services,Abuja,Health,Unemployed,181278.0,114289.0,26111.0,58071.0,30,78,55.5,1,Defaulted,10.1,Low,Normal
CUST-10148,TXN-200901,2025-01-16,Agriculture,Nairobi,Transport,Informal,175359.0,385655.0,106502.0,59203.0,36,5,71.5,1,Defaulted,33.1,Low,Loan-to-income mismatch
CUST-10766,TXN-200902,2026-01-21,Retail,Lagos,Fintech Agent,Unemployed,204129.0,296062.0,99149.0,86963.0,18,18,60.5,0,Repaid,24.4,Low,Normal
CUST-13094,TXN-200903,2026-02-02,SME,Abuja,Education,Self-employed,110729.0,132440.0,18306.0,173847.0,29,69,96.8,1,Defaulted,2.9,Low,Unusually high amount
CUST-11606,TXN-200904,2026-01-19,Retail,Kigali,Fintech Agent,Self-employed,167255.0,307723.0,15082.0,103416.0,24,39,100.0,1,Defaulted,4.5,Low,Loan-to-income mismatch
CUST-12483,TXN-200905,2026-05-11,Services,Kano,Health,Salaried,194179.0,424013.0,119968.0,3677.0,23,25,70.2,0,Repaid,28.8,Low,Loan-to-income mismatch
CUST-11440,TXN-200906,2025-09-09,SME,Lagos,Education,Self-employed,230218.0,175859.0,20876.0,36103.0,23,30,93.1,0,Repaid,1.2,Low,Normal
CUST-10605,TXN-200907,2025-11-14,Market Trader,Kigali,Shop,Contract,116029.0,253091.0,21112.0,16566.0,34,74,100.0,0,Repaid,4.0,Low,Loan-to-income mismatch
CUST-11299,TXN-200908,2026-03-23,SME,Nairobi,Health,Salaried,140791.0,59316.0,19015.0,84310.0,32,47,71.4,0,Repaid,1.8,Low,Normal
CUST-10321,TXN-200909,2026-02-03,Retail,Nairobi,Shop,Salaried,65000.0,152780.0,1606.0,36420.0,24,2,74.3,0,Repaid,19.9,Low,Loan-to-income mismatch
CUST-12695,TXN-200910,2025-08-26,Market Trader,Kumasi,Health,Informal,125365.0,68446.0,27318.0,18587.0,29,50,85.2,0,Repaid,3.6,Low,Normal
CUST-10642,TXN-200911,2026-03-09,Retail,Accra,Fintech Agent,Salaried,130581.0,100684.0,82753.0,26662.0,34,75,56.8,0,Repaid,4.4,Low,Normal
CUST-11317,TXN-200912,2026-02-03,Market Trader,Kumasi,Education,Salaried,106062.0,41835.0,24967.0,25197.0,40,17,74.0,0,Repaid,1.4,Low,Normal
CUST-13430,TXN-200913,2026-02-20,Retail,Lagos,Fintech Agent,Informal,174479.0,342705.0,58924.0,67528.0,22,8,100.0,0,Repaid,13.6,Low,Loan-to-income mismatch
CUST-12071,TXN-200914,2025-09-09,Services,Lagos,Education,Salaried,158975.0,375975.0,77888.0,8579.0,23,61,63.0,1,Defaulted,25.6,Low,Loan-to-income mismatch
CUST-11604,TXN-200915,2025-06-18,Market Trader,Kumasi,Education,Informal,65000.0,54554.0,23867.0,18663.0,32,84,87.4,0,Repaid,5.8,Low,Normal
CUST-11900,TXN-200916,2026-02-06,Services,Accra,Education,Salaried,178174.0,160866.0,87031.0,2679.0,29,8,81.4,0,Repaid,2.1,Low,Normal
CUST-12744,TXN-200917,2025-01-02,Retail,Nairobi,Shop,Salaried,110206.0,88092.0,48141.0,66885.0,43,63,69.1,0,Repaid,3.1,Low,Normal
CUST-10890,TXN-200918,2026-03-29,Agriculture,Kigali,Shop,Salaried,199584.0,104526.0,80511.0,70157.0,37,75,76.0,0,Repaid,2.1,Low,Normal
CUST-12227,TXN-200919,2025-11-21,SME,Abuja,Shop,Salaried,94999.0,183170.0,40781.0,76386.0,26,17,100.0,0,Repaid,5.3,Low,Loan-to-income mismatch
CUST-13054,TXN-200920,2026-03-04,SME,Kano,Fintech Agent,Self-employed,164819.0,51885.0,86278.0,84454.0,26,26,82.0,0,Repaid,1.0,Low,Normal
CUST-12003,TXN-200921,2026-05-04,Agriculture,Abuja,Shop,Contract,144505.0,336474.0,67545.0,39771.0,35,49,84.8,0,Repaid,5.2,Low,Loan-to-income mismatch
CUST-11562,TXN-200922,2026-01-13,SME,Nairobi,Education,Self-employed,184851.0,413815.0,95904.0,75660.0,18,59,100.0,0,Repaid,2.5,Low,Loan-to-income mismatch
CUST-10507,TXN-200923,2026-04-03,SME,Accra,Transport,Self-employed,171506.0,75966.0,19162.0,10035.0,24,49,66.8,0,Repaid,1.7,Low,Normal
CUST-10869,TXN-200924,2025-11-26,Services,Kano,Food,Salaried,146215.0,198201.0,65349.0,45771.0,28,19,53.2,0,Repaid,11.6,Low,Normal
CUST-13311,TXN-200925,2025-01-03,Retail,Nairobi,Health,Self-employed,85371.0,203536.0,41347.0,20282.0,23,84,100.0,0,Repaid,7.7,Low,Loan-to-income mismatch
CUST-11894,TXN-200926,2025-07-14,Retail,Accra,Fintech Agent,Salaried,87516.0,181404.0,18289.0,61534.0,27,41,74.5,1,Defaulted,10.1,Low,Loan-to-income mismatch
CUST-11054,TXN-200927,2026-04-12,Services,Accra,Shop,Salaried,127359.0,225119.0,72720.0,29280.0,34,52,88.1,0,Repaid,11.2,Low,Loan-to-income mismatch
CUST-11464,TXN-200928,2025-04-28,Services,Nairobi,Education,Unemployed,162190.0,37282.0,34379.0,82233.0,31,52,58.3,0,Repaid,4.0,Low,Normal
CUST-12023,TXN-200929,2025-01-06,Market Trader,Abuja,Shop,Informal,126063.0,41827.0,21886.0,41060.0,43,53,79.0,0,Repaid,3.0,Low,Normal
CUST-11881,TXN-200930,2025-08-05,Agriculture,Kumasi,Transport,Salaried,211629.0,411135.0,119839.0,16120.0,17,29,52.3,1,Defaulted,36.2,Medium,Loan-to-income mismatch
CUST-12449,TXN-200931,2025-10-02,Services,Kigali,Health,Salaried,144745.0,147019.0,25420.0,11872.0,23,31,73.1,0,Repaid,2.0,Low,Normal
CUST-10901,TXN-200932,2025-09-15,Market Trader,Kigali,Shop,Self-employed,108521.0,180570.0,30578.0,17657.0,37,15,60.3,0,Repaid,18.8,Low,Loan-to-income mismatch
CUST-12272,TXN-200933,2026-03-16,Retail,Kigali,Transport,Self-employed,144813.0,263702.0,36463.0,39184.0,22,70,56.2,0,Repaid,18.9,Low,Loan-to-income mismatch
CUST-11549,TXN-200934,2025-04-02,Market Trader,Abuja,Education,Informal,178950.0,199932.0,104825.0,78565.0,31,31,66.5,0,Repaid,13.2,Low,Normal
CUST-13292,TXN-200935,2025-08-03,Market Trader,Kumasi,Transport,Self-employed,186549.0,92959.0,57233.0,24534.0,29,6,30.7,0,Repaid,3.0,Low,High-risk repayment pattern
CUST-10552,TXN-200936,2025-11-04,Retail,Kumasi,Food,Salaried,358226.0,372004.0,163858.0,52000.0,25,6,51.1,1,Defaulted,13.2,Low,Normal
CUST-10519,TXN-200937,2025-12-19,Services,Lagos,Education,Self-employed,122892.0,259760.0,63934.0,11082.0,21,92,86.1,0,Repaid,17.5,Low,Loan-to-income mismatch
CUST-11615,TXN-200938,2026-03-10,Agriculture,Accra,Fintech Agent,Salaried,157809.0,144397.0,65582.0,51744.0,18,42,78.3,0,Repaid,2.1,Low,Normal
CUST-11779,TXN-200939,2025-04-30,Agriculture,Abuja,Shop,Self-employed,194653.0,62110.0,119620.0,30370.0,33,58,52.7,0,Repaid,7.6,Low,Normal
CUST-12418,TXN-200940,2026-04-02,SME,Accra,Education,Self-employed,161162.0,372167.0,84703.0,71123.0,25,52,81.9,0,Repaid,7.8,Low,Loan-to-income mismatch
CUST-11414,TXN-200941,2026-05-16,Retail,Kumasi,Education,Informal,131892.0,223043.0,35892.0,101267.0,35,81,56.2,0,Repaid,28.8,Low,Loan-to-income mismatch
CUST-13198,TXN-200942,2026-05-27,SME,Kumasi,Food,Salaried,84907.0,117231.0,52558.0,59164.0,31,85,85.0,0,Repaid,4.5,Low,Normal
CUST-11659,TXN-200943,2025-01-23,SME,Nairobi,Shop,Self-employed,131328.0,265364.0,46028.0,19979.0,15,75,69.9,0,Repaid,7.9,Low,Loan-to-income mismatch
CUST-10452,TXN-200944,2025-07-10,SME,Kumasi,Health,Salaried,103678.0,113297.0,3548.0,62417.0,25,94,66.1,1,Defaulted,3.2,Low,Normal
CUST-10417,TXN-200945,2025-11-23,Retail,Accra,Transport,Informal,78812.0,186545.0,14486.0,44075.0,35,22,70.4,1,Defaulted,31.6,Low,Loan-to-income mismatch
CUST-13406,TXN-200946,2025-05-30,Agriculture,Kigali,Shop,Salaried,116520.0,242806.0,47970.0,58123.0,32,44,100.0,0,Repaid,3.5,Low,Loan-to-income mismatch
CUST-10469,TXN-200947,2025-01-18,Market Trader,Kano,Food,Salaried,104843.0,84169.0,12455.0,36370.0,23,29,58.3,0,Repaid,4.5,Low,Normal
CUST-13317,TXN-200948,2025-05-17,Market Trader,Kano,Transport,Salaried,207979.0,208754.0,80688.0,84387.0,21,80,76.1,0,Repaid,2.5,Low,Normal
CUST-10973,TXN-200949,2025-01-22,SME,Kigali,Education,Contract,209496.0,165952.0,51915.0,96476.0,30,28,86.1,0,Repaid,1.3,Low,Normal
CUST-10326,TXN-200950,2026-01-16,Services,Kigali,Education,Salaried,111343.0,183019.0,39712.0,36980.0,29,76,54.7,1,Defaulted,20.8,Low,Loan-to-income mismatch
CUST-11066,TXN-200951,2025-05-20,Market Trader,Kano,Transport,Self-employed,145904.0,233347.0,3090.0,33902.0,32,23,43.3,1,Defaulted,10.5,Low,Loan-to-income mismatch
CUST-12151,TXN-200952,2025-12-09,Retail,Kigali,Fintech Agent,Salaried,74573.0,99925.0,41351.0,17081.0,36,67,61.2,0,Repaid,4.1,Low,Normal
CUST-11497,TXN-200953,2025-01-08,Services,Kigali,Fintech Agent,Contract,132240.0,307348.0,32797.0,26437.0,19,3,85.7,0,Repaid,8.9,Low,Loan-to-income mismatch
CUST-12749,TXN-200954,2026-02-13,Services,Nairobi,Transport,Unemployed,192446.0,236411.0,20842.0,8834.0,31,76,65.8,0,Repaid,11.3,Low,Normal
CUST-12138,TXN-200955,2025-04-17,Retail,Accra,Fintech Agent,Salaried,230147.0,441851.0,68098.0,36071.0,14,79,67.8,0,Repaid,10.4,Low,Loan-to-income mismatch
CUST-11402,TXN-200956,2025-05-04,Agriculture,Nairobi,Transport,Self-employed,120634.0,197957.0,39362.0,7073.0,28,54,88.4,0,Repaid,5.9,Low,Loan-to-income mismatch
CUST-12221,TXN-200957,2025-03-21,Services,Kumasi,Food,Self-employed,253161.0,336798.0,106723.0,37608.0,29,52,57.5,0,Repaid,10.4,Low,Normal
CUST-13400,TXN-200958,2025-02-12,Retail,Lagos,Education,Self-employed,86112.0,23547.0,30180.0,15823.0,16,45,70.4,0,Repaid,1.2,Low,Normal
CUST-11441,TXN-200959,2026-04-16,Agriculture,Lagos,Transport,Salaried,96374.0,158019.0,4570.0,45097.0,21,57,44.8,0,Repaid,16.7,Low,Loan-to-income mismatch
CUST-10537,TXN-200960,2026-04-29,Retail,Kigali,Education,Salaried,219270.0,352271.0,124776.0,41413.0,21,55,77.8,0,Repaid,8.8,Low,Loan-to-income mismatch
CUST-11430,TXN-200961,2025-01-22,Agriculture,Abuja,Shop,Contract,328362.0,150134.0,101004.0,22947.0,21,48,76.1,0,Repaid,1.8,Low,Duplicate customer details
CUST-12940,TXN-200962,2025-05-21,Retail,Abuja,Education,Salaried,200234.0,389842.0,13716.0,12347.0,34,50,86.3,0,Repaid,4.9,Low,Loan-to-income mismatch
CUST-10761,TXN-200963,2025-11-12,SME,Kigali,Fintech Agent,Salaried,160020.0,194701.0,81111.0,53818.0,27,13,51.4,0,Repaid,11.5,Low,Normal
CUST-13321,TXN-200964,2025-10-20,Agriculture,Kano,Transport,Salaried,65000.0,58474.0,28333.0,31580.0,25,45,68.5,0,Repaid,4.0,Low,Normal
CUST-12059,TXN-200965,2025-12-12,Retail,Nairobi,Shop,Self-employed,69604.0,139848.0,29870.0,121755.0,15,42,49.0,1,Defaulted,22.0,Low,Loan-to-income mismatch
CUST-12105,TXN-200966,2026-04-13,Agriculture,Nairobi,Education,Unemployed,171846.0,161928.0,49656.0,25426.0,27,86,67.6,1,Defaulted,10.4,Low,Normal
CUST-11109,TXN-200967,2026-02-28,Retail,Accra,Transport,Informal,140030.0,218518.0,39014.0,64788.0,26,29,98.7,0,Repaid,7.9,Low,Loan-to-income mismatch
CUST-13221,TXN-200968,2025-06-11,Retail,Kumasi,Health,Contract,102288.0,158728.0,36608.0,23180.0,25,92,66.2,0,Repaid,10.1,Low,Loan-to-income mismatch
CUST-10126,TXN-200969,2025-07-09,Services,Accra,Transport,Informal,167297.0,49726.0,8678.0,15588.0,33,85,47.4,0,Repaid,8.0,Low,Normal
CUST-11045,TXN-200970,2025-06-24,Services,Accra,Shop,Self-employed,170818.0,191093.0,35589.0,47865.0,36,75,59.8,0,Repaid,2.3,Low,Normal
CUST-11464,TXN-200971,2025-04-04,Agriculture,Lagos,Transport,Self-employed,241991.0,163240.0,155449.0,24298.0,22,67,43.0,0,Repaid,11.5,Low,Normal
CUST-11670,TXN-200972,2025-10-21,Services,Lagos,Health,Self-employed,172366.0,107392.0,75355.0,32765.0,35,31,48.7,0,Repaid,3.8,Low,Normal
CUST-11659,TXN-200973,2025-03-04,Retail,Nairobi,Shop,Informal,272645.0,445506.0,77412.0,4232.0,27,17,84.1,0,Repaid,16.4,Low,Loan-to-income mismatch
CUST-10517,TXN-200974,2025-03-01,Market Trader,Nairobi,Fintech Agent,Salaried,163302.0,33531.0,26143.0,20623.0,26,76,46.0,0,Repaid,1.6,Low,Normal
CUST-10789,TXN-200975,2025-03-15,Services,Lagos,Transport,Self-employed,155059.0,361498.0,75899.0,22784.0,30,67,77.6,0,Repaid,25.2,Low,Loan-to-income mismatch
CUST-10333,TXN-200976,2026-01-20,Services,Kano,Transport,Contract,254489.0,269190.0,46822.0,14212.0,20,80,72.5,0,Repaid,1.4,Low,Normal
CUST-12003,TXN-200977,2025-09-28,Market Trader,Kano,Health,Salaried,107910.0,91005.0,13197.0,26236.0,25,53,62.4,0,Repaid,3.6,Low,Normal
CUST-11228,TXN-200978,2025-06-07,Market Trader,Lagos,Fintech Agent,Informal,530761.0,1179533.0,62282.0,7885.0,27,86,76.1,1,Defaulted,20.6,Low,Loan-to-income mismatch
CUST-11980,TXN-200979,2025-11-04,SME,Kano,Transport,Informal,190538.0,240156.0,91351.0,60594.0,25,9,55.1,1,Defaulted,24.5,Low,Normal
CUST-12064,TXN-200980,2026-01-06,Retail,Kigali,Fintech Agent,Self-employed,190985.0,294843.0,81163.0,30692.0,23,12,87.1,0,Repaid,8.2,Low,Normal
CUST-12457,TXN-200981,2026-02-11,Agriculture,Kumasi,Health,Informal,202915.0,349985.0,12982.0,24963.0,35,8,59.4,1,Defaulted,22.9,Low,Loan-to-income mismatch
CUST-11914,TXN-200982,2025-08-26,Retail,Kigali,Shop,Salaried,358039.0,757085.0,33110.0,56184.0,37,32,65.0,1,Defaulted,17.1,Low,Loan-to-income mismatch
CUST-12267,TXN-200983,2026-02-20,SME,Kano,Food,Informal,227034.0,106258.0,95201.0,23698.0,25,15,62.9,0,Repaid,11.5,Low,Normal
CUST-12055,TXN-200984,2025-06-15,Retail,Nairobi,Transport,Salaried,82940.0,29964.0,31501.0,100909.0,28,5,84.4,0,Repaid,1.0,Low,Normal
CUST-12283,TXN-200985,2026-03-11,Agriculture,Kigali,Shop,Salaried,293449.0,700180.0,132692.0,14343.0,26,78,81.8,0,Repaid,15.9,Low,Loan-to-income mismatch
CUST-12158,TXN-200986,2025-04-10,Services,Accra,Fintech Agent,Self-employed,141043.0,28169.0,18641.0,60703.0,42,16,24.8,0,Repaid,8.6,Low,High-risk repayment pattern
CUST-11106,TXN-200987,2025-03-24,SME,Nairobi,Health,Contract,170247.0,298305.0,81336.0,126018.0,26,80,76.6,0,Repaid,9.5,Low,Loan-to-income mismatch
CUST-10861,TXN-200988,2026-01-28,Services,Abuja,Fintech Agent,Contract,95103.0,146132.0,57988.0,5805.0,28,62,40.6,1,Defaulted,18.5,Low,High-risk repayment pattern
CUST-12756,TXN-200989,2026-01-20,Market Trader,Kigali,Education,Self-employed,203009.0,285565.0,80932.0,18820.0,31,59,65.9,0,Repaid,8.8,Low,Normal
CUST-11199,TXN-200990,2026-03-29,Market Trader,Kigali,Health,Contract,123800.0,238258.0,17773.0,10966.0,26,12,70.1,0,Repaid,9.5,Low,Loan-to-income mismatch
CUST-11922,TXN-200991,2025-02-07,Agriculture,Accra,Education,Self-employed,169748.0,404559.0,76066.0,47091.0,37,3,65.7,0,Repaid,25.8,Low,Loan-to-income mismatch
CUST-10689,TXN-200992,2026-04-11,Retail,Lagos,Shop,Informal,144449.0,41036.0,34110.0,24387.0,27,15,81.0,0,Repaid,2.0,Low,Normal
CUST-11509,TXN-200993,2026-03-31,Market Trader,Kano,Shop,Salaried,365311.0,564134.0,18650.0,15094.0,21,31,85.0,0,Repaid,3.6,Low,Normal
CUST-11853,TXN-200994,2025-10-16,SME,Kano,Fintech Agent,Unemployed,374201.0,662802.0,78759.0,46781.0,31,91,58.1,1,Defaulted,24.9,Low,Loan-to-income mismatch
CUST-12191,TXN-200995,2025-09-29,Retail,Kigali,Education,Informal,165966.0,142596.0,98006.0,39238.0,29,39,57.4,0,Repaid,12.4,Low,Normal
CUST-11842,TXN-200996,2025-03-20,Services,Lagos,Transport,Informal,167187.0,361484.0,46648.0,71469.0,31,23,71.4,0,Repaid,38.8,Medium,Loan-to-income mismatch
CUST-11262,TXN-200997,2025-11-28,Market Trader,Lagos,Health,Self-employed,139129.0,166193.0,78572.0,71627.0,14,28,44.2,1,Defaulted,11.3,Low,Normal
CUST-13366,TXN-200998,2026-02-01,Retail,Nairobi,Education,Informal,258984.0,141183.0,88172.0,21447.0,30,33,63.4,0,Repaid,5.1,Low,Normal
CUST-11794,TXN-200999,2025-11-16,Market Trader,Kigali,Fintech Agent,Salaried,141755.0,294395.0,49004.0,9038.0,39,56,96.3,0,Repaid,3.7,Low,Loan-to-income mismatch
CUST-12829,TXN-201000,2025-04-25,Market Trader,Abuja,Food,Salaried,136358.0,309982.0,3175.0,42779.0,29,77,44.9,0,Repaid,24.4,Low,Loan-to-income mismatch
CUST-12578,TXN-201001,2025-10-15,SME,Lagos,Health,Self-employed,245489.0,98422.0,103443.0,45459.0,40,7,65.9,0,Repaid,2.1,Low,Normal
CUST-11954,TXN-201002,2025-03-25,Retail,Kigali,Fintech Agent,Informal,129821.0,240004.0,11414.0,87675.0,25,74,61.3,0,Repaid,28.5,Low,Loan-to-income mismatch
CUST-13102,TXN-201003,2025-09-28,Services,Nairobi,Food,Unemployed,160194.0,105301.0,51520.0,76726.0,25,3,100.0,0,Repaid,1.4,Low,Normal
CUST-10448,TXN-201004,2026-03-31,Retail,Nairobi,Fintech Agent,Self-employed,83772.0,16329.0,15414.0,52056.0,16,32,62.3,0,Repaid,1.0,Low,Normal
CUST-13223,TXN-201005,2026-04-21,Market Trader,Nairobi,Health,Contract,218766.0,165948.0,58455.0,36712.0,25,57,63.4,1,Defaulted,1.6,Low,Normal
CUST-12975,TXN-201006,2026-01-07,SME,Kigali,Shop,Self-employed,367752.0,764152.0,131787.0,63271.0,34,11,53.4,0,Repaid,24.6,Low,Loan-to-income mismatch
CUST-11762,TXN-201007,2025-06-29,Market Trader,Kumasi,Shop,Salaried,220337.0,108720.0,6415.0,36159.0,23,26,72.2,0,Repaid,2.0,Low,Normal
CUST-12566,TXN-201008,2025-06-28,Market Trader,Lagos,Shop,Self-employed,300726.0,141367.0,59931.0,38713.0,26,62,76.9,0,Repaid,1.9,Low,Normal
CUST-11820,TXN-201009,2026-02-06,SME,Nairobi,Food,Salaried,114078.0,207700.0,73404.0,37058.0,28,66,56.1,0,Repaid,16.8,Low,Loan-to-income mismatch
CUST-10940,TXN-201010,2025-01-08,Retail,Lagos,Health,Self-employed,179738.0,194498.0,10094.0,24656.0,21,9,89.8,0,Repaid,1.7,Low,Normal
CUST-12799,TXN-201011,2025-07-06,SME,Lagos,Health,Salaried,109521.0,55816.0,24228.0,39501.0,30,75,76.9,0,Repaid,1.0,Low,Normal
CUST-10860,TXN-201012,2025-10-14,Services,Accra,Health,Salaried,147907.0,102145.0,32909.0,100230.0,23,40,87.3,0,Repaid,2.3,Low,Normal
CUST-11100,TXN-201013,2025-01-24,Retail,Kano,Food,Self-employed,225106.0,437610.0,58305.0,4364.0,35,59,66.1,0,Repaid,17.2,Low,Loan-to-income mismatch
CUST-11817,TXN-201014,2026-02-19,SME,Accra,Shop,Self-employed,169866.0,265612.0,76680.0,33882.0,30,21,76.4,0,Repaid,9.1,Low,Loan-to-income mismatch
CUST-12930,TXN-201015,2025-07-15,Market Trader,Kano,Shop,Informal,89921.0,168086.0,15833.0,24222.0,33,95,68.2,0,Repaid,16.0,Low,Loan-to-income mismatch
CUST-11343,TXN-201016,2026-03-07,Services,Nairobi,Shop,Self-employed,93684.0,37198.0,29039.0,42791.0,25,73,98.2,0,Repaid,1.0,Low,Normal
CUST-11729,TXN-201017,2025-03-19,Retail,Kigali,Shop,Salaried,91118.0,109067.0,38840.0,23439.0,23,62,74.1,0,Repaid,4.2,Low,Normal
CUST-10145,TXN-201018,2025-01-20,Retail,Kigali,Fintech Agent,Contract,200067.0,390046.0,44628.0,93035.0,22,19,72.2,0,Repaid,16.7,Low,Loan-to-income mismatch
CUST-10405,TXN-201019,2025-08-16,Market Trader,Accra,Transport,Salaried,387254.0,298209.0,239217.0,67935.0,28,74,63.8,0,Repaid,6.6,Low,Normal
CUST-10195,TXN-201020,2026-05-12,SME,Accra,Transport,Contract,288437.0,160255.0,183790.0,132905.0,13,37,62.7,0,Repaid,3.6,Low,Normal
CUST-10252,TXN-201021,2025-02-12,Retail,Lagos,Health,Self-employed,73401.0,75424.0,7002.0,43340.0,33,62,76.3,0,Repaid,3.0,Low,Normal
CUST-13039,TXN-201022,2025-03-07,Agriculture,Kigali,Transport,Salaried,295626.0,272007.0,69947.0,75810.0,25,63,86.8,0,Repaid,1.2,Low,Normal
CUST-12946,TXN-201023,2026-02-10,Market Trader,Abuja,Health,Self-employed,241177.0,142716.0,36423.0,18358.0,28,77,59.7,0,Repaid,1.6,Low,Normal
CUST-12876,TXN-201024,2025-02-28,Services,Abuja,Food,Informal,85048.0,195420.0,11709.0,33317.0,24,80,74.3,1,Defaulted,25.7,Low,Loan-to-income mismatch
CUST-10194,TXN-201025,2025-11-01,Services,Nairobi,Health,Salaried,143294.0,179473.0,47189.0,6160.0,19,38,75.3,0,Repaid,2.8,Low,Normal
CUST-10271,TXN-201026,2025-01-22,Agriculture,Kigali,Transport,Unemployed,257846.0,394486.0,96747.0,46735.0,15,9,78.5,0,Repaid,7.4,Low,Normal
CUST-10982,TXN-201027,2025-01-20,Agriculture,Kigali,Fintech Agent,Self-employed,205085.0,92054.0,59097.0,46169.0,27,42,41.3,0,Repaid,4.9,Low,High-risk repayment pattern
CUST-11978,TXN-201028,2025-07-20,SME,Lagos,Health,Salaried,,144096.0,18005.0,60360.0,26,39,55.4,0,Repaid,8.9,Low,Normal
CUST-11169,TXN-201029,2025-11-30,Agriculture,Kigali,Transport,Contract,210347.0,297182.0,41129.0,27830.0,31,33,47.4,0,Repaid,7.8,Low,Normal
CUST-11706,TXN-201030,2025-11-04,Retail,Kano,Education,Contract,66320.0,149146.0,42779.0,66615.0,16,47,72.6,0,Repaid,16.7,Low,Loan-to-income mismatch
CUST-10605,TXN-201031,2026-05-08,Agriculture,Abuja,Health,Self-employed,148214.0,162345.0,89212.0,73791.0,33,56,55.8,0,Repaid,9.9,Low,Duplicate customer details
CUST-12557,TXN-201032,2025-01-29,SME,Abuja,Fintech Agent,Salaried,262483.0,502964.0,17801.0,166251.0,33,60,63.1,0,Repaid,9.7,Low,Loan-to-income mismatch
CUST-11098,TXN-201033,2025-02-02,Agriculture,Kumasi,Food,Contract,164017.0,140281.0,71122.0,45084.0,15,37,50.5,0,Repaid,7.0,Low,Normal
CUST-10232,TXN-201034,2026-02-04,Market Trader,Nairobi,Fintech Agent,Contract,131985.0,193391.0,40629.0,31809.0,25,59,64.7,0,Repaid,7.1,Low,Normal
CUST-12599,TXN-201035,2025-07-04,SME,Kano,Health,Contract,236458.0,529163.0,107341.0,36537.0,25,94,51.8,1,Defaulted,43.0,Medium,Loan-to-income mismatch
CUST-13159,TXN-201036,2025-04-20,Market Trader,Kumasi,Food,Contract,245094.0,384224.0,97078.0,49217.0,26,63,85.6,0,Repaid,7.5,Low,Loan-to-income mismatch
CUST-10051,TXN-201037,2026-04-07,Market Trader,Nairobi,Health,Self-employed,282156.0,496248.0,163715.0,18252.0,35,58,80.6,0,Repaid,8.6,Low,Loan-to-income mismatch
CUST-11528,TXN-201038,2025-06-13,Market Trader,Kano,Education,Self-employed,234973.0,499244.0,14616.0,47080.0,20,28,74.7,0,Repaid,6.9,Low,Loan-to-income mismatch
CUST-12895,TXN-201039,2025-01-18,Agriculture,Nairobi,Fintech Agent,Self-employed,256319.0,572730.0,61580.0,18750.0,24,33,66.6,0,Repaid,13.0,Low,Loan-to-income mismatch
CUST-12471,TXN-201040,2025-01-09,Retail,Kano,Shop,Salaried,221421.0,142234.0,141900.0,38238.0,36,6,35.3,0,Repaid,6.6,Low,High-risk repayment pattern
CUST-12997,TXN-201041,2026-04-19,Services,Abuja,Health,Self-employed,181956.0,111859.0,24535.0,16721.0,25,49,63.8,0,Repaid,1.8,Low,Normal
CUST-11453,TXN-201042,2025-03-24,Agriculture,Accra,Health,Salaried,168990.0,236934.0,16936.0,24156.0,37,8,58.3,0,Repaid,8.9,Low,Normal
CUST-11302,TXN-201043,2026-05-26,Services,Accra,Shop,Informal,147318.0,352097.0,70602.0,43998.0,23,75,76.5,0,Repaid,29.7,Low,Loan-to-income mismatch
CUST-12482,TXN-201044,2025-04-13,Services,Kano,Education,Salaried,97812.0,124039.0,49863.0,61991.0,31,91,83.2,0,Repaid,3.7,Low,Normal
CUST-10537,TXN-201045,2025-07-21,Market Trader,Kano,Health,Contract,108964.0,99659.0,48329.0,26957.0,43,77,77.8,0,Repaid,4.5,Low,Normal
CUST-10837,TXN-201046,2025-02-02,Services,Kano,Fintech Agent,Salaried,144575.0,198461.0,73589.0,4029.0,37,16,94.7,0,Repaid,3.7,Low,Normal
CUST-12102,TXN-201047,2025-08-28,Market Trader,Accra,Shop,Informal,180126.0,58173.0,82326.0,7195.0,30,61,61.8,0,Repaid,6.3,Low,Normal
CUST-11769,TXN-203761,2025-12-04,Retail,Abuja,Food,Salaried,117568.0,277394.0,34048.0,22857.0,24,15,66.9,0,Repaid,26.6,Low,Loan-to-income mismatch
CUST-10418,TXN-201049,2026-05-25,Retail,Kano,Education,Self-employed,159923.0,81657.0,64478.0,90134.0,33,2,90.7,0,Repaid,1.0,Low,Normal
CUST-11779,TXN-201050,2025-07-12,Retail,Kumasi,Education,Salaried,248068.0,60026.0,126374.0,164431.0,23,69,75.0,0,Repaid,2.1,Low,Unusually high amount
CUST-11277,TXN-201051,2025-01-31,Retail,Kano,Shop,Self-employed,256097.0,456701.0,144765.0,36565.0,31,83,67.6,0,Repaid,13.8,Low,Loan-to-income mismatch
CUST-11756,TXN-201052,2025-12-23,Market Trader,Abuja,Health,Self-employed,147678.0,133287.0,25863.0,7860.0,21,45,100.0,0,Repaid,1.0,Low,Normal
CUST-13354,TXN-201053,2025-06-14,Services,Abuja,Food,Contract,208933.0,115780.0,20952.0,15463.0,31,87,82.4,0,Repaid,1.0,Low,Normal
CUST-10268,TXN-201054,2026-03-25,Retail,Nairobi,Food,Contract,146931.0,193535.0,75241.0,16405.0,30,7,68.6,0,Repaid,8.1,Low,Normal
CUST-13484,TXN-201055,2025-02-02,Services,Kano,Health,Self-employed,283593.0,254680.0,51508.0,74880.0,29,83,59.7,0,Repaid,4.5,Low,Normal
CUST-11573,TXN-201056,2025-02-19,Agriculture,Kumasi,Education,Salaried,212576.0,223736.0,8528.0,24730.0,32,66,95.9,0,Repaid,1.0,Low,Normal
CUST-12702,TXN-201057,2026-01-21,Services,Kumasi,Transport,Salaried,98715.0,86917.0,53295.0,203201.0,18,65,75.7,0,Repaid,3.1,Low,Unusually high amount
CUST-11485,TXN-201058,2025-12-02,Agriculture,Kumasi,Food,Self-employed,174179.0,32893.0,59007.0,13724.0,29,49,72.4,0,Repaid,1.5,Low,Normal
CUST-11088,TXN-201059,2025-12-03,Services,Kumasi,Shop,Self-employed,325204.0,555478.0,73424.0,14934.0,26,4,84.2,0,Repaid,4.4,Low,Loan-to-income mismatch
CUST-12697,TXN-201060,2025-10-10,Retail,Kigali,Fintech Agent,Self-employed,150826.0,64212.0,4103.0,28734.0,27,44,87.8,0,Repaid,1.4,Low,Normal
CUST-12406,TXN-201061,2026-03-22,Market Trader,Kigali,Transport,Self-employed,196426.0,130917.0,8300.0,22649.0,32,91,81.9,0,Repaid,2.2,Low,Normal
CUST-10504,TXN-201062,2025-12-14,Market Trader,Kano,Food,Self-employed,204694.0,123329.0,106308.0,67239.0,18,45,87.9,0,Repaid,1.0,Low,Normal
CUST-12468,TXN-201063,2025-04-09,Market Trader,Kano,Transport,Self-employed,105305.0,96421.0,34594.0,35090.0,19,8,80.1,0,Repaid,2.2,Low,Normal
CUST-12635,TXN-201064,2026-02-19,Market Trader,Kano,Food,Self-employed,201692.0,108034.0,23058.0,51543.0,13,48,82.0,0,Repaid,1.6,Low,Normal
CUST-11357,TXN-201065,2025-10-09,Market Trader,Kumasi,Transport,Informal,90634.0,86123.0,22283.0,41513.0,30,16,58.8,0,Repaid,11.0,Low,Normal
CUST-13239,TXN-201066,2025-04-04,Services,Accra,Shop,Salaried,125146.0,90111.0,15536.0,41481.0,29,41,100.0,0,Repaid,1.0,Low,Normal
CUST-12243,TXN-201067,2026-01-03,Retail,Kigali,Health,Salaried,255711.0,80778.0,23299.0,34070.0,19,61,49.8,0,Repaid,2.0,Low,Normal
CUST-11167,TXN-201068,2025-12-16,Services,Nairobi,Food,Salaried,189063.0,399424.0,36692.0,70546.0,33,8,77.6,0,Repaid,5.4,Low,Loan-to-income mismatch
CUST-10037,TXN-201069,2025-05-26,Retail,Accra,Health,Salaried,143217.0,122936.0,52445.0,71304.0,34,45,47.9,0,Repaid,8.7,Low,Normal
CUST-12362,TXN-201070,2025-04-06,SME,Kano,Transport,Self-employed,196322.0,76865.0,29901.0,29140.0,23,49,70.2,0,Repaid,1.3,Low,Normal
CUST-10731,TXN-201071,2026-04-05,Market Trader,Nairobi,Education,Informal,158698.0,212304.0,37534.0,25115.0,27,72,61.7,1,Defaulted,33.0,Low,Normal
CUST-12647,TXN-201072,2026-03-19,Services,Nairobi,Transport,Contract,163617.0,74228.0,52537.0,16518.0,25,8,74.4,0,Repaid,2.3,Low,Normal
CUST-11837,TXN-201073,2025-04-13,SME,Kigali,Transport,Unemployed,214457.0,406668.0,61038.0,58463.0,29,61,78.2,0,Repaid,12.8,Low,Loan-to-income mismatch
CUST-11633,TXN-201074,2025-12-22,Retail,Accra,Fintech Agent,Salaried,119911.0,37976.0,12115.0,51759.0,25,60,54.8,0,Repaid,2.8,Low,Normal
CUST-10573,TXN-201075,2025-03-02,Services,Nairobi,Education,Salaried,165536.0,200546.0,7364.0,22810.0,11,2,71.5,0,Repaid,3.3,Low,Normal
CUST-12490,TXN-201076,2026-04-16,Market Trader,Kigali,Shop,Salaried,142750.0,324798.0,6044.0,25454.0,22,13,97.1,0,Repaid,6.2,Low,Loan-to-income mismatch
CUST-10580,TXN-201077,2025-05-25,Services,Lagos,Fintech Agent,Self-employed,83621.0,44563.0,20120.0,17937.0,20,62,48.4,0,Repaid,3.1,Low,Normal
CUST-11462,TXN-201078,2025-03-30,Retail,Abuja,Health,Self-employed,110570.0,69332.0,52283.0,17752.0,22,82,56.6,0,Repaid,4.8,Low,Normal
CUST-12927,TXN-201079,2026-02-16,Retail,Abuja,Food,Salaried,314471.0,475805.0,32293.0,28865.0,24,82,87.5,0,Repaid,4.5,Low,Normal
CUST-13221,TXN-201080,2026-05-11,Retail,Abuja,Transport,Salaried,191297.0,450557.0,98671.0,34735.0,9,74,73.4,0,Repaid,23.7,Low,Loan-to-income mismatch
CUST-13461,TXN-201081,2026-01-04,SME,Kano,Food,Informal,93348.0,96760.0,43955.0,28552.0,40,82,74.7,1,Defaulted,13.5,Low,Normal
CUST-13353,TXN-201082,2026-04-08,Agriculture,Lagos,Health,Salaried,85225.0,138064.0,1916.0,14383.0,38,59,90.4,0,Repaid,8.9,Low,Loan-to-income mismatch
CUST-11945,TXN-201083,2026-04-05,SME,Kumasi,Food,Salaried,155265.0,80450.0,5722.0,191477.0,20,16,57.7,0,Repaid,2.0,Low,Unusually high amount
CUST-10701,TXN-201084,2025-06-01,Retail,Kumasi,Transport,Self-employed,313545.0,502895.0,44796.0,27504.0,35,51,62.7,0,Repaid,14.8,Low,Loan-to-income mismatch
CUST-12936,TXN-201085,2025-11-15,Market Trader,Kumasi,Transport,Self-employed,150476.0,111489.0,8330.0,38562.0,24,34,60.4,0,Repaid,3.2,Low,Normal
CUST-12805,TXN-201086,2025-12-22,Market Trader,Nairobi,Fintech Agent,Self-employed,281796.0,434388.0,99966.0,49563.0,25,25,65.7,1,Defaulted,7.3,Low,Normal
CUST-13466,TXN-201087,2026-04-19,Market Trader,Lagos,Transport,Self-employed,188681.0,71100.0,8484.0,41480.0,32,13,96.1,0,Repaid,1.0,Low,Normal
CUST-12278,TXN-201088,2025-10-06,Market Trader,Kano,Education,Contract,198377.0,266903.0,104280.0,53108.0,26,3,41.4,0,Repaid,21.9,Low,High-risk repayment pattern
CUST-10495,TXN-201089,2025-10-08,Market Trader,Accra,Health,Informal,92874.0,65666.0,30701.0,36584.0,33,72,50.5,0,Repaid,10.7,Low,Normal
CUST-11760,TXN-201090,2026-02-26,SME,Abuja,Shop,Self-employed,241291.0,408601.0,115485.0,15060.0,36,18,47.4,1,Defaulted,10.1,Low,Loan-to-income mismatch
CUST-11568,TXN-201091,2026-04-19,SME,Kano,Shop,Informal,141397.0,260146.0,69701.0,61052.0,22,60,97.2,0,Repaid,15.2,Low,Loan-to-income mismatch
CUST-12950,TXN-201092,2025-02-03,Retail,Accra,Transport,Self-employed,233865.0,482435.0,79341.0,31289.0,30,30,60.9,0,Repaid,18.1,Low,Loan-to-income mismatch
CUST-11374,TXN-201093,2026-03-26,Services,Kumasi,Education,Informal,115618.0,275531.0,69715.0,17134.0,13,47,66.1,1,Defaulted,41.4,Medium,Loan-to-income mismatch
CUST-11150,TXN-201094,2025-07-21,Agriculture,Abuja,Fintech Agent,Self-employed,175319.0,210342.0,112879.0,97645.0,26,39,42.9,0,Repaid,9.9,Low,Normal
CUST-10280,TXN-201095,2025-09-02,Agriculture,Abuja,Food,Salaried,188686.0,314864.0,46474.0,7088.0,27,30,67.3,0,Repaid,9.5,Low,Loan-to-income mismatch
CUST-12924,TXN-201096,2025-08-11,Agriculture,Abuja,Transport,Self-employed,152559.0,33700.0,15148.0,45824.0,19,47,87.6,0,Repaid,1.0,Low,Normal
CUST-12643,TXN-201097,2025-01-04,SME,Abuja,Transport,Unemployed,192896.0,422306.0,48000.0,71094.0,31,75,76.6,1,Defaulted,18.6,Low,Loan-to-income mismatch
CUST-10144,TXN-201098,2025-10-23,Services,Nairobi,Health,Informal,145526.0,225121.0,23388.0,83020.0,28,49,70.1,0,Repaid,15.5,Low,Normal
CUST-11518,TXN-201099,2026-05-24,Market Trader,Kumasi,Education,Salaried,123920.0,138219.0,43934.0,40759.0,15,76,43.8,0,Repaid,21.0,Low,Normal
CUST-11679,TXN-201100,2026-01-05,Market Trader,Nairobi,Education,Self-employed,319433.0,365487.0,82536.0,21963.0,24,87,66.1,0,Repaid,6.6,Low,Normal
CUST-11642,TXN-201101,2025-09-14,Agriculture,Lagos,Transport,Informal,252852.0,471000.0,81591.0,6605.0,30,48,74.6,0,Repaid,19.9,Low,Loan-to-income mismatch
CUST-13216,TXN-201102,2025-01-12,Services,Kumasi,Education,Self-employed,118236.0,240055.0,59214.0,7769.0,21,77,54.1,0,Repaid,22.0,Low,Loan-to-income mismatch
CUST-10527,TXN-201103,2026-01-18,Market Trader,Kumasi,Transport,Self-employed,206643.0,407819.0,39806.0,23892.0,30,13,83.8,0,Repaid,5.5,Low,Loan-to-income mismatch
CUST-11072,TXN-201104,2025-12-11,Agriculture,Nairobi,Fintech Agent,Unemployed,119142.0,156493.0,42725.0,74675.0,17,55,87.9,0,Repaid,7.8,Low,Normal
CUST-10633,TXN-201105,2025-08-22,SME,Accra,Education,Self-employed,98956.0,99346.0,22874.0,14506.0,32,45,62.5,0,Repaid,3.8,Low,Normal
CUST-10854,TXN-201106,2025-07-08,Market Trader,Nairobi,Shop,Salaried,251249.0,572621.0,129274.0,37195.0,25,2,85.1,0,Repaid,11.0,Low,Loan-to-income mismatch
CUST-13174,TXN-201107,2025-07-06,Services,Accra,Education,Salaried,79561.0,126337.0,33647.0,70075.0,20,86,70.0,0,Repaid,7.9,Low,Loan-to-income mismatch
CUST-13292,TXN-201108,2025-04-21,Market Trader,Nairobi,Shop,Self-employed,240213.0,333154.0,6091.0,92720.0,16,71,92.6,0,Repaid,1.1,Low,Normal
CUST-10156,TXN-201109,2025-07-04,Agriculture,Nairobi,Fintech Agent,Self-employed,146365.0,220758.0,63791.0,28166.0,20,56,100.0,0,Repaid,2.6,Low,Normal
CUST-12212,TXN-201110,2025-03-25,Agriculture,Nairobi,Food,Informal,148918.0,235038.0,18943.0,4218.0,30,67,52.3,1,Defaulted,46.6,Medium,Loan-to-income mismatch
CUST-10814,TXN-201111,2025-07-03,Retail,Abuja,Health,Contract,193319.0,340826.0,92101.0,74709.0,21,72,85.9,0,Repaid,3.9,Low,Loan-to-income mismatch
CUST-10673,TXN-201112,2026-04-28,Services,Nairobi,Fintech Agent,Salaried,207753.0,292531.0,78411.0,23767.0,31,75,95.5,0,Repaid,4.8,Low,Normal
CUST-11022,TXN-201113,2025-10-26,Retail,Abuja,Food,Contract,115029.0,244240.0,31395.0,54462.0,32,29,54.5,0,Repaid,27.9,Low,Loan-to-income mismatch
CUST-10680,TXN-201114,2025-10-27,Agriculture,Accra,Shop,Salaried,220014.0,459514.0,100604.0,47596.0,26,41,61.6,0,Repaid,23.1,Low,Loan-to-income mismatch
CUST-11715,TXN-201115,2026-02-21,Agriculture,Kigali,Shop,Salaried,170692.0,198312.0,95528.0,16380.0,36,34,61.4,0,Repaid,6.4,Low,Normal
CUST-13484,TXN-201116,2026-03-29,Agriculture,Lagos,Transport,Self-employed,96034.0,53217.0,49036.0,2935.0,27,87,69.6,0,Repaid,3.8,Low,Normal
CUST-12052,TXN-201117,2025-10-21,Services,Nairobi,Transport,Self-employed,151547.0,221285.0,55101.0,36439.0,17,13,65.6,0,Repaid,14.6,Low,Normal
CUST-12531,TXN-201118,2025-07-06,SME,Kano,Health,Salaried,290726.0,452963.0,138181.0,92179.0,40,87,68.4,0,Repaid,12.9,Low,Loan-to-income mismatch
CUST-11726,TXN-201119,2025-09-29,Market Trader,Abuja,Shop,Self-employed,329117.0,441643.0,92405.0,66670.0,37,34,87.1,0,Repaid,3.4,Low,Normal
CUST-10048,TXN-201120,2026-03-25,SME,Lagos,Health,Informal,219979.0,474513.0,113748.0,69188.0,19,75,37.9,0,Repaid,62.3,Medium,Loan-to-income mismatch
CUST-10294,TXN-201121,2025-06-08,SME,Nairobi,Transport,Self-employed,98721.0,38156.0,53537.0,88354.0,20,17,54.5,0,Repaid,3.0,Low,Normal
CUST-10941,TXN-201122,2026-05-22,Market Trader,Nairobi,Shop,Salaried,199996.0,163611.0,21299.0,19199.0,26,81,84.1,0,Repaid,1.6,Low,Normal
CUST-10852,TXN-201123,2025-08-27,Retail,Accra,Shop,Informal,232667.0,489078.0,39544.0,81948.0,19,52,81.9,0,Repaid,22.0,Low,Loan-to-income mismatch
CUST-12942,TXN-201124,2026-01-11,Market Trader,Abuja,Health,Salaried,220752.0,500113.0,41963.0,60267.0,33,94,52.9,0,Repaid,23.7,Low,Loan-to-income mismatch
CUST-12952,TXN-201125,2025-04-03,Services,Kumasi,Health,Salaried,226314.0,254729.0,28206.0,49918.0,26,39,82.1,0,Repaid,2.4,Low,Normal
CUST-12989,TXN-201126,2026-05-24,SME,Kigali,Fintech Agent,Salaried,189581.0,115203.0,50674.0,32906.0,23,95,95.9,0,Repaid,1.0,Low,Normal
CUST-12231,TXN-201127,2026-01-20,Services,Nairobi,Education,Salaried,157879.0,175740.0,22357.0,34316.0,34,80,71.1,0,Repaid,6.8,Low,Normal
CUST-11946,TXN-201128,2026-04-07,Market Trader,Nairobi,Education,Salaried,126057.0,150347.0,49816.0,26553.0,33,2,53.9,0,Repaid,9.3,Low,Normal
CUST-12272,TXN-201129,2026-02-09,Services,Lagos,Shop,Salaried,73340.0,97795.0,6162.0,28114.0,27,37,87.7,0,Repaid,2.7,Low,Normal
CUST-11423,TXN-201130,2025-08-11,Agriculture,Kigali,Shop,Self-employed,187709.0,148114.0,35674.0,52908.0,26,40,100.0,0,Repaid,1.0,Low,Normal
CUST-12345,TXN-201131,2025-05-04,Market Trader,Kumasi,Education,Salaried,175983.0,153815.0,77305.0,49890.0,23,21,56.0,0,Repaid,8.3,Low,Normal
CUST-12780,TXN-201132,2026-02-18,Market Trader,Kumasi,Education,Salaried,205702.0,336406.0,55762.0,5306.0,27,84,72.7,0,Repaid,8.7,Low,Loan-to-income mismatch
CUST-12670,TXN-201133,2025-10-20,Services,Kano,Health,Self-employed,92803.0,144808.0,26497.0,20094.0,27,9,91.6,0,Repaid,4.3,Low,Loan-to-income mismatch
CUST-12148,TXN-201134,2025-05-06,Services,Kigali,Education,Self-employed,213396.0,352075.0,111541.0,44098.0,32,26,74.1,0,Repaid,10.8,Low,Loan-to-income mismatch
CUST-10203,TXN-201135,2025-05-27,Market Trader,Accra,Shop,Self-employed,385736.0,392514.0,246964.0,28709.0,37,25,40.5,0,Repaid,10.0,Low,High-risk repayment pattern
CUST-12537,TXN-201136,2025-04-08,Agriculture,Abuja,Education,Salaried,168207.0,155917.0,63245.0,13017.0,38,41,80.0,0,Repaid,2.4,Low,Normal
CUST-11283,TXN-201137,2026-05-20,Services,Kano,Shop,Contract,158594.0,152316.0,11072.0,65272.0,22,67,54.4,0,Repaid,8.9,Low,Normal
CUST-12602,TXN-201138,2025-12-29,Retail,Abuja,Fintech Agent,Unemployed,185309.0,424656.0,15720.0,238528.0,35,2,49.1,0,Repaid,33.0,Low,Loan-to-income mismatch
CUST-11888,TXN-201139,2025-06-04,Market Trader,Kigali,Food,Salaried,382155.0,404108.0,240817.0,12980.0,21,60,40.9,0,Repaid,9.0,Low,High-risk repayment pattern
CUST-13084,TXN-201140,2025-04-22,Agriculture,Nairobi,Food,Self-employed,105881.0,161534.0,47426.0,5770.0,19,40,93.4,0,Repaid,2.2,Low,Normal
CUST-11184,TXN-201141,2026-03-22,Retail,Kumasi,Shop,Contract,177255.0,237648.0,87574.0,103738.0,34,60,57.0,0,Repaid,9.7,Low,Normal
CUST-13259,TXN-201142,2026-01-08,Agriculture,Nairobi,Transport,Self-employed,116325.0,247215.0,51850.0,17964.0,21,7,78.0,0,Repaid,20.4,Low,Loan-to-income mismatch
CUST-12955,TXN-201143,2025-12-28,Retail,Nairobi,Shop,Salaried,129348.0,129275.0,17224.0,64429.0,32,82,82.4,0,Repaid,2.3,Low,Normal
CUST-11158,TXN-201144,2025-02-03,Market Trader,Kano,Shop,Salaried,159400.0,182322.0,48213.0,17647.0,24,56,74.9,0,Repaid,5.6,Low,Normal
CUST-11689,TXN-201145,2026-05-14,Market Trader,Abuja,Education,Self-employed,286609.0,587836.0,149837.0,101336.0,20,25,77.3,0,Repaid,6.2,Low,Loan-to-income mismatch
CUST-11859,TXN-201146,2025-08-15,Agriculture,Kigali,Food,Self-employed,346770.0,186329.0,196205.0,58403.0,37,76,78.9,0,Repaid,1.5,Low,Normal
CUST-12690,TXN-201147,2026-01-07,Retail,Kano,Education,Informal,196461.0,294561.0,33304.0,20804.0,21,46,74.5,0,Repaid,9.7,Low,Normal
CUST-12412,TXN-201148,2025-04-04,Market Trader,Lagos,Health,Salaried,138945.0,148365.0,54947.0,15579.0,31,38,58.3,0,Repaid,11.5,Low,Normal
CUST-12982,TXN-201149,2025-11-11,Retail,Nairobi,Health,Salaried,463680.0,1098206.0,55166.0,19704.0,35,17,56.7,0,Repaid,23.1,Low,Loan-to-income mismatch
CUST-11294,TXN-201150,2025-02-17,Retail,Abuja,Fintech Agent,Self-employed,136002.0,242284.0,84826.0,27865.0,24,48,70.1,0,Repaid,12.4,Low,Loan-to-income mismatch
CUST-11766,TXN-201151,2025-08-26,Agriculture,Abuja,Shop,Self-employed,128043.0,26048.0,22905.0,67174.0,21,22,69.7,0,Repaid,1.4,Low,Normal
CUST-11508,TXN-201152,2025-05-02,Retail,Kumasi,Shop,Self-employed,77229.0,157828.0,36898.0,7663.0,49,70,79.7,0,Repaid,10.1,Low,Loan-to-income mismatch
CUST-13183,TXN-201153,2025-09-01,Retail,Kigali,Fintech Agent,Salaried,292541.0,509331.0,48445.0,23452.0,40,36,91.8,0,Repaid,7.8,Low,Loan-to-income mismatch
CUST-11067,TXN-201154,2026-03-25,Retail,Lagos,Fintech Agent,Self-employed,244425.0,348387.0,99753.0,69112.0,36,13,78.2,0,Repaid,10.5,Low,Normal
CUST-12054,TXN-201155,2025-01-01,Market Trader,Kumasi,Shop,Contract,449314.0,316409.0,195603.0,60370.0,28,68,57.4,0,Repaid,6.9,Low,Normal
CUST-10420,TXN-201156,2025-08-26,Retail,Kano,Shop,Informal,90799.0,46442.0,20603.0,83774.0,30,81,32.7,0,Repaid,21.5,Low,High-risk repayment pattern
CUST-12975,TXN-201157,2026-05-30,SME,Kigali,Transport,Informal,300268.0,472936.0,160903.0,16614.0,34,80,58.2,0,Repaid,24.8,Low,Loan-to-income mismatch
CUST-11344,TXN-201158,2026-05-17,Agriculture,Kigali,Education,Self-employed,167620.0,193881.0,96848.0,27544.0,28,47,47.8,0,Repaid,14.1,Low,Normal
CUST-11192,TXN-201159,2025-10-20,Retail,Lagos,Shop,Informal,228333.0,477855.0,127568.0,22240.0,32,30,58.9,1,Defaulted,26.3,Low,Loan-to-income mismatch
CUST-12040,TXN-201160,2025-12-09,Retail,Lagos,Food,Self-employed,81465.0,62115.0,18607.0,109893.0,37,22,76.4,0,Repaid,1.8,Low,Normal
CUST-11745,TXN-201161,2025-10-30,Market Trader,Kano,Transport,Salaried,301521.0,481015.0,147424.0,36660.0,35,39,73.5,0,Repaid,4.7,Low,Loan-to-income mismatch
CUST-12967,TXN-201162,2025-08-24,Services,Lagos,Fintech Agent,Unemployed,226463.0,165869.0,84353.0,15780.0,16,11,100.0,0,Repaid,3.2,Low,Normal
CUST-11859,TXN-201163,2025-04-04,Retail,Kano,Health,Salaried,160117.0,255006.0,62983.0,105687.0,31,85,80.7,0,Repaid,5.6,Low,Loan-to-income mismatch
CUST-11809,TXN-201164,2026-02-22,Agriculture,Abuja,Education,Salaried,213405.0,61317.0,68456.0,30058.0,16,25,100.0,0,Repaid,1.0,Low,Normal
CUST-10367,TXN-201165,2025-08-11,Services,Kigali,Shop,Salaried,118006.0,123858.0,46986.0,36045.0,33,75,84.9,0,Repaid,3.4,Low,Normal
CUST-10076,TXN-201166,2026-03-27,Retail,Kumasi,Transport,Self-employed,127597.0,71883.0,13457.0,121759.0,30,38,91.5,0,Repaid,1.3,Low,Normal
CUST-11394,TXN-201167,2025-04-24,Market Trader,Abuja,Transport,Self-employed,133968.0,204324.0,37186.0,37857.0,27,66,65.5,0,Repaid,6.0,Low,Normal
CUST-13493,TXN-201168,2025-04-12,Agriculture,Kumasi,Fintech Agent,Self-employed,74746.0,66011.0,9861.0,76166.0,25,87,52.7,0,Repaid,2.5,Low,Normal
CUST-13210,TXN-201169,2025-04-23,Services,Nairobi,Education,Salaried,233734.0,442412.0,45921.0,24219.0,37,40,63.9,0,Repaid,21.6,Low,Loan-to-income mismatch
CUST-12201,TXN-201170,2025-12-03,Retail,Nairobi,Food,Salaried,268463.0,116620.0,26987.0,66546.0,24,92,71.8,0,Repaid,1.2,Low,Normal
CUST-12207,TXN-201171,2025-10-10,SME,Kumasi,Shop,Salaried,121229.0,171514.0,18654.0,64150.0,26,34,60.7,0,Repaid,7.1,Low,Normal
CUST-11370,TXN-201172,2025-12-06,Agriculture,Kumasi,Health,Salaried,188385.0,282194.0,96569.0,64061.0,40,25,54.0,0,Repaid,19.3,Low,Normal
CUST-10621,TXN-201173,2025-05-05,Market Trader,Nairobi,Education,Salaried,145579.0,33348.0,53340.0,36565.0,24,70,79.5,0,Repaid,1.0,Low,Normal
CUST-10029,TXN-201174,2025-07-05,SME,Abuja,Transport,Salaried,186815.0,48551.0,6519.0,57707.0,20,15,53.9,0,Repaid,1.3,Low,Normal
CUST-11185,TXN-201175,2025-12-10,SME,Kigali,Fintech Agent,Unemployed,125044.0,108075.0,64619.0,118643.0,29,10,44.4,1,Defaulted,36.9,Medium,Normal
CUST-11107,TXN-201176,2025-09-17,Services,Abuja,Health,Contract,112304.0,172066.0,66592.0,19905.0,22,36,51.8,0,Repaid,13.7,Low,Normal
CUST-10670,TXN-201177,2025-07-14,SME,Nairobi,Shop,Self-employed,253184.0,586637.0,145497.0,35174.0,17,53,67.8,0,Repaid,37.0,Medium,Loan-to-income mismatch
CUST-10907,TXN-201178,2025-06-16,Market Trader,Kigali,Shop,Self-employed,158447.0,60454.0,85324.0,115116.0,27,46,54.2,0,Repaid,4.4,Low,Normal
CUST-10086,TXN-201179,2025-07-14,SME,Abuja,Shop,Informal,380517.0,662488.0,245470.0,30591.0,28,7,67.9,0,Repaid,36.6,Medium,Loan-to-income mismatch
CUST-12127,TXN-201180,2025-05-24,Retail,Kumasi,Transport,Self-employed,165951.0,285076.0,64627.0,29187.0,27,53,82.8,0,Repaid,8.9,Low,Loan-to-income mismatch
CUST-13246,TXN-201181,2025-12-29,SME,Nairobi,Food,Informal,110310.0,183802.0,69102.0,30790.0,28,60,82.3,0,Repaid,15.4,Low,Loan-to-income mismatch
CUST-12417,TXN-201182,2025-03-26,Retail,Kano,Fintech Agent,Informal,272479.0,361265.0,168330.0,26192.0,20,28,60.1,0,Repaid,27.4,Low,Normal
CUST-11568,TXN-201183,2025-12-13,SME,Accra,Fintech Agent,Salaried,212126.0,493480.0,46104.0,15627.0,24,55,48.5,1,Defaulted,45.8,Medium,Loan-to-income mismatch
CUST-11470,TXN-201184,2025-02-09,SME,Nairobi,Fintech Agent,Salaried,220861.0,285781.0,124557.0,79957.0,39,35,61.6,0,Repaid,14.2,Low,Normal
CUST-11076,TXN-201185,2025-07-28,Agriculture,Kumasi,Fintech Agent,Salaried,268351.0,547710.0,139343.0,55667.0,15,7,83.8,0,Repaid,14.8,Low,Loan-to-income mismatch
CUST-10498,TXN-201186,2025-09-15,Agriculture,Nairobi,Shop,Self-employed,123726.0,94378.0,62946.0,4416.0,19,71,88.0,0,Repaid,2.4,Low,Normal
CUST-12094,TXN-201187,2026-04-25,Market Trader,Abuja,Health,Informal,154285.0,303942.0,90204.0,26187.0,29,41,78.4,1,Defaulted,24.8,Low,Loan-to-income mismatch
CUST-11982,TXN-201188,2025-12-08,SME,Accra,Fintech Agent,Salaried,151447.0,362311.0,39685.0,41373.0,23,94,93.6,0,Repaid,6.3,Low,Loan-to-income mismatch
CUST-10025,TXN-201189,2025-06-19,Market Trader,Nairobi,Education,Informal,94645.0,208256.0,25747.0,13427.0,25,20,100.0,0,Repaid,22.0,Low,Loan-to-income mismatch
CUST-11454,TXN-201190,2025-07-10,Market Trader,Abuja,Fintech Agent,Self-employed,145698.0,124578.0,61664.0,13077.0,16,2,63.3,0,Repaid,3.6,Low,Normal
CUST-10973,TXN-201191,2026-01-06,Retail,Accra,Food,Self-employed,285295.0,587271.0,138316.0,29509.0,30,77,98.8,0,Repaid,5.1,Low,Loan-to-income mismatch
CUST-10595,TXN-201192,2026-03-24,Retail,Accra,Health,Contract,179815.0,70392.0,103256.0,85013.0,20,83,67.3,0,Repaid,2.6,Low,Normal
CUST-12460,TXN-201193,2026-02-14,Agriculture,Nairobi,Health,Self-employed,92471.0,155768.0,52873.0,40891.0,41,87,90.4,0,Repaid,3.3,Low,Loan-to-income mismatch
CUST-11840,TXN-201194,2026-04-10,Services,Nairobi,Transport,Self-employed,84673.0,79556.0,40173.0,41911.0,31,95,84.8,0,Repaid,2.2,Low,Normal
CUST-12218,TXN-201195,2025-04-23,Market Trader,Kano,Health,Contract,327488.0,537816.0,203973.0,21110.0,24,31,36.4,0,Repaid,23.0,Low,Loan-to-income mismatch
CUST-12497,TXN-201196,2025-09-12,Retail,Kigali,Food,Self-employed,156696.0,171612.0,20768.0,15853.0,28,65,54.6,0,Repaid,3.5,Low,Normal
CUST-13436,TXN-201197,2025-09-02,Retail,Kumasi,Transport,Salaried,124006.0,24808.0,76724.0,121640.0,30,4,50.0,0,Repaid,2.5,Low,Normal
CUST-12809,TXN-201198,2025-08-05,Retail,Kumasi,Shop,Self-employed,145063.0,100592.0,8768.0,82504.0,18,41,39.9,0,Repaid,5.5,Low,High-risk repayment pattern
CUST-12171,TXN-201199,2025-01-11,Services,Lagos,Health,Self-employed,87512.0,23987.0,32383.0,67910.0,19,86,87.8,0,Repaid,1.3,Low,Normal
CUST-13076,TXN-201200,2025-04-25,Market Trader,Abuja,Health,Informal,295877.0,333909.0,22730.0,42239.0,20,61,100.0,0,Repaid,3.1,Low,Normal
CUST-11671,TXN-201201,2025-06-20,Services,Lagos,Health,Salaried,137987.0,282178.0,52137.0,63320.0,34,81,67.4,0,Repaid,10.2,Low,Loan-to-income mismatch
CUST-13446,TXN-201202,2025-07-31,Market Trader,Lagos,Fintech Agent,Salaried,289037.0,525571.0,76817.0,52660.0,19,90,87.4,0,Repaid,4.2,Low,Loan-to-income mismatch
CUST-12665,TXN-201203,2025-05-20,SME,Kigali,Fintech Agent,Self-employed,166324.0,321236.0,11878.0,25456.0,30,76,98.7,0,Repaid,3.9,Low,Loan-to-income mismatch
CUST-12278,TXN-201204,2025-07-03,SME,Abuja,Transport,,296678.0,585044.0,127071.0,171222.0,22,66,75.7,1,Defaulted,16.0,Low,Loan-to-income mismatch
CUST-13161,TXN-201205,2026-02-03,Retail,Nairobi,Health,Self-employed,181282.0,182316.0,87134.0,74687.0,34,35,71.5,1,Defaulted,6.1,Low,Normal
CUST-11802,TXN-201206,2025-06-18,SME,Accra,Transport,Salaried,232898.0,303554.0,30215.0,48628.0,41,51,67.6,1,Defaulted,5.4,Low,Normal
CUST-12522,TXN-201207,2025-04-24,Agriculture,Abuja,Health,Contract,220140.0,288111.0,100713.0,12344.0,24,9,81.7,0,Repaid,7.4,Low,Normal
CUST-10996,TXN-201208,2025-08-29,Retail,Nairobi,Food,Self-employed,211458.0,91207.0,28082.0,15245.0,27,56,87.7,0,Repaid,1.0,Low,Normal
CUST-13371,TXN-201209,2025-01-14,Retail,Kumasi,Fintech Agent,Self-employed,188364.0,284029.0,20072.0,49373.0,26,93,80.3,0,Repaid,2.6,Low,Normal
CUST-12181,TXN-201210,2025-04-28,SME,Nairobi,Shop,Self-employed,147591.0,262535.0,16654.0,51314.0,27,15,79.7,0,Repaid,5.1,Low,Loan-to-income mismatch
CUST-12737,TXN-201211,2025-01-13,Services,Nairobi,Transport,Contract,363845.0,558993.0,144599.0,22287.0,34,48,71.1,0,Repaid,11.6,Low,Normal
CUST-11612,TXN-201212,2025-02-04,Services,Nairobi,Education,Salaried,111200.0,204168.0,56783.0,41327.0,27,86,43.3,0,Repaid,31.5,Low,Loan-to-income mismatch
CUST-13033,TXN-201213,2026-01-30,Retail,Kumasi,Education,Salaried,163050.0,72384.0,64575.0,40184.0,24,35,88.2,0,Repaid,1.7,Low,Normal
CUST-10259,TXN-201214,2025-01-13,Agriculture,Abuja,Fintech Agent,Self-employed,163776.0,306315.0,86783.0,28983.0,17,57,48.9,0,Repaid,23.0,Low,Loan-to-income mismatch
CUST-10399,TXN-201215,2025-03-15,Agriculture,Accra,Fintech Agent,Salaried,192726.0,123744.0,75670.0,13817.0,29,75,83.1,0,Repaid,1.8,Low,Normal
CUST-11774,TXN-201216,2025-04-02,Services,Nairobi,Transport,Salaried,135893.0,288984.0,70979.0,34379.0,39,76,85.6,0,Repaid,9.7,Low,Loan-to-income mismatch
CUST-12563,TXN-201217,2025-11-29,Retail,Nairobi,Education,Self-employed,185757.0,134441.0,117995.0,93098.0,28,65,51.5,0,Repaid,5.1,Low,Normal
CUST-12832,TXN-201218,2025-06-20,Services,Accra,Health,Self-employed,,192886.0,40375.0,12620.0,28,7,61.1,0,Repaid,6.8,Low,Normal
CUST-11540,TXN-201219,2025-04-15,Agriculture,Lagos,Fintech Agent,Contract,83749.0,105669.0,9586.0,76259.0,32,5,100.0,0,Repaid,1.4,Low,Normal
CUST-12273,TXN-201220,2026-01-14,SME,Kigali,Food,Informal,163409.0,126944.0,17207.0,126270.0,26,72,70.6,0,Repaid,4.8,Low,Normal
CUST-11935,TXN-201221,2025-04-25,Retail,Kumasi,Shop,Salaried,102515.0,100772.0,40638.0,46045.0,28,92,50.0,0,Repaid,9.7,Low,Normal
CUST-13365,TXN-201222,2026-04-29,Retail,Accra,Food,Salaried,78555.0,46507.0,28647.0,46107.0,31,27,86.4,0,Repaid,1.5,Low,Normal
CUST-12289,TXN-201223,2026-02-21,Market Trader,Accra,Transport,Unemployed,172385.0,249204.0,23456.0,36667.0,27,54,58.1,1,Defaulted,27.4,Low,Normal
CUST-11458,TXN-201224,2026-04-01,Services,Accra,Shop,Salaried,199768.0,440872.0,115012.0,45230.0,27,8,37.4,0,Repaid,34.8,Low,Loan-to-income mismatch
CUST-11275,TXN-202762,2026-04-10,Services,Kigali,Health,Self-employed,137938.0,90700.0,58956.0,25786.0,26,2,78.5,0,Repaid,3.2,Low,Normal
CUST-10375,TXN-201226,2025-05-23,Services,Kumasi,Transport,Salaried,206532.0,270123.0,37078.0,51551.0,25,47,55.5,0,Repaid,4.1,Low,Normal
CUST-13446,TXN-201227,2025-12-04,Market Trader,Kano,Shop,Self-employed,72281.0,151311.0,10866.0,5594.0,28,3,77.8,0,Repaid,6.4,Low,Loan-to-income mismatch
CUST-10539,TXN-201228,2026-01-25,Services,Kano,Health,Self-employed,91892.0,108850.0,14222.0,127220.0,25,57,57.4,0,Repaid,7.7,Low,Normal
CUST-11008,TXN-201229,2026-04-25,Services,Abuja,Education,Self-employed,372830.0,755129.0,98455.0,58040.0,32,53,84.7,1,Defaulted,10.0,Low,Loan-to-income mismatch
CUST-12875,TXN-201230,2025-01-27,Retail,Kano,Shop,Self-employed,104838.0,122764.0,58451.0,48348.0,32,10,75.3,0,Repaid,6.4,Low,Normal
CUST-12568,TXN-201231,2026-03-26,Retail,Kigali,Food,Salaried,210355.0,243452.0,83186.0,66194.0,45,57,25.4,0,Repaid,29.1,Low,High-risk repayment pattern
CUST-13396,TXN-201232,2026-02-23,Agriculture,Abuja,Fintech Agent,Salaried,121965.0,64528.0,7630.0,36848.0,39,44,78.9,0,Repaid,1.5,Low,Normal
CUST-12624,TXN-201233,2026-03-13,SME,Kigali,Transport,Self-employed,168293.0,76986.0,53513.0,87112.0,28,11,66.8,0,Repaid,2.3,Low,Normal
CUST-12229,TXN-201234,2025-04-14,Retail,Accra,Transport,Informal,124746.0,191800.0,9594.0,42930.0,22,22,97.5,0,Repaid,7.2,Low,Normal
CUST-11212,TXN-201235,2025-03-12,Agriculture,Kigali,Health,Self-employed,206044.0,415525.0,56851.0,26639.0,35,53,79.1,0,Repaid,6.9,Low,Loan-to-income mismatch
CUST-10016,TXN-201236,2025-12-08,Market Trader,Kumasi,Food,Self-employed,172378.0,82845.0,47269.0,47914.0,28,78,85.6,0,Repaid,1.0,Low,Normal
CUST-10433,TXN-201237,2025-03-27,SME,Nairobi,Health,Unemployed,134823.0,296666.0,57767.0,67568.0,16,42,59.2,0,Repaid,39.6,Medium,Loan-to-income mismatch
CUST-11042,TXN-201238,2025-04-06,Services,Kano,Transport,Self-employed,104708.0,102270.0,38339.0,50834.0,33,61,57.8,0,Repaid,5.3,Low,Normal
CUST-10143,TXN-201239,2026-05-22,Retail,Lagos,Shop,Self-employed,182128.0,204725.0,104012.0,27582.0,21,43,71.5,0,Repaid,5.7,Low,Normal
CUST-11778,TXN-201240,2026-04-15,Retail,Kano,Education,Salaried,97798.0,211800.0,2959.0,8857.0,16,82,65.5,0,Repaid,9.9,Low,Loan-to-income mismatch
CUST-12720,TXN-201241,2025-10-25,SME,Kumasi,Food,Contract,194764.0,422595.0,98866.0,64612.0,21,93,96.1,0,Repaid,6.3,Low,Loan-to-income mismatch
CUST-13371,TXN-201242,2025-12-01,Agriculture,Abuja,Fintech Agent,Salaried,490472.0,659776.0,16811.0,56043.0,15,41,69.2,0,Repaid,6.0,Low,Normal
CUST-11713,TXN-201243,2025-10-11,Market Trader,Kano,Health,Salaried,286952.0,227960.0,60748.0,105896.0,21,29,50.0,1,Defaulted,3.4,Low,Normal
CUST-13062,TXN-201244,2026-01-19,Market Trader,Lagos,Food,Salaried,220071.0,123615.0,126362.0,47089.0,30,56,57.1,0,Repaid,4.4,Low,Normal
CUST-13449,TXN-201245,2025-09-18,Market Trader,Kano,Shop,Salaried,157007.0,122922.0,71432.0,17657.0,22,85,89.4,0,Repaid,1.4,Low,Normal
CUST-13009,TXN-201246,2025-11-12,Agriculture,Lagos,Education,Self-employed,72094.0,137915.0,9254.0,73670.0,35,58,69.0,0,Repaid,5.3,Low,Loan-to-income mismatch
CUST-11627,TXN-201247,2026-01-15,SME,Abuja,Health,Salaried,93399.0,84114.0,30746.0,61442.0,17,34,68.0,0,Repaid,3.2,Low,Normal
CUST-11138,TXN-201248,2026-02-14,Retail,Kano,Transport,Self-employed,278946.0,480324.0,132443.0,86619.0,24,74,91.1,0,Repaid,3.8,Low,Loan-to-income mismatch
CUST-13422,TXN-201249,2025-11-03,Retail,Abuja,Education,Self-employed,116810.0,71645.0,71316.0,26842.0,27,18,55.5,0,Repaid,4.6,Low,Normal
CUST-10846,TXN-201250,2026-01-18,Market Trader,Lagos,Shop,Salaried,121335.0,150732.0,50915.0,32365.0,28,27,31.8,1,Defaulted,19.2,Low,High-risk repayment pattern
CUST-11440,TXN-201251,2025-03-19,Retail,Lagos,Health,Salaried,151816.0,145998.0,5396.0,68390.0,37,16,56.6,0,Repaid,2.0,Low,Normal
CUST-10259,TXN-201252,2025-01-27,Retail,Kumasi,Fintech Agent,Salaried,104187.0,135237.0,34883.0,73908.0,21,87,76.4,0,Repaid,6.6,Low,Normal
CUST-12777,TXN-201253,2025-02-22,Agriculture,Lagos,Transport,Self-employed,97222.0,140513.0,11313.0,44544.0,29,90,67.5,0,Repaid,16.2,Low,Normal
CUST-12274,TXN-201254,2026-01-20,Agriculture,Lagos,Health,Self-employed,159341.0,379212.0,7983.0,50027.0,34,92,43.9,1,Defaulted,22.9,Low,Loan-to-income mismatch
CUST-10296,TXN-201255,2025-06-06,Retail,Kumasi,Health,Salaried,111922.0,243740.0,44440.0,72655.0,22,4,90.3,0,Repaid,7.0,Low,Loan-to-income mismatch
CUST-10776,TXN-201256,2026-02-12,Services,Accra,Transport,Salaried,119226.0,205644.0,60741.0,35048.0,31,86,74.9,0,Repaid,7.0,Low,Loan-to-income mismatch
CUST-11944,TXN-201257,2026-03-25,SME,Kigali,Transport,Salaried,117231.0,61114.0,5008.0,61891.0,37,22,79.0,0,Repaid,1.0,Low,Normal
CUST-11891,TXN-201258,2025-12-29,Agriculture,Kano,Food,Informal,202682.0,450003.0,104110.0,104276.0,15,91,79.6,1,Defaulted,47.2,Medium,Loan-to-income mismatch
CUST-12807,TXN-201259,2025-07-27,Services,Kano,Fintech Agent,Informal,147636.0,319121.0,68654.0,23531.0,28,34,48.6,1,Defaulted,49.3,Medium,Loan-to-income mismatch
CUST-10931,TXN-201260,2025-02-25,Market Trader,Lagos,Food,Self-employed,150995.0,324410.0,74554.0,10846.0,28,30,77.5,1,Defaulted,16.9,Low,Loan-to-income mismatch
CUST-13236,TXN-201261,2026-03-27,SME,Lagos,Transport,Informal,209131.0,260037.0,36426.0,62198.0,42,63,88.3,0,Repaid,9.1,Low,Normal
CUST-11555,TXN-201262,2025-06-23,Market Trader,Nairobi,Transport,Salaried,153329.0,85706.0,41087.0,37924.0,25,76,92.5,0,Repaid,1.5,Low,Normal
CUST-12879,TXN-201263,2025-10-23,Services,Abuja,Transport,Self-employed,144804.0,268579.0,13821.0,13887.0,22,37,85.0,0,Repaid,7.7,Low,Loan-to-income mismatch
CUST-10834,TXN-201264,2026-01-09,Market Trader,Lagos,Education,Self-employed,198310.0,206739.0,33812.0,36279.0,27,79,81.2,0,Repaid,1.5,Low,Normal
CUST-10129,TXN-201265,2026-04-25,SME,Nairobi,Health,Self-employed,215484.0,203620.0,45415.0,17586.0,31,3,40.7,0,Repaid,11.7,Low,High-risk repayment pattern
CUST-10192,TXN-201266,2025-09-26,Retail,Kigali,Transport,Contract,153005.0,160278.0,33852.0,25860.0,42,86,71.7,0,Repaid,3.0,Low,Normal
CUST-11304,TXN-201267,2026-04-02,Market Trader,Kano,Food,Self-employed,168359.0,239261.0,21933.0,46765.0,27,50,54.8,0,Repaid,15.1,Low,Normal
CUST-13336,TXN-201268,2026-01-10,Market Trader,Kano,Food,Informal,117201.0,107873.0,16278.0,11466.0,20,52,95.1,0,Repaid,2.3,Low,Normal
CUST-10170,TXN-201269,2025-07-13,Agriculture,Kumasi,Transport,Salaried,113381.0,194066.0,66660.0,29542.0,25,85,92.3,0,Repaid,3.6,Low,Loan-to-income mismatch
CUST-11291,TXN-201270,2025-06-30,Market Trader,Lagos,Food,Salaried,224817.0,363742.0,115523.0,5515.0,35,7,54.9,0,Repaid,15.1,Low,Loan-to-income mismatch
CUST-10382,TXN-201271,2025-10-12,Market Trader,Abuja,Shop,Self-employed,196197.0,256954.0,46503.0,23853.0,11,85,71.2,0,Repaid,6.1,Low,Normal
CUST-13260,TXN-201272,2026-01-05,Retail,Kigali,Food,Salaried,197052.0,59080.0,121584.0,85773.0,31,21,76.5,0,Repaid,1.0,Low,Normal
CUST-12363,TXN-201273,2026-01-02,Market Trader,Nairobi,Health,Salaried,183131.0,413716.0,31228.0,133798.0,33,95,88.2,0,Repaid,6.9,Low,Loan-to-income mismatch
CUST-12669,TXN-201274,2026-01-16,Retail,Abuja,Food,Salaried,165944.0,181537.0,45850.0,37179.0,30,69,41.8,0,Repaid,7.0,Low,High-risk repayment pattern
CUST-12496,TXN-201275,2025-01-24,SME,Kumasi,Food,Self-employed,218053.0,256820.0,116118.0,73175.0,17,34,32.2,1,Defaulted,24.7,Low,High-risk repayment pattern
CUST-12299,TXN-201276,2025-08-06,Market Trader,Kigali,Education,Contract,241047.0,287423.0,72077.0,14432.0,34,8,72.7,0,Repaid,3.5,Low,Normal
CUST-12708,TXN-201277,2025-03-24,Services,Abuja,Food,Self-employed,238641.0,236341.0,40047.0,43690.0,28,13,26.4,0,Repaid,18.9,Low,High-risk repayment pattern
CUST-10028,TXN-201278,2025-01-18,SME,Abuja,Food,Salaried,156010.0,261720.0,39342.0,131545.0,30,13,74.9,0,Repaid,5.2,Low,Loan-to-income mismatch
CUST-13029,TXN-201279,2026-01-12,Retail,Kigali,Transport,Salaried,291425.0,61461.0,97760.0,42399.0,26,8,82.7,0,Repaid,1.1,Low,Normal
CUST-12589,TXN-201280,2026-05-25,Agriculture,Kigali,Health,Self-employed,179145.0,379642.0,73630.0,67794.0,21,59,94.2,0,Repaid,4.3,Low,Loan-to-income mismatch
CUST-12588,TXN-201281,2026-04-17,Retail,Accra,Education,Salaried,212267.0,86481.0,58486.0,25864.0,23,83,60.8,0,Repaid,2.3,Low,Normal
CUST-11377,TXN-201282,2026-03-27,Agriculture,Accra,Shop,Salaried,183226.0,439626.0,53451.0,7890.0,25,77,74.9,0,Repaid,10.9,Low,Loan-to-income mismatch
CUST-12803,TXN-201283,2025-06-06,Market Trader,Abuja,Education,Self-employed,180546.0,284241.0,33633.0,27514.0,19,72,83.7,0,Repaid,7.2,Low,Loan-to-income mismatch
CUST-11336,TXN-201284,2025-03-23,Retail,Lagos,Food,Salaried,119490.0,39081.0,42690.0,25238.0,27,94,50.8,0,Repaid,4.9,Low,Normal
CUST-10171,TXN-201285,2025-07-23,Services,Accra,Shop,Salaried,218506.0,312160.0,34580.0,64953.0,35,60,88.5,0,Repaid,3.1,Low,Normal
CUST-13177,TXN-201286,2025-08-16,Market Trader,Abuja,Education,Informal,537683.0,492251.0,304620.0,65638.0,25,10,76.9,0,Repaid,12.1,Low,Normal
CUST-10820,TXN-201287,2026-03-28,Services,Kano,Shop,Self-employed,139050.0,319225.0,68251.0,13610.0,44,48,61.1,0,Repaid,21.2,Low,Loan-to-income mismatch
CUST-10356,TXN-201288,2025-06-15,Market Trader,Kigali,Transport,Unemployed,167681.0,311408.0,46695.0,48307.0,21,73,74.5,0,Repaid,23.5,Low,Loan-to-income mismatch
CUST-12176,TXN-201289,2025-05-18,Market Trader,Kigali,Education,Self-employed,134941.0,176175.0,66223.0,57527.0,41,44,69.5,0,Repaid,6.4,Low,Normal
CUST-10817,TXN-201290,2026-05-21,Market Trader,Accra,Education,Salaried,132592.0,150373.0,3236.0,24600.0,19,30,86.0,0,Repaid,2.3,Low,Normal
CUST-13003,TXN-201291,2026-04-23,Market Trader,Kano,Transport,Self-employed,311349.0,744382.0,73798.0,38562.0,35,48,65.5,0,Repaid,20.1,Low,Loan-to-income mismatch
CUST-11553,TXN-201292,2026-01-05,Agriculture,Kigali,Fintech Agent,Informal,122682.0,203848.0,36484.0,53188.0,35,75,76.1,0,Repaid,15.2,Low,Loan-to-income mismatch
CUST-10015,TXN-201293,2025-03-14,Retail,Kigali,Fintech Agent,Informal,133370.0,176172.0,42141.0,81437.0,22,36,60.8,0,Repaid,9.5,Low,Normal
CUST-13331,TXN-201294,2025-10-18,Market Trader,Kumasi,Shop,Self-employed,83554.0,88854.0,41084.0,39219.0,23,35,55.1,0,Repaid,6.3,Low,Normal
CUST-11801,TXN-201295,2025-05-11,Retail,Nairobi,Transport,Salaried,118398.0,106626.0,74184.0,54019.0,20,46,75.1,1,Defaulted,7.4,Low,Normal
CUST-10920,TXN-201296,2025-03-21,SME,Accra,Shop,Self-employed,79417.0,138665.0,20601.0,91949.0,31,41,55.9,0,Repaid,12.8,Low,Loan-to-income mismatch
CUST-12370,TXN-201297,2025-01-19,Retail,Kumasi,Shop,Salaried,212216.0,315163.0,51118.0,15902.0,25,21,86.4,0,Repaid,2.8,Low,Normal
CUST-11857,TXN-201298,2025-06-14,Market Trader,Accra,Food,Salaried,527483.0,1088182.0,213433.0,4227.0,22,28,82.7,0,Repaid,9.6,Low,Loan-to-income mismatch
CUST-10103,TXN-201299,2025-02-18,SME,Abuja,Shop,Salaried,139524.0,196576.0,27513.0,84023.0,38,13,58.2,0,Repaid,4.7,Low,Normal
CUST-12658,TXN-201300,2025-02-16,Agriculture,Lagos,Fintech Agent,Salaried,80819.0,119028.0,8813.0,39982.0,36,72,75.8,0,Repaid,3.7,Low,Normal
CUST-11404,TXN-201301,2025-05-12,Services,Lagos,Health,Self-employed,237518.0,294459.0,148632.0,12567.0,23,21,58.1,0,Repaid,10.7,Low,Normal
CUST-12449,TXN-201302,2025-09-03,Retail,Nairobi,Shop,Informal,119933.0,224637.0,63565.0,63621.0,33,93,43.1,0,Repaid,53.9,Medium,Loan-to-income mismatch
CUST-13134,TXN-201303,2025-12-05,Market Trader,Kigali,Transport,Self-employed,280892.0,309341.0,175236.0,12316.0,20,93,61.2,0,Repaid,8.7,Low,Normal
CUST-12137,TXN-201304,2026-03-25,Market Trader,Accra,Health,Contract,144574.0,299457.0,22732.0,37784.0,24,65,71.1,0,Repaid,17.8,Low,Loan-to-income mismatch
CUST-12350,TXN-201305,2025-04-14,SME,Accra,Transport,Contract,124821.0,113093.0,3897.0,85106.0,34,95,81.4,0,Repaid,1.3,Low,Normal
CUST-10891,TXN-201306,2026-02-09,Market Trader,Kigali,Food,Salaried,151034.0,259420.0,44627.0,65623.0,24,83,74.7,0,Repaid,4.3,Low,Loan-to-income mismatch
CUST-10831,TXN-201307,2026-04-30,Retail,Kigali,Shop,Self-employed,223746.0,483827.0,136076.0,32130.0,26,72,88.3,1,Defaulted,9.5,Low,Loan-to-income mismatch
CUST-11452,TXN-201308,2026-02-01,SME,Nairobi,Fintech Agent,Contract,147928.0,279191.0,15850.0,101171.0,21,35,54.3,0,Repaid,11.8,Low,Loan-to-income mismatch
CUST-12984,TXN-201309,2025-06-29,Retail,Accra,Shop,Salaried,132108.0,124259.0,12395.0,35338.0,25,80,65.2,0,Repaid,3.5,Low,Normal
CUST-11834,TXN-201310,2025-06-11,Retail,Accra,Shop,Self-employed,149715.0,261713.0,9498.0,20486.0,25,34,100.0,0,Repaid,2.3,Low,Loan-to-income mismatch
CUST-11218,TXN-201311,2025-09-25,Services,Kumasi,Transport,Contract,95399.0,61008.0,47887.0,22108.0,34,11,37.2,0,Repaid,9.2,Low,High-risk repayment pattern
CUST-12728,TXN-201312,2026-03-04,Services,Nairobi,Food,Contract,192289.0,59442.0,99055.0,24896.0,24,55,63.9,0,Repaid,2.6,Low,Normal
CUST-12986,TXN-201313,2025-12-10,SME,Kigali,Food,Self-employed,76847.0,148842.0,35203.0,2862.0,20,13,52.7,1,Defaulted,27.4,Low,Loan-to-income mismatch
CUST-13158,TXN-201314,2025-08-21,Retail,Kumasi,Health,Self-employed,135059.0,266577.0,7236.0,66199.0,37,10,68.5,0,Repaid,9.5,Low,Loan-to-income mismatch
CUST-11046,TXN-201315,2025-03-12,Market Trader,Nairobi,Education,Self-employed,223897.0,51699.0,106501.0,45238.0,33,10,64.2,0,Repaid,2.3,Low,Normal
CUST-12483,TXN-201316,2025-12-11,Market Trader,Lagos,Shop,Informal,184846.0,422208.0,55941.0,22331.0,39,87,82.8,1,Defaulted,38.5,Medium,Loan-to-income mismatch
CUST-12066,TXN-201317,2025-12-21,Agriculture,Kano,Shop,Contract,208550.0,243982.0,24916.0,47639.0,20,7,76.6,0,Repaid,1.7,Low,Normal
CUST-11571,TXN-201318,2025-09-17,Agriculture,Abuja,Transport,Salaried,158369.0,346781.0,32613.0,12129.0,29,39,48.5,0,Repaid,26.0,Low,Loan-to-income mismatch
CUST-11389,TXN-201319,2025-03-04,Market Trader,Nairobi,Food,Self-employed,266011.0,513334.0,89306.0,48976.0,29,72,61.4,0,Repaid,14.2,Low,Loan-to-income mismatch
CUST-10400,TXN-201320,2025-08-17,Market Trader,Abuja,Health,Unemployed,239995.0,523057.0,54642.0,55069.0,17,77,72.0,1,Defaulted,27.7,Low,Loan-to-income mismatch
CUST-10961,TXN-201321,2026-03-03,Retail,Kano,Fintech Agent,Self-employed,196296.0,398499.0,123851.0,12134.0,17,7,85.3,0,Repaid,12.6,Low,Loan-to-income mismatch
CUST-11923,TXN-201322,2026-05-08,Agriculture,Kumasi,Transport,Contract,240282.0,562805.0,76671.0,59523.0,22,86,100.0,0,Repaid,5.1,Low,Loan-to-income mismatch
CUST-13102,TXN-201323,2025-09-09,Market Trader,Accra,Health,Self-employed,223056.0,351671.0,56758.0,30554.0,23,91,84.7,0,Repaid,3.5,Low,Loan-to-income mismatch
CUST-13032,TXN-201324,2026-03-14,SME,Kano,Transport,Self-employed,135324.0,92631.0,60097.0,49419.0,24,93,53.8,0,Repaid,6.6,Low,Normal
CUST-10656,TXN-201325,2025-02-16,SME,Abuja,Fintech Agent,Self-employed,92555.0,96704.0,39784.0,16887.0,18,63,70.3,0,Repaid,4.2,Low,Normal
CUST-12377,TXN-201326,2025-02-04,Retail,Kigali,Education,Self-employed,194182.0,359076.0,4182.0,77639.0,19,50,75.3,0,Repaid,4.6,Low,Loan-to-income mismatch
CUST-10296,TXN-201327,2026-01-01,Services,Kigali,Shop,Salaried,204712.0,108185.0,83858.0,66874.0,18,18,62.7,0,Repaid,4.0,Low,Normal
CUST-12362,TXN-201328,2026-05-17,Agriculture,Lagos,Shop,Contract,257300.0,577446.0,44661.0,88526.0,44,13,80.5,0,Repaid,12.3,Low,Loan-to-income mismatch
CUST-11196,TXN-201329,2025-02-09,SME,Kigali,Food,Self-employed,109836.0,69825.0,28162.0,114843.0,26,78,31.1,0,Repaid,8.8,Low,High-risk repayment pattern
CUST-11574,TXN-201330,2025-03-18,Retail,Nairobi,Food,Informal,111224.0,236314.0,51719.0,46317.0,27,81,82.0,0,Repaid,27.0,Low,Loan-to-income mismatch
CUST-12511,TXN-201331,2026-05-18,Retail,Kigali,Transport,Salaried,197434.0,247556.0,73278.0,50451.0,23,79,63.4,0,Repaid,8.2,Low,Duplicate customer details
CUST-11487,TXN-201332,2026-05-10,Retail,Accra,Shop,Contract,157962.0,323218.0,39846.0,5214.0,29,60,70.0,0,Repaid,11.5,Low,Loan-to-income mismatch
CUST-12826,TXN-201333,2025-08-23,Market Trader,Kano,Fintech Agent,Salaried,73716.0,170094.0,9249.0,3576.0,22,55,98.4,0,Repaid,6.4,Low,Loan-to-income mismatch
CUST-11867,TXN-201334,2025-01-23,Retail,Kumasi,Health,Contract,190526.0,212849.0,64484.0,37569.0,19,20,49.3,0,Repaid,5.7,Low,Normal
CUST-13495,TXN-201335,2025-07-17,Agriculture,Nairobi,Fintech Agent,Informal,74756.0,129063.0,16536.0,31434.0,14,10,76.9,0,Repaid,14.1,Low,Loan-to-income mismatch
CUST-12233,TXN-201336,2025-12-14,Market Trader,Kigali,Transport,Contract,109425.0,74772.0,65124.0,16903.0,26,20,86.3,0,Repaid,2.8,Low,Normal
CUST-11037,TXN-201337,2025-06-12,Market Trader,Abuja,Education,Self-employed,287135.0,562137.0,102403.0,33113.0,30,39,75.1,1,Defaulted,20.6,Low,Loan-to-income mismatch
CUST-12713,TXN-201338,2025-06-20,Services,Kigali,Education,Salaried,350266.0,700614.0,198095.0,19443.0,36,30,42.9,0,Repaid,32.4,Low,Loan-to-income mismatch
CUST-11427,TXN-201339,2025-08-21,SME,Kano,Transport,Unemployed,97677.0,81604.0,25964.0,108196.0,29,53,96.3,0,Repaid,2.2,Low,Normal
CUST-11869,TXN-201340,2025-08-22,Market Trader,Kumasi,Education,Salaried,141727.0,33106.0,76715.0,37191.0,29,75,68.2,0,Repaid,1.7,Low,Normal
CUST-10478,TXN-201341,2026-02-08,Services,Nairobi,Education,Salaried,165695.0,188441.0,9216.0,21313.0,20,71,62.5,0,Repaid,2.6,Low,Normal
CUST-10417,TXN-201342,2025-09-15,Market Trader,Kumasi,Fintech Agent,Salaried,343903.0,191692.0,71468.0,67094.0,37,79,66.4,0,Repaid,2.9,Low,Normal
CUST-12012,TXN-201343,2025-09-26,SME,Lagos,Fintech Agent,Contract,132322.0,264271.0,9163.0,19336.0,35,30,65.1,0,Repaid,11.2,Low,Loan-to-income mismatch
CUST-10653,TXN-201344,2025-07-29,Market Trader,Kigali,Fintech Agent,Informal,133214.0,101194.0,5321.0,112118.0,24,89,50.6,0,Repaid,7.1,Low,Normal
CUST-13491,TXN-201345,2025-11-28,SME,Lagos,Education,Contract,311908.0,709590.0,186796.0,65629.0,23,84,75.0,0,Repaid,16.8,Low,Loan-to-income mismatch
CUST-12994,TXN-201346,2025-12-26,Agriculture,Accra,Shop,Self-employed,139050.0,325018.0,65580.0,31690.0,33,34,61.2,0,Repaid,30.3,Low,Loan-to-income mismatch
CUST-12453,TXN-201347,2025-01-30,SME,Kumasi,Health,Self-employed,220428.0,484416.0,91217.0,13542.0,34,25,84.1,0,Repaid,10.7,Low,Loan-to-income mismatch
CUST-12571,TXN-201348,2025-01-22,Retail,Abuja,Food,Informal,,132252.0,31110.0,40452.0,17,85,81.3,0,Repaid,9.4,Low,Normal
CUST-12083,TXN-201349,2026-03-16,Services,Nairobi,Health,Self-employed,151461.0,117184.0,57376.0,29722.0,18,95,100.0,0,Repaid,1.6,Low,Normal
CUST-10211,TXN-201350,2025-01-25,Market Trader,Kumasi,Health,,81062.0,159863.0,34239.0,52139.0,18,45,68.2,0,Repaid,15.2,Low,Loan-to-income mismatch
CUST-11373,TXN-201351,2025-09-30,Agriculture,Kano,Shop,Unemployed,104477.0,181533.0,56495.0,31484.0,20,12,57.5,0,Repaid,27.1,Low,Loan-to-income mismatch
CUST-11735,TXN-201352,2026-03-08,Retail,Abuja,Transport,Unemployed,231530.0,543937.0,91695.0,14522.0,29,59,45.5,1,Defaulted,58.5,Medium,Loan-to-income mismatch
CUST-13203,TXN-201353,2025-09-28,Market Trader,Kumasi,Health,Self-employed,159379.0,162168.0,78352.0,28316.0,26,80,100.0,0,Repaid,1.0,Low,Normal
CUST-10768,TXN-201354,2025-02-15,Services,Lagos,Education,Self-employed,142340.0,44192.0,28043.0,19534.0,22,46,83.9,0,Repaid,1.0,Low,Normal
CUST-11739,TXN-201355,2025-05-11,SME,Kigali,Transport,Informal,118839.0,284788.0,75506.0,19214.0,23,14,59.5,1,Defaulted,77.2,High,Loan-to-income mismatch
CUST-11204,TXN-201356,2025-03-22,Retail,Lagos,Fintech Agent,Contract,148349.0,302772.0,5948.0,86288.0,24,71,100.0,0,Repaid,5.4,Low,Loan-to-income mismatch
CUST-10470,TXN-201357,2025-02-09,SME,Lagos,Fintech Agent,Salaried,184696.0,124062.0,48675.0,11395.0,28,73,96.4,0,Repaid,1.0,Low,Normal
CUST-10360,TXN-201358,2025-07-01,Retail,Abuja,Transport,Unemployed,245936.0,440445.0,141583.0,79813.0,17,84,47.7,1,Defaulted,46.1,Medium,Loan-to-income mismatch
CUST-11278,TXN-201359,2025-06-23,Market Trader,Nairobi,Transport,Contract,65000.0,11800.0,8692.0,35841.0,30,83,58.4,0,Repaid,2.1,Low,Normal
CUST-10288,TXN-201360,2025-12-04,Retail,Nairobi,Transport,Contract,114767.0,162778.0,12515.0,64404.0,21,46,69.6,0,Repaid,6.3,Low,Normal
CUST-10235,TXN-201361,2026-02-27,Retail,Kumasi,Education,Self-employed,174002.0,171479.0,43539.0,90953.0,31,31,52.7,1,Defaulted,5.9,Low,Normal
CUST-11228,TXN-201362,2025-10-25,Retail,Nairobi,Health,Salaried,156135.0,160282.0,45242.0,25147.0,34,17,70.3,0,Repaid,1.7,Low,Normal
CUST-10706,TXN-201363,2025-10-10,SME,Kano,Transport,Salaried,192802.0,139364.0,117231.0,60013.0,19,11,84.8,0,Repaid,1.9,Low,Normal
CUST-11941,TXN-201364,2026-02-19,Agriculture,Kigali,Shop,Salaried,182110.0,143895.0,99570.0,23080.0,38,79,47.3,0,Repaid,6.3,Low,Normal
CUST-10061,TXN-201365,2025-05-17,Market Trader,Lagos,Shop,Self-employed,143194.0,170310.0,44730.0,29884.0,24,95,77.3,0,Repaid,3.5,Low,Normal
CUST-11056,TXN-201366,2025-09-04,SME,Kumasi,Transport,Contract,130447.0,95341.0,82570.0,84840.0,20,62,93.0,0,Repaid,1.3,Low,Normal
CUST-11586,TXN-201367,2025-11-03,Market Trader,Kano,Health,Self-employed,146809.0,178446.0,62340.0,33388.0,25,93,79.2,0,Repaid,5.0,Low,Normal
CUST-13371,TXN-201368,2026-02-20,Services,Kano,Food,Self-employed,263675.0,385417.0,150402.0,36862.0,35,30,70.6,1,Defaulted,16.1,Low,Normal
CUST-12220,TXN-201369,2025-07-01,Agriculture,Nairobi,Health,Salaried,119678.0,210474.0,20946.0,16148.0,38,73,60.0,0,Repaid,15.1,Low,Loan-to-income mismatch
CUST-13082,TXN-201370,2025-09-16,Services,Nairobi,Fintech Agent,Contract,158518.0,266828.0,52001.0,32121.0,24,39,87.0,0,Repaid,4.7,Low,Loan-to-income mismatch
CUST-11201,TXN-201371,2025-04-26,Agriculture,Accra,Fintech Agent,Contract,175783.0,126074.0,6807.0,24698.0,28,38,50.8,0,Repaid,6.6,Low,Normal
CUST-11573,TXN-201372,2025-06-12,SME,Kigali,Transport,Self-employed,313435.0,83687.0,8022.0,56538.0,22,62,76.4,0,Repaid,1.3,Low,Normal
CUST-11471,TXN-201373,2026-01-17,Retail,Abuja,Education,Salaried,143468.0,291033.0,66632.0,17602.0,35,14,72.5,1,Defaulted,16.6,Low,Loan-to-income mismatch
CUST-13105,TXN-201374,2026-03-12,Services,Lagos,Health,Salaried,243458.0,515287.0,23013.0,21699.0,26,40,92.3,0,Repaid,4.4,Low,Loan-to-income mismatch
CUST-13357,TXN-201375,2025-03-28,Agriculture,Abuja,Transport,Self-employed,273056.0,642538.0,99698.0,41263.0,21,41,61.5,0,Repaid,22.1,Low,Loan-to-income mismatch
CUST-13368,TXN-201376,2026-05-27,Market Trader,Lagos,Health,Contract,158455.0,366120.0,72649.0,50646.0,23,42,63.0,1,Defaulted,27.1,Low,Loan-to-income mismatch
CUST-12631,TXN-201377,2025-10-29,Retail,Nairobi,Transport,Contract,148970.0,236425.0,6005.0,45101.0,21,69,49.6,1,Defaulted,22.0,Low,Loan-to-income mismatch
CUST-11760,TXN-201378,2026-05-26,SME,Accra,Education,Informal,141747.0,306922.0,42908.0,44923.0,13,28,79.9,0,Repaid,34.2,Low,Loan-to-income mismatch
CUST-11892,TXN-201379,2026-01-14,Market Trader,Accra,Food,Contract,146174.0,171693.0,65927.0,20782.0,19,16,64.4,0,Repaid,7.8,Low,Normal
CUST-13431,TXN-201380,2025-03-08,Services,Accra,Food,Self-employed,232997.0,449191.0,135262.0,6619.0,18,59,56.5,0,Repaid,21.8,Low,Loan-to-income mismatch
CUST-10995,TXN-201381,2025-02-01,Retail,Lagos,Transport,Salaried,179337.0,412626.0,37394.0,88040.0,28,3,58.2,0,Repaid,26.3,Low,Loan-to-income mismatch
CUST-11213,TXN-201382,2026-04-16,Retail,Kumasi,Food,Self-employed,179660.0,349931.0,113861.0,76089.0,25,94,81.7,0,Repaid,12.6,Low,Loan-to-income mismatch
CUST-13139,TXN-201383,2025-12-25,Retail,Kigali,Food,Salaried,101459.0,111909.0,56012.0,96153.0,26,86,52.1,1,Defaulted,16.0,Low,Normal
CUST-11352,TXN-201384,2026-03-23,SME,Lagos,Transport,Salaried,108408.0,110427.0,46605.0,130430.0,21,37,53.7,0,Repaid,5.0,Low,Normal
CUST-10822,TXN-201385,2025-01-06,Agriculture,Abuja,Transport,Salaried,400411.0,331230.0,106875.0,42497.0,21,67,88.1,0,Repaid,1.6,Low,Normal
CUST-11961,TXN-201386,2025-03-23,SME,Nairobi,Food,Salaried,151042.0,150269.0,70688.0,205713.0,25,50,69.0,0,Repaid,5.9,Low,Unusually high amount
CUST-11138,TXN-201387,2026-02-23,Retail,Nairobi,Fintech Agent,Salaried,117547.0,235292.0,62794.0,35493.0,31,67,89.2,0,Repaid,13.1,Low,Loan-to-income mismatch
CUST-13118,TXN-201388,2026-03-14,Services,Abuja,Education,Informal,296874.0,515768.0,62664.0,37287.0,26,22,65.5,0,Repaid,35.8,Medium,Loan-to-income mismatch
CUST-13181,TXN-201389,2025-05-24,Market Trader,Lagos,Shop,Self-employed,183205.0,134607.0,118256.0,21201.0,27,91,72.0,0,Repaid,2.1,Low,Normal
CUST-11071,TXN-201390,2026-05-26,Retail,Nairobi,Shop,Self-employed,207487.0,365096.0,122922.0,13407.0,16,84,74.8,0,Repaid,8.0,Low,Loan-to-income mismatch
CUST-11853,TXN-201391,2025-03-21,Retail,Abuja,Health,Salaried,153587.0,157006.0,50049.0,28480.0,30,50,97.0,0,Repaid,1.5,Low,Normal
CUST-13443,TXN-201392,2025-06-07,Market Trader,Nairobi,Education,Self-employed,142366.0,201911.0,67678.0,23334.0,26,84,95.5,0,Repaid,1.9,Low,Normal
CUST-12598,TXN-201393,2025-03-09,SME,Kano,Education,Unemployed,151566.0,151902.0,53067.0,89129.0,17,31,92.8,0,Repaid,8.2,Low,Normal
CUST-10754,TXN-201394,2025-10-21,SME,Kigali,Food,Salaried,91058.0,121837.0,45473.0,63965.0,26,75,60.7,0,Repaid,9.5,Low,Normal
CUST-12067,TXN-201395,2025-08-13,Retail,Kigali,Education,Informal,156854.0,282363.0,84858.0,54999.0,22,87,54.2,1,Defaulted,48.5,Medium,Loan-to-income mismatch
CUST-12169,TXN-201396,2025-11-08,Services,Lagos,Education,Informal,184303.0,332319.0,6382.0,42543.0,24,67,85.7,0,Repaid,9.9,Low,Loan-to-income mismatch
CUST-12287,TXN-201397,2025-05-29,Market Trader,Nairobi,Education,Contract,354050.0,655724.0,24732.0,43390.0,19,94,96.8,0,Repaid,3.8,Low,Loan-to-income mismatch
CUST-10087,TXN-201398,2025-09-30,Retail,Nairobi,Fintech Agent,Self-employed,168741.0,176858.0,39144.0,25366.0,16,22,92.9,0,Repaid,1.0,Low,Normal
CUST-11047,TXN-201399,2025-08-30,SME,Kano,Fintech Agent,Salaried,65000.0,111338.0,38876.0,67180.0,26,3,72.2,0,Repaid,7.3,Low,Loan-to-income mismatch
CUST-12991,TXN-201400,2025-05-27,SME,Kigali,Fintech Agent,Salaried,156455.0,111074.0,42386.0,93005.0,23,51,85.1,1,Defaulted,1.0,Low,Normal
CUST-10844,TXN-201401,2026-03-13,Services,Nairobi,Health,Contract,514315.0,637695.0,297857.0,72873.0,31,33,85.4,0,Repaid,2.1,Low,Normal
CUST-11048,TXN-201402,2026-03-20,Market Trader,Abuja,Health,Unemployed,234187.0,345308.0,72910.0,64741.0,33,62,74.7,0,Repaid,18.5,Low,Normal
CUST-11128,TXN-201403,2025-02-24,Retail,Nairobi,Transport,Self-employed,115778.0,197285.0,23385.0,60433.0,18,36,75.5,0,Repaid,6.4,Low,Loan-to-income mismatch
CUST-10620,TXN-201404,2025-06-02,Services,Kumasi,Fintech Agent,Salaried,208619.0,459928.0,122544.0,39258.0,32,83,73.8,0,Repaid,23.4,Low,Loan-to-income mismatch
CUST-10544,TXN-201405,2025-05-15,Market Trader,Accra,Transport,Salaried,119176.0,102085.0,44479.0,25864.0,20,12,57.8,0,Repaid,4.8,Low,Normal
CUST-11214,TXN-201406,2025-05-23,SME,Kigali,Shop,Self-employed,92171.0,189553.0,22776.0,69812.0,30,92,59.7,0,Repaid,23.0,Low,Duplicate customer details
CUST-13060,TXN-201407,2025-02-28,Retail,Accra,Health,Unemployed,140601.0,122421.0,6746.0,98770.0,22,22,59.4,0,Repaid,11.9,Low,Normal
CUST-10005,TXN-201408,2025-07-20,Market Trader,Abuja,Food,Salaried,169133.0,237672.0,15203.0,28771.0,32,32,43.2,1,Defaulted,11.1,Low,Normal
CUST-10991,TXN-201409,2025-11-25,Services,Accra,Food,Salaried,74139.0,149641.0,7990.0,96750.0,31,4,74.6,0,Repaid,9.3,Low,Loan-to-income mismatch
CUST-10212,TXN-201410,2025-07-12,Services,Accra,Education,Self-employed,100444.0,179332.0,25096.0,44517.0,36,65,71.3,0,Repaid,9.6,Low,Loan-to-income mismatch
CUST-11965,TXN-201411,2025-11-18,Services,Abuja,Health,Salaried,163463.0,342548.0,65813.0,75130.0,18,67,85.7,0,Repaid,12.9,Low,Loan-to-income mismatch
CUST-10877,TXN-201412,2025-02-06,Agriculture,Kumasi,Shop,Salaried,137114.0,272725.0,29312.0,23046.0,20,89,94.7,0,Repaid,4.8,Low,Loan-to-income mismatch
CUST-12771,TXN-201413,2026-03-14,Market Trader,Nairobi,Food,Salaried,192109.0,152437.0,11773.0,21095.0,35,12,95.8,0,Repaid,1.1,Low,Normal
CUST-12047,TXN-201414,2025-09-26,SME,Kigali,Health,Self-employed,97718.0,232991.0,18257.0,20135.0,26,47,97.5,0,Repaid,4.0,Low,Loan-to-income mismatch
CUST-12743,TXN-201415,2026-01-12,Retail,Nairobi,Health,Salaried,219680.0,496507.0,60954.0,98102.0,30,85,58.4,0,Repaid,16.3,Low,Loan-to-income mismatch
CUST-12222,TXN-201416,2025-09-10,Agriculture,Accra,Education,Salaried,98995.0,112358.0,63865.0,44388.0,32,4,46.2,1,Defaulted,10.2,Low,Normal
CUST-11534,TXN-201417,2025-12-27,Agriculture,Nairobi,Food,Self-employed,324470.0,92411.0,86822.0,57251.0,25,56,88.8,0,Repaid,1.0,Low,Normal
CUST-13013,TXN-201418,2025-10-19,SME,Kigali,Food,Contract,79172.0,67594.0,6032.0,60076.0,10,23,96.9,0,Repaid,1.0,Low,Normal
CUST-11666,TXN-201419,2025-03-24,Market Trader,Nairobi,Food,Self-employed,102860.0,209450.0,39714.0,39516.0,19,35,100.0,0,Repaid,5.3,Low,Loan-to-income mismatch
CUST-13324,TXN-201420,2025-04-29,Retail,Nairobi,Transport,Self-employed,193938.0,444299.0,116241.0,12773.0,30,73,80.7,0,Repaid,14.5,Low,Loan-to-income mismatch
CUST-13481,TXN-201421,2026-02-27,Agriculture,Nairobi,Fintech Agent,Self-employed,327413.0,663441.0,168820.0,44917.0,32,78,36.1,0,Repaid,36.2,Medium,Loan-to-income mismatch
CUST-12061,TXN-201422,2025-06-25,Services,Accra,Transport,Contract,185780.0,197070.0,101588.0,61362.0,21,2,78.6,1,Defaulted,5.2,Low,Normal
CUST-12361,TXN-201423,2025-01-04,Market Trader,Nairobi,Food,Salaried,206158.0,62984.0,124681.0,5686.0,33,63,82.0,0,Repaid,1.5,Low,Normal
CUST-10894,TXN-201424,2025-09-28,Retail,Kano,Health,Salaried,163958.0,217906.0,69030.0,30439.0,28,39,94.5,0,Repaid,2.5,Low,Normal
CUST-12851,TXN-201425,2026-01-04,Services,Kigali,Transport,Contract,105758.0,107405.0,68404.0,19383.0,25,72,97.7,0,Repaid,2.4,Low,Normal
CUST-12350,TXN-201426,2026-03-16,SME,Kigali,Fintech Agent,Salaried,132474.0,60011.0,5427.0,82443.0,31,81,88.4,0,Repaid,1.4,Low,Normal
CUST-13158,TXN-201427,2026-02-25,SME,Kumasi,Education,Salaried,97831.0,40599.0,53411.0,79557.0,31,84,61.4,0,Repaid,3.2,Low,Normal
CUST-10934,TXN-201428,2026-05-02,Services,Nairobi,Shop,Salaried,95124.0,49440.0,53262.0,57029.0,21,11,53.5,0,Repaid,2.9,Low,Normal
CUST-12756,TXN-201429,2025-04-27,SME,Nairobi,Shop,Informal,192670.0,122717.0,115124.0,1815.0,21,77,81.6,0,Repaid,3.3,Low,Normal
CUST-11645,TXN-201430,2026-01-04,SME,Kumasi,Transport,Informal,101546.0,188206.0,32621.0,60749.0,25,92,57.7,0,Repaid,28.5,Low,Loan-to-income mismatch
CUST-10648,TXN-201431,2025-06-10,Agriculture,Nairobi,Transport,Salaried,186132.0,191229.0,96097.0,7280.0,31,75,98.6,0,Repaid,1.1,Low,Normal
CUST-10599,TXN-201432,2026-03-29,Market Trader,Nairobi,Shop,Salaried,94206.0,108337.0,13462.0,43122.0,28,37,41.3,0,Repaid,4.0,Low,High-risk repayment pattern
CUST-11967,TXN-201433,2025-05-05,Market Trader,Abuja,Education,Salaried,184330.0,278045.0,73727.0,11455.0,26,70,82.2,0,Repaid,4.4,Low,Normal
CUST-11118,TXN-201434,2026-01-05,Retail,Abuja,Education,Salaried,132555.0,306400.0,32601.0,56899.0,32,8,77.8,0,Repaid,13.8,Low,Loan-to-income mismatch
CUST-10356,TXN-201435,2026-02-27,Agriculture,Accra,Shop,Salaried,293836.0,546347.0,116238.0,11810.0,33,37,68.3,0,Repaid,17.9,Low,Loan-to-income mismatch
CUST-11495,TXN-201436,2025-11-02,Retail,Lagos,Health,Salaried,186458.0,300847.0,83086.0,18945.0,31,79,55.3,1,Defaulted,13.5,Low,Loan-to-income mismatch
CUST-12285,TXN-201437,2025-08-06,Services,Nairobi,Food,Contract,273492.0,500848.0,65270.0,70315.0,34,63,34.9,0,Repaid,27.6,Low,Duplicate customer details
CUST-11116,TXN-201438,2025-08-29,Market Trader,Kumasi,Education,Unemployed,118495.0,210545.0,18512.0,32510.0,37,26,62.4,0,Repaid,25.9,Low,Loan-to-income mismatch
CUST-13343,TXN-201439,2025-07-07,SME,Lagos,Education,Salaried,166638.0,285343.0,37104.0,53691.0,26,55,62.8,0,Repaid,10.0,Low,Loan-to-income mismatch
CUST-12728,TXN-201440,2025-03-01,Retail,Kano,Fintech Agent,Salaried,107790.0,138189.0,47244.0,18499.0,23,2,92.0,0,Repaid,2.2,Low,Normal
CUST-11794,TXN-201441,2025-09-17,Market Trader,Accra,Transport,Self-employed,136801.0,196775.0,61072.0,65683.0,34,92,57.9,0,Repaid,20.8,Low,Normal
CUST-13271,TXN-201442,2025-11-09,Market Trader,Nairobi,Shop,Salaried,145789.0,175604.0,71004.0,44781.0,32,53,80.1,0,Repaid,2.8,Low,Normal
CUST-11515,TXN-201443,2026-01-12,Agriculture,Lagos,Transport,Salaried,119987.0,126803.0,11965.0,42603.0,17,49,48.7,0,Repaid,7.4,Low,Normal
CUST-10488,TXN-201444,2025-01-31,Retail,Accra,Health,Salaried,97684.0,76301.0,52326.0,16245.0,43,33,80.6,0,Repaid,1.8,Low,Normal
CUST-10125,TXN-201445,2025-12-07,Market Trader,Abuja,Health,Self-employed,89888.0,87063.0,40767.0,37556.0,36,22,31.7,0,Repaid,14.4,Low,High-risk repayment pattern
CUST-13283,TXN-201446,2025-05-30,Services,Kano,Transport,Salaried,65000.0,73537.0,2549.0,140524.0,24,32,100.0,0,Repaid,1.4,Low,Unusually high amount
CUST-13359,TXN-201447,2026-01-01,SME,Accra,Fintech Agent,Salaried,104436.0,153126.0,24169.0,33581.0,15,45,69.5,1,Defaulted,5.6,Low,Normal
CUST-12587,TXN-201448,2025-09-14,Agriculture,Abuja,Health,Contract,211832.0,273205.0,66521.0,69021.0,33,42,21.7,0,Repaid,15.7,Low,High-risk repayment pattern
CUST-10360,TXN-201449,2026-05-04,Agriculture,Kano,Transport,Salaried,83169.0,34902.0,20558.0,4702.0,22,40,59.1,0,Repaid,2.2,Low,Normal
CUST-11027,TXN-201450,2025-02-25,SME,Kano,Fintech Agent,Informal,91618.0,85639.0,8610.0,90340.0,20,49,56.2,0,Repaid,15.2,Low,Normal
CUST-10143,TXN-201451,2025-05-12,Market Trader,Nairobi,Transport,Self-employed,345303.0,350534.0,52012.0,46120.0,24,46,60.2,0,Repaid,2.5,Low,Normal
CUST-10179,TXN-201452,2026-01-07,Market Trader,Kano,Shop,Salaried,124576.0,217930.0,4419.0,30244.0,21,31,65.4,0,Repaid,13.6,Low,Loan-to-income mismatch
CUST-10861,TXN-201453,2025-04-17,Retail,Kumasi,Fintech Agent,Salaried,186249.0,171167.0,14646.0,51888.0,36,56,60.1,0,Repaid,3.8,Low,Normal
CUST-12002,TXN-201454,2025-05-11,Retail,Kano,Food,Informal,213155.0,42133.0,40024.0,52756.0,20,25,57.3,0,Repaid,6.1,Low,Normal
CUST-10229,TXN-201455,2025-12-02,SME,Abuja,Fintech Agent,Salaried,214972.0,78944.0,115350.0,72469.0,30,91,51.1,0,Repaid,2.7,Low,Normal
CUST-13446,TXN-201456,2025-09-22,Services,Lagos,Fintech Agent,Salaried,85873.0,110204.0,30209.0,26496.0,16,64,86.8,0,Repaid,2.9,Low,Normal
CUST-11592,TXN-201457,2025-03-17,SME,Lagos,Fintech Agent,Salaried,147702.0,88394.0,42455.0,39094.0,25,28,93.6,0,Repaid,1.0,Low,Normal
CUST-10923,TXN-201458,2025-06-18,Market Trader,Kano,Health,Unemployed,82483.0,105418.0,36058.0,18925.0,14,67,67.4,0,Repaid,16.2,Low,Normal
CUST-11806,TXN-201459,2025-11-29,Agriculture,Abuja,Shop,Unemployed,454727.0,661508.0,164225.0,9843.0,27,93,71.7,0,Repaid,10.2,Low,Normal
CUST-12765,TXN-201460,2025-02-03,Market Trader,Nairobi,Education,Contract,83296.0,187602.0,8567.0,33034.0,25,73,51.7,0,Repaid,17.9,Low,Loan-to-income mismatch
CUST-11093,TXN-201461,2026-05-09,Retail,Accra,Fintech Agent,Salaried,104810.0,171405.0,16796.0,73794.0,30,75,73.3,0,Repaid,12.3,Low,Loan-to-income mismatch
CUST-10166,TXN-201462,2025-07-26,Retail,Lagos,Health,Salaried,105129.0,26168.0,16841.0,27335.0,22,22,76.1,0,Repaid,1.3,Low,Normal
CUST-10178,TXN-201463,2025-08-25,Agriculture,Nairobi,Fintech Agent,Salaried,86804.0,88993.0,34545.0,13932.0,29,19,68.1,0,Repaid,5.0,Low,Normal
CUST-12981,TXN-201464,2025-12-05,SME,Kano,Health,Salaried,287245.0,557679.0,89282.0,31095.0,30,54,79.1,0,Repaid,9.3,Low,Loan-to-income mismatch
CUST-10390,TXN-201465,2025-04-21,SME,Kumasi,Transport,Informal,450191.0,341447.0,118931.0,59356.0,20,28,77.6,0,Repaid,8.4,Low,Normal
CUST-12224,TXN-201466,2025-10-17,Agriculture,Lagos,Health,Self-employed,133277.0,297666.0,49403.0,36799.0,36,13,53.0,0,Repaid,24.6,Low,Loan-to-income mismatch
CUST-11345,TXN-201467,2026-05-29,SME,Lagos,Education,Salaried,93472.0,126599.0,58997.0,28586.0,26,87,93.5,0,Repaid,4.9,Low,Normal
CUST-12721,TXN-201468,2026-05-10,Market Trader,Lagos,Education,Contract,65000.0,25040.0,14166.0,33490.0,31,34,68.3,0,Repaid,1.0,Low,Normal
CUST-10211,TXN-201469,2025-07-17,SME,Accra,Transport,Salaried,146895.0,105252.0,51079.0,47922.0,46,77,100.0,0,Repaid,1.0,Low,Normal
CUST-13142,TXN-201470,2026-05-27,Retail,Kigali,Shop,Self-employed,142504.0,312367.0,45977.0,56671.0,17,70,79.6,0,Repaid,9.8,Low,Loan-to-income mismatch
CUST-12443,TXN-201471,2025-02-28,Market Trader,Kigali,Food,Salaried,123804.0,294782.0,58372.0,79721.0,35,15,100.0,1,Defaulted,6.7,Low,Loan-to-income mismatch
CUST-11572,TXN-201472,2026-04-10,SME,Nairobi,Transport,Self-employed,178613.0,374354.0,85749.0,36834.0,42,19,93.2,0,Repaid,9.5,Low,Loan-to-income mismatch
CUST-10724,TXN-201473,2025-08-03,Retail,Kigali,Education,Salaried,192139.0,171369.0,92095.0,23706.0,27,56,76.1,0,Repaid,2.9,Low,Normal
CUST-13419,TXN-201474,2025-06-11,Agriculture,Nairobi,Transport,Salaried,186408.0,351711.0,27394.0,36485.0,16,60,59.0,0,Repaid,11.8,Low,Loan-to-income mismatch
CUST-11057,TXN-201475,2025-02-15,Retail,Nairobi,Shop,Informal,142519.0,95965.0,43173.0,48446.0,25,28,59.4,0,Repaid,6.5,Low,Normal
CUST-11716,TXN-201476,2025-11-16,Market Trader,Kano,Shop,Informal,102469.0,105916.0,54415.0,50280.0,16,16,81.6,0,Repaid,6.9,Low,Normal
CUST-11379,TXN-201477,2025-02-12,Market Trader,Abuja,Fintech Agent,Self-employed,215270.0,371925.0,56049.0,8448.0,28,61,74.6,0,Repaid,3.4,Low,Loan-to-income mismatch
CUST-10806,TXN-201478,2026-01-12,SME,Kumasi,Shop,Contract,163612.0,381373.0,104725.0,174674.0,31,24,61.4,0,Repaid,25.3,Low,Loan-to-income mismatch
CUST-11458,TXN-201479,2025-01-25,Retail,Lagos,Fintech Agent,Salaried,236360.0,273001.0,59046.0,32139.0,28,18,87.0,0,Repaid,1.4,Low,Normal
CUST-10530,TXN-201480,2025-09-28,Agriculture,Abuja,Education,Self-employed,226802.0,290478.0,75645.0,21238.0,31,37,72.7,0,Repaid,8.3,Low,Normal
CUST-10005,TXN-201481,2025-08-23,Market Trader,Accra,Fintech Agent,Salaried,89578.0,59907.0,28571.0,13932.0,18,35,87.1,0,Repaid,1.8,Low,Normal
CUST-11014,TXN-201482,2026-05-26,Retail,Kumasi,Fintech Agent,Salaried,89110.0,95807.0,26128.0,27674.0,38,39,54.4,0,Repaid,9.1,Low,Normal
CUST-10392,TXN-201483,2025-08-25,Retail,Kano,Shop,Self-employed,118501.0,37909.0,65501.0,11233.0,35,38,90.0,0,Repaid,1.0,Low,Normal
CUST-11451,TXN-201484,2025-06-13,Services,Nairobi,Education,Contract,104440.0,217868.0,12305.0,68603.0,18,55,81.0,1,Defaulted,10.1,Low,Loan-to-income mismatch
CUST-13019,TXN-201485,2026-01-14,Market Trader,Kumasi,Health,Contract,223509.0,51810.0,84403.0,30228.0,23,52,93.6,0,Repaid,1.0,Low,Normal
CUST-10568,TXN-201486,2026-03-25,Market Trader,Abuja,Education,Self-employed,,320187.0,77286.0,20440.0,38,5,89.6,0,Repaid,5.3,Low,Loan-to-income mismatch
CUST-10004,TXN-201487,2025-10-08,Retail,Lagos,Fintech Agent,Self-employed,258243.0,203122.0,143653.0,70560.0,29,24,70.5,0,Repaid,3.3,Low,Normal
CUST-10388,TXN-201488,2026-01-27,Market Trader,Abuja,Transport,Self-employed,192245.0,237800.0,77628.0,28807.0,26,49,69.0,0,Repaid,3.3,Low,Normal
CUST-11778,TXN-201489,2026-03-20,Market Trader,Kigali,Shop,Informal,177661.0,143028.0,111005.0,20342.0,30,70,100.0,0,Repaid,2.5,Low,Normal
CUST-10961,TXN-201490,2025-08-26,Retail,Abuja,Fintech Agent,Salaried,269382.0,287742.0,153404.0,103834.0,26,4,66.8,0,Repaid,7.2,Low,Normal
CUST-11713,TXN-201491,2026-03-27,Agriculture,Nairobi,Education,Self-employed,198250.0,276330.0,47522.0,24405.0,30,78,85.5,0,Repaid,4.1,Low,Normal
CUST-10102,TXN-201492,2026-02-17,Services,Kumasi,Fintech Agent,Informal,167477.0,268429.0,94079.0,5786.0,24,10,65.1,0,Repaid,16.0,Low,Loan-to-income mismatch
CUST-11165,TXN-201493,2025-03-30,Market Trader,Kigali,Transport,Self-employed,303092.0,687241.0,189081.0,33391.0,34,62,38.5,1,Defaulted,54.3,Medium,Loan-to-income mismatch
CUST-11435,TXN-201494,2025-08-11,Market Trader,Kigali,Shop,Contract,170822.0,156727.0,31095.0,30524.0,22,22,49.9,0,Repaid,5.0,Low,Normal
CUST-11509,TXN-201495,2025-01-22,Market Trader,Kigali,Health,Self-employed,143226.0,211743.0,57925.0,20848.0,28,86,79.3,0,Repaid,3.3,Low,Normal
CUST-11929,TXN-201496,2026-01-31,Services,Kano,Health,Informal,114475.0,249764.0,22613.0,18527.0,17,67,84.6,0,Repaid,15.6,Low,Loan-to-income mismatch
CUST-12732,TXN-201497,2025-12-31,SME,Accra,Education,Informal,218659.0,180244.0,93854.0,56921.0,30,76,79.4,0,Repaid,3.7,Low,Normal
CUST-11635,TXN-201498,2025-01-21,Retail,Accra,Shop,Self-employed,273638.0,574752.0,21616.0,28883.0,32,78,92.6,0,Repaid,3.9,Low,Loan-to-income mismatch
CUST-12944,TXN-201499,2025-01-06,SME,Kumasi,Fintech Agent,Salaried,159333.0,367386.0,76884.0,44306.0,38,6,79.0,0,Repaid,12.4,Low,Loan-to-income mismatch
CUST-11854,TXN-201500,2025-11-10,Market Trader,Abuja,Transport,Self-employed,281905.0,581129.0,80198.0,40347.0,22,81,58.0,0,Repaid,20.4,Low,Loan-to-income mismatch
CUST-10911,TXN-201501,2025-07-23,Retail,Nairobi,Food,Salaried,71153.0,102823.0,27750.0,30835.0,32,9,82.7,1,Defaulted,5.9,Low,Normal
CUST-10801,TXN-201502,2025-01-23,Services,Kumasi,Shop,Salaried,159008.0,283527.0,5771.0,21816.0,16,53,75.1,0,Repaid,8.6,Low,Loan-to-income mismatch
CUST-11128,TXN-201503,2025-01-28,Retail,Abuja,Health,Self-employed,160037.0,199721.0,73317.0,59289.0,18,64,61.6,0,Repaid,9.8,Low,Normal
CUST-12091,TXN-201504,2026-03-23,Market Trader,Lagos,Health,Self-employed,119930.0,180604.0,39874.0,24710.0,25,86,80.5,0,Repaid,2.4,Low,Normal
CUST-10848,TXN-201505,2025-08-25,SME,Lagos,Transport,Informal,442954.0,1037988.0,183342.0,33565.0,24,69,73.4,0,Repaid,23.1,Low,Loan-to-income mismatch
CUST-13199,TXN-201506,2026-01-26,SME,Kano,Shop,Salaried,158292.0,116738.0,34646.0,18740.0,24,68,61.1,0,Repaid,4.9,Low,Normal
CUST-11679,TXN-201507,2025-08-21,Retail,Kano,Education,Salaried,137139.0,265975.0,15341.0,20082.0,30,92,68.8,1,Defaulted,8.0,Low,Loan-to-income mismatch
CUST-13021,TXN-201508,2026-04-20,SME,Abuja,Education,Self-employed,164539.0,214532.0,48427.0,21455.0,37,3,97.4,0,Repaid,1.9,Low,Normal
CUST-12391,TXN-201509,2026-03-13,Agriculture,Accra,Fintech Agent,Self-employed,70180.0,40189.0,43140.0,10931.0,25,2,96.9,0,Repaid,1.5,Low,Normal
CUST-11166,TXN-201510,2026-04-13,Agriculture,Lagos,Transport,Salaried,118285.0,190279.0,19341.0,18712.0,22,19,75.4,0,Repaid,8.6,Low,Loan-to-income mismatch
CUST-10798,TXN-201511,2025-11-30,Retail,Kumasi,Health,Salaried,245969.0,476980.0,109648.0,47993.0,17,24,73.0,0,Repaid,13.2,Low,Loan-to-income mismatch
CUST-12603,TXN-201512,2025-01-08,Retail,Accra,Fintech Agent,Salaried,124972.0,180289.0,6424.0,37950.0,40,48,46.2,1,Defaulted,7.7,Low,Normal
CUST-11157,TXN-201513,2025-07-27,Services,Abuja,Fintech Agent,Informal,114906.0,234305.0,54282.0,26072.0,25,80,100.0,0,Repaid,8.6,Low,Loan-to-income mismatch
CUST-10864,TXN-201514,2025-02-20,SME,Accra,Shop,Salaried,282095.0,279903.0,48017.0,71442.0,27,38,90.7,0,Repaid,1.0,Low,Normal
CUST-13256,TXN-201515,2025-09-20,Market Trader,Accra,Education,Self-employed,285760.0,631120.0,87001.0,22101.0,32,85,85.5,1,Defaulted,13.6,Low,Loan-to-income mismatch
CUST-11689,TXN-201516,2025-09-06,Agriculture,Nairobi,Food,Informal,202225.0,327457.0,50897.0,39268.0,23,62,31.1,0,Repaid,51.9,Medium,Loan-to-income mismatch
CUST-10169,TXN-201517,2025-10-11,Retail,Kumasi,Education,Salaried,134437.0,263902.0,12246.0,57835.0,24,45,72.7,0,Repaid,8.5,Low,Loan-to-income mismatch
CUST-11731,TXN-201518,2026-04-30,Services,Abuja,Health,Informal,147182.0,115689.0,34988.0,5928.0,35,76,69.7,0,Repaid,3.9,Low,Normal
CUST-11612,TXN-201519,2025-04-27,SME,Nairobi,Fintech Agent,Contract,116106.0,135891.0,27933.0,51990.0,25,47,84.3,0,Repaid,3.6,Low,Normal
CUST-13023,TXN-201520,2026-03-26,Services,Kano,Food,Self-employed,107173.0,235711.0,37396.0,42825.0,30,6,63.9,1,Defaulted,19.0,Low,Loan-to-income mismatch
CUST-12490,TXN-201521,2026-02-05,SME,Abuja,Transport,Informal,104961.0,30752.0,66396.0,65956.0,32,82,67.8,0,Repaid,4.4,Low,Normal
CUST-10669,TXN-201522,2025-08-19,Agriculture,Nairobi,Transport,Salaried,125545.0,135192.0,39686.0,33485.0,21,14,83.1,0,Repaid,2.5,Low,Normal
CUST-10526,TXN-201523,2025-08-30,Market Trader,Nairobi,Health,Informal,105389.0,201536.0,62821.0,22964.0,16,45,58.1,0,Repaid,43.2,Medium,Loan-to-income mismatch
CUST-12112,TXN-201524,2025-07-22,Retail,Lagos,Food,Salaried,84393.0,154546.0,26228.0,33019.0,24,16,61.7,1,Defaulted,10.8,Low,Loan-to-income mismatch
CUST-10165,TXN-201525,2025-11-26,Market Trader,Kigali,Health,Salaried,178465.0,369530.0,15661.0,8051.0,28,76,75.5,0,Repaid,6.0,Low,Loan-to-income mismatch
CUST-11116,TXN-201526,2026-02-04,Services,Kumasi,Transport,Salaried,179608.0,327146.0,29635.0,71403.0,24,61,96.1,0,Repaid,3.8,Low,Loan-to-income mismatch
CUST-10483,TXN-201527,2025-01-17,SME,Kano,Health,Self-employed,332479.0,758898.0,92009.0,11887.0,23,91,86.6,0,Repaid,10.1,Low,Loan-to-income mismatch
CUST-10071,TXN-201528,2026-05-27,Market Trader,Nairobi,Health,Salaried,122921.0,158093.0,27655.0,19434.0,25,83,91.4,0,Repaid,1.1,Low,Normal
CUST-13215,TXN-201529,2025-02-27,Retail,Accra,Food,Salaried,184308.0,288612.0,104221.0,37851.0,29,26,73.1,0,Repaid,8.1,Low,Loan-to-income mismatch
CUST-10314,TXN-201530,2025-03-22,SME,Kigali,Fintech Agent,Salaried,185598.0,382686.0,83064.0,17951.0,20,25,98.9,0,Repaid,4.2,Low,Loan-to-income mismatch
CUST-10032,TXN-201531,2025-11-01,SME,Lagos,Food,Salaried,146296.0,254226.0,56227.0,43535.0,26,27,40.7,0,Repaid,25.6,Low,Loan-to-income mismatch
CUST-13265,TXN-201532,2025-02-24,SME,Accra,Education,Salaried,222486.0,90455.0,73303.0,82590.0,28,16,100.0,0,Repaid,1.0,Low,Normal
CUST-10659,TXN-201533,2026-01-20,Agriculture,Kumasi,Shop,Self-employed,225392.0,224205.0,60919.0,46103.0,34,90,100.0,0,Repaid,1.0,Low,Normal
CUST-12857,TXN-201534,2025-04-23,Retail,Lagos,Education,Self-employed,186747.0,262707.0,75760.0,37398.0,25,9,80.2,0,Repaid,2.0,Low,Normal
CUST-10109,TXN-201535,2025-06-15,Market Trader,Kigali,Fintech Agent,Self-employed,146185.0,271242.0,14400.0,36135.0,28,41,87.0,0,Repaid,5.4,Low,Loan-to-income mismatch
CUST-10537,TXN-201536,2025-11-02,Market Trader,Kano,Education,Self-employed,140062.0,194227.0,17143.0,3345.0,22,28,71.3,0,Repaid,2.7,Low,Normal
CUST-10387,TXN-201537,2026-05-03,Retail,Lagos,Food,Salaried,91633.0,174667.0,19331.0,16417.0,23,3,68.2,0,Repaid,6.4,Low,Loan-to-income mismatch
CUST-12471,TXN-201538,2025-04-13,Market Trader,Kano,Education,Salaried,116020.0,236622.0,14833.0,20983.0,39,80,61.0,0,Repaid,13.2,Low,Loan-to-income mismatch
CUST-12170,TXN-201539,2026-03-15,Agriculture,Nairobi,Education,Contract,125336.0,96331.0,55972.0,25565.0,20,49,71.1,0,Repaid,2.9,Low,Normal
CUST-11664,TXN-201540,2025-12-05,Retail,Kigali,Transport,Self-employed,101512.0,157114.0,3614.0,61530.0,21,84,82.0,0,Repaid,4.5,Low,Normal
CUST-10845,TXN-201541,2025-09-28,Retail,Abuja,Transport,Self-employed,195784.0,277384.0,23673.0,107277.0,26,59,79.6,0,Repaid,4.7,Low,Normal
CUST-10311,TXN-201542,2026-03-30,SME,Kano,Fintech Agent,Salaried,269031.0,184191.0,158363.0,45080.0,33,48,100.0,0,Repaid,1.8,Low,Normal
CUST-11992,TXN-201543,2025-11-27,Market Trader,Nairobi,Education,Self-employed,111148.0,140883.0,72074.0,27210.0,24,25,73.8,0,Repaid,10.9,Low,Normal
CUST-10807,TXN-201544,2026-02-22,Agriculture,Lagos,Fintech Agent,Self-employed,183330.0,256263.0,59982.0,31854.0,26,57,45.2,0,Repaid,18.3,Low,Normal
CUST-12065,TXN-201545,2025-11-03,Agriculture,Accra,Food,Contract,105416.0,210252.0,35007.0,18302.0,35,70,100.0,0,Repaid,5.1,Low,Loan-to-income mismatch
CUST-12406,TXN-201546,2025-09-03,SME,Accra,Fintech Agent,Informal,143191.0,172316.0,72632.0,123995.0,22,4,50.0,0,Repaid,25.3,Low,Normal
CUST-12973,TXN-201547,2025-06-07,Market Trader,Kano,Education,Self-employed,121791.0,43800.0,5213.0,16688.0,32,23,61.9,0,Repaid,2.1,Low,Normal
CUST-11728,TXN-201548,2025-05-18,Retail,Kano,Fintech Agent,Contract,209566.0,264430.0,60570.0,20115.0,30,35,76.9,0,Repaid,1.8,Low,Normal
CUST-10016,TXN-201549,2025-02-02,Market Trader,Kigali,Health,Self-employed,122383.0,249692.0,10145.0,21848.0,24,13,79.5,0,Repaid,6.9,Low,Loan-to-income mismatch
CUST-10982,TXN-201550,2025-05-28,SME,Kano,Fintech Agent,Informal,248923.0,360487.0,67852.0,135112.0,27,9,46.0,0,Repaid,16.0,Low,Normal
CUST-12986,TXN-201551,2026-02-20,Retail,Kumasi,Education,Contract,146796.0,130337.0,93921.0,49664.0,28,25,58.6,0,Repaid,5.0,Low,Normal
CUST-11866,TXN-201552,2025-06-04,Agriculture,Nairobi,Health,Salaried,123892.0,275605.0,61300.0,31622.0,26,34,45.3,0,Repaid,22.3,Low,Loan-to-income mismatch
CUST-12166,TXN-201553,2025-08-26,Services,Lagos,Shop,Salaried,96145.0,50529.0,61588.0,26080.0,31,52,83.2,0,Repaid,2.1,Low,Normal
CUST-11602,TXN-201554,2025-07-17,Agriculture,Nairobi,Education,Informal,181017.0,163941.0,88700.0,30189.0,42,78,93.3,0,Repaid,5.5,Low,Normal
CUST-10569,TXN-201555,2026-03-11,Market Trader,Nairobi,Health,Self-employed,237042.0,272702.0,95554.0,14305.0,23,82,50.0,0,Repaid,13.9,Low,Normal
CUST-13138,TXN-201556,2025-10-26,Agriculture,Abuja,Health,Self-employed,182553.0,331938.0,90393.0,5264.0,25,37,89.9,0,Repaid,4.2,Low,Loan-to-income mismatch
CUST-12705,TXN-201557,2025-07-13,Retail,Abuja,Education,Contract,416778.0,848292.0,181393.0,65191.0,21,51,88.8,0,Repaid,6.0,Low,Loan-to-income mismatch
CUST-13483,TXN-201558,2026-04-26,Services,Accra,Fintech Agent,Salaried,296710.0,91981.0,92681.0,12173.0,27,3,60.1,0,Repaid,3.3,Low,Normal
CUST-12994,TXN-201559,2025-01-08,Market Trader,Kigali,Transport,Contract,143034.0,277246.0,29222.0,74935.0,26,81,36.3,0,Repaid,22.7,Low,Loan-to-income mismatch
CUST-11018,TXN-201560,2025-03-10,SME,Kigali,Health,Self-employed,142405.0,253420.0,49516.0,70025.0,39,24,52.7,0,Repaid,12.7,Low,Loan-to-income mismatch
CUST-10889,TXN-201561,2025-03-07,Retail,Abuja,Transport,Informal,198248.0,429431.0,36250.0,32651.0,31,8,61.3,1,Defaulted,39.5,Medium,Loan-to-income mismatch
CUST-10869,TXN-201562,2025-02-20,SME,Kumasi,Transport,Self-employed,114466.0,249420.0,37385.0,66086.0,28,58,99.8,0,Repaid,6.7,Low,Loan-to-income mismatch
CUST-13215,TXN-201563,2025-03-23,Market Trader,Accra,Health,Salaried,265625.0,506310.0,29767.0,34486.0,23,37,69.9,0,Repaid,12.1,Low,Loan-to-income mismatch
CUST-11949,TXN-201564,2025-12-21,Retail,Kumasi,Health,Unemployed,189448.0,114095.0,71270.0,35647.0,23,40,53.9,0,Repaid,11.9,Low,Normal
CUST-10355,TXN-200579,2025-08-20,Services,Kigali,Food,Unemployed,163662.0,157031.0,103630.0,40631.0,42,86,47.9,1,Defaulted,20.7,Low,Normal
CUST-13388,TXN-201566,2025-02-11,Retail,Kumasi,Food,Contract,217188.0,490547.0,44518.0,65748.0,24,61,48.7,0,Repaid,36.7,Medium,Loan-to-income mismatch
CUST-12111,TXN-201567,2025-01-17,Retail,Accra,Health,Salaried,335571.0,506023.0,112211.0,48652.0,26,77,81.3,0,Repaid,6.5,Low,Normal
CUST-13183,TXN-201568,2026-04-12,Services,Lagos,Health,Self-employed,174871.0,240631.0,21403.0,29127.0,35,55,54.4,0,Repaid,7.9,Low,Normal
CUST-13446,TXN-201569,2026-02-27,Retail,Accra,Fintech Agent,Contract,155208.0,343456.0,97207.0,58708.0,25,59,57.0,1,Defaulted,34.6,Low,Loan-to-income mismatch
CUST-10278,TXN-201570,2026-02-12,SME,Abuja,Transport,Contract,306711.0,650448.0,92496.0,129774.0,27,78,78.8,1,Defaulted,10.0,Low,Loan-to-income mismatch
CUST-11265,TXN-201571,2025-12-23,Retail,Accra,Food,Informal,244353.0,438624.0,59118.0,33589.0,29,75,100.0,0,Repaid,5.7,Low,Loan-to-income mismatch
CUST-12569,TXN-201572,2025-08-04,Agriculture,Accra,Health,Contract,142228.0,304169.0,5461.0,19488.0,23,18,100.0,0,Repaid,4.1,Low,Loan-to-income mismatch
CUST-12846,TXN-201573,2025-06-16,Services,Kumasi,Food,Salaried,163110.0,70580.0,89914.0,52660.0,35,33,53.3,0,Repaid,8.2,Low,Normal
CUST-10519,TXN-201574,2025-06-21,Market Trader,Nairobi,Fintech Agent,Informal,176674.0,328922.0,73192.0,29068.0,31,48,61.3,1,Defaulted,39.2,Medium,Loan-to-income mismatch
CUST-11114,TXN-201575,2025-09-27,Services,Abuja,Health,Informal,189465.0,440264.0,53493.0,63025.0,28,89,81.3,1,Defaulted,28.2,Low,Loan-to-income mismatch
CUST-11918,TXN-201576,2025-01-25,SME,Kumasi,Shop,Unemployed,92063.0,26581.0,16082.0,22917.0,34,59,93.0,0,Repaid,1.1,Low,Normal
CUST-12797,TXN-201577,2026-04-27,SME,Nairobi,Food,Informal,85149.0,57489.0,41675.0,37583.0,40,78,33.0,0,Repaid,15.5,Low,High-risk repayment pattern
CUST-10395,TXN-201578,2026-05-18,Retail,Kano,Education,Contract,112117.0,217800.0,69025.0,112451.0,14,76,73.6,0,Repaid,12.0,Low,Loan-to-income mismatch
CUST-12102,TXN-201579,2025-02-05,Services,Lagos,Health,Contract,108533.0,144838.0,28209.0,22616.0,37,88,63.2,0,Repaid,5.2,Low,Normal
CUST-11037,TXN-201580,2025-09-28,Services,Kigali,Education,Self-employed,124193.0,46236.0,13037.0,64292.0,23,50,37.4,0,Repaid,4.2,Low,High-risk repayment pattern
CUST-10757,TXN-201581,2025-07-07,Retail,Nairobi,Education,Salaried,212475.0,164640.0,18866.0,22140.0,21,26,47.9,0,Repaid,4.9,Low,Normal
CUST-11803,TXN-201582,2025-07-13,Retail,Kumasi,Education,Contract,151607.0,136357.0,3640.0,58582.0,32,40,61.8,0,Repaid,1.9,Low,Normal
CUST-11449,TXN-201583,2025-07-21,Market Trader,Nairobi,Shop,Salaried,176749.0,157794.0,86376.0,16371.0,31,2,73.1,0,Repaid,2.5,Low,Normal
CUST-12224,TXN-201584,2025-09-27,Retail,Kano,Food,Self-employed,97323.0,207146.0,62119.0,62418.0,28,66,90.1,0,Repaid,8.6,Low,Loan-to-income mismatch
CUST-11111,TXN-201585,2026-05-12,Market Trader,Nairobi,Transport,Salaried,134069.0,221176.0,86538.0,26553.0,31,59,78.4,1,Defaulted,9.6,Low,Loan-to-income mismatch
CUST-12881,TXN-201586,2026-01-14,Services,Kigali,Food,Salaried,208282.0,377306.0,107066.0,23168.0,17,17,89.1,0,Repaid,7.3,Low,Loan-to-income mismatch
CUST-10273,TXN-201587,2026-05-19,Services,Kano,Transport,Contract,208956.0,43907.0,25529.0,27008.0,22,48,72.5,0,Repaid,1.0,Low,Normal
CUST-13016,TXN-201588,2025-05-21,Market Trader,Accra,Fintech Agent,Self-employed,120052.0,135548.0,76348.0,32583.0,14,69,59.3,0,Repaid,5.4,Low,Normal
CUST-10104,TXN-201589,2026-03-11,Retail,Nairobi,Shop,Self-employed,174189.0,154255.0,39458.0,42732.0,32,75,68.7,0,Repaid,2.1,Low,Normal
CUST-12575,TXN-201590,2025-08-01,SME,Abuja,Transport,Self-employed,409838.0,848887.0,94337.0,21081.0,38,74,84.5,0,Repaid,9.8,Low,Loan-to-income mismatch
CUST-11212,TXN-201591,2025-07-17,Services,Kumasi,Food,Self-employed,161556.0,371190.0,73188.0,39301.0,35,11,90.6,0,Repaid,8.3,Low,Loan-to-income mismatch
CUST-11341,TXN-201592,2025-01-28,Agriculture,Lagos,Education,Salaried,121645.0,136220.0,6192.0,10687.0,34,37,69.3,0,Repaid,3.4,Low,Normal
CUST-10066,TXN-201593,2026-04-04,Services,Kigali,Transport,Self-employed,151300.0,354071.0,81738.0,58507.0,23,57,55.3,1,Defaulted,33.5,Low,Loan-to-income mismatch
CUST-12457,TXN-201594,2025-03-01,Agriculture,Lagos,Health,Salaried,169179.0,35845.0,109678.0,41164.0,27,11,78.0,0,Repaid,2.4,Low,Normal
CUST-10579,TXN-201595,2025-09-07,Market Trader,Lagos,Shop,Unemployed,152743.0,137942.0,77638.0,41113.0,31,20,80.6,0,Repaid,4.4,Low,Normal
CUST-12307,TXN-201596,2026-05-17,Retail,Kano,Shop,Salaried,160626.0,305245.0,82314.0,61974.0,40,90,94.2,0,Repaid,8.9,Low,Loan-to-income mismatch
CUST-12538,TXN-201597,2025-11-29,Agriculture,Nairobi,Transport,Informal,88765.0,86938.0,23602.0,42079.0,15,50,59.8,0,Repaid,13.9,Low,Normal
CUST-12958,TXN-201598,2025-03-04,SME,Abuja,Transport,Salaried,108629.0,241649.0,6684.0,133285.0,20,56,60.0,1,Defaulted,26.5,Low,Loan-to-income mismatch
CUST-12478,TXN-201599,2026-04-24,Agriculture,Kumasi,Education,Salaried,152860.0,101651.0,79393.0,16560.0,23,16,85.6,0,Repaid,3.0,Low,Normal
CUST-11055,TXN-201600,2025-11-06,Agriculture,Kano,Health,Informal,151841.0,295540.0,60161.0,12654.0,18,61,64.7,0,Repaid,30.5,Low,Loan-to-income mismatch
CUST-12585,TXN-201601,2025-05-09,Retail,Kigali,Health,Self-employed,128309.0,80550.0,76072.0,98544.0,32,87,63.9,0,Repaid,2.9,Low,Normal
CUST-12890,TXN-201602,2025-05-15,Market Trader,Accra,Transport,Salaried,151094.0,93312.0,14060.0,42180.0,24,92,94.6,0,Repaid,1.0,Low,Normal
CUST-11110,TXN-201603,2026-03-21,Services,Accra,Food,Self-employed,166979.0,195293.0,35438.0,45201.0,27,19,47.3,0,Repaid,5.8,Low,Normal
CUST-10434,TXN-201604,2025-11-02,Market Trader,Lagos,Transport,Salaried,236465.0,538612.0,58457.0,15416.0,27,22,100.0,0,Repaid,6.2,Low,Loan-to-income mismatch
CUST-13115,TXN-201605,2025-07-26,Retail,Abuja,Education,Salaried,156112.0,231000.0,70323.0,50949.0,26,56,61.0,0,Repaid,7.6,Low,Normal
CUST-10517,TXN-201606,2025-06-03,SME,Lagos,Transport,Salaried,192456.0,305961.0,99361.0,48638.0,26,85,87.6,0,Repaid,4.6,Low,Loan-to-income mismatch
CUST-12078,TXN-201607,2026-03-26,Market Trader,Kigali,Education,Salaried,129641.0,26136.0,81083.0,49720.0,25,2,70.0,0,Repaid,1.0,Low,Normal
CUST-10826,TXN-201608,2025-07-02,SME,Accra,Health,Salaried,206960.0,63265.0,42656.0,54386.0,20,23,76.9,0,Repaid,1.1,Low,Normal
CUST-10441,TXN-201609,2025-10-10,SME,Kano,Education,Self-employed,190576.0,62622.0,63079.0,48501.0,37,16,67.3,0,Repaid,1.9,Low,Normal
CUST-12717,TXN-201610,2025-02-09,SME,Abuja,Shop,Informal,234133.0,468174.0,8955.0,54813.0,33,76,87.4,0,Repaid,10.2,Low,Loan-to-income mismatch
CUST-10503,TXN-201611,2025-05-08,Services,Kumasi,Fintech Agent,Self-employed,219620.0,155010.0,39396.0,21130.0,33,48,65.7,0,Repaid,2.5,Low,Normal
CUST-12345,TXN-201612,2026-02-11,Retail,Kumasi,Food,Self-employed,208411.0,189658.0,53274.0,28643.0,28,69,61.7,1,Defaulted,2.8,Low,Normal
CUST-12425,TXN-201613,2026-01-31,Services,Kano,Education,Salaried,156164.0,239570.0,61544.0,66210.0,36,5,100.0,0,Repaid,3.7,Low,Normal
CUST-10210,TXN-201614,2026-05-23,Agriculture,Abuja,Health,Unemployed,180390.0,266324.0,57117.0,44340.0,26,14,72.5,1,Defaulted,14.2,Low,Normal
CUST-10605,TXN-201615,2025-03-01,Services,Kigali,Education,Salaried,254403.0,277649.0,63504.0,28838.0,24,53,59.8,0,Repaid,11.8,Low,Normal
CUST-12780,TXN-201616,2025-09-25,Agriculture,Lagos,Fintech Agent,Salaried,123764.0,23459.0,51135.0,44110.0,29,41,45.2,0,Repaid,3.9,Low,Normal
CUST-11775,TXN-201617,2025-03-15,Retail,Accra,Fintech Agent,Informal,125000.0,147265.0,67753.0,46604.0,24,19,100.0,0,Repaid,5.9,Low,Normal
CUST-10424,TXN-201618,2026-01-21,Market Trader,Kigali,Education,Self-employed,175642.0,319725.0,30256.0,25010.0,31,26,62.1,1,Defaulted,9.1,Low,Loan-to-income mismatch
CUST-13471,TXN-201619,2025-03-18,Retail,Kano,Education,Salaried,193768.0,136070.0,45732.0,24665.0,21,70,100.0,0,Repaid,1.3,Low,Normal
CUST-10927,TXN-201620,2025-03-04,SME,Lagos,Food,Contract,115137.0,201784.0,53435.0,39408.0,30,3,79.2,0,Repaid,6.6,Low,Loan-to-income mismatch
CUST-10014,TXN-201621,2026-03-10,Retail,Nairobi,Food,Salaried,157724.0,33696.0,80455.0,70115.0,18,83,74.6,0,Repaid,2.8,Low,Normal
CUST-13234,TXN-201622,2025-03-07,Retail,Kigali,Shop,Salaried,156455.0,343540.0,84486.0,33514.0,24,16,75.1,0,Repaid,25.5,Low,Loan-to-income mismatch
CUST-10058,TXN-201623,2026-03-26,Services,Lagos,Health,Self-employed,65000.0,148791.0,9872.0,65169.0,34,73,100.0,0,Repaid,4.4,Low,Loan-to-income mismatch
CUST-11936,TXN-201624,2026-01-21,Services,Kano,Shop,Unemployed,148415.0,27526.0,53391.0,23015.0,24,61,32.5,0,Repaid,11.1,Low,High-risk repayment pattern
CUST-13475,TXN-201625,2025-10-23,SME,Lagos,Transport,Unemployed,152349.0,182264.0,89430.0,31232.0,21,7,75.9,0,Repaid,9.4,Low,Normal
CUST-12022,TXN-201626,2025-03-16,Market Trader,Kigali,Education,Self-employed,152158.0,167174.0,40615.0,29801.0,25,73,67.2,0,Repaid,2.6,Low,Normal
CUST-12046,TXN-201627,2025-05-25,Agriculture,Nairobi,Health,Salaried,294986.0,604421.0,85790.0,38296.0,28,48,68.2,1,Defaulted,14.1,Low,Loan-to-income mismatch
CUST-11358,TXN-201628,2025-04-15,Services,Nairobi,Shop,Self-employed,97671.0,134825.0,62552.0,34064.0,35,30,74.7,0,Repaid,6.8,Low,Normal
CUST-10444,TXN-201629,2025-07-23,Retail,Kano,Health,Informal,115112.0,176954.0,10501.0,48366.0,36,12,67.2,1,Defaulted,17.7,Low,Normal
CUST-12004,TXN-201630,2025-04-15,Retail,Nairobi,Shop,Self-employed,65000.0,40922.0,30194.0,49317.0,19,12,75.4,0,Repaid,2.2,Low,Normal
CUST-13140,TXN-201631,2025-04-05,Services,Abuja,Education,Salaried,132988.0,46690.0,73890.0,48361.0,25,40,71.6,0,Repaid,2.8,Low,Normal
CUST-10318,TXN-201632,2025-06-20,Retail,Abuja,Health,Unemployed,137837.0,236663.0,15851.0,18416.0,37,29,48.4,1,Defaulted,29.0,Low,Loan-to-income mismatch
CUST-13081,TXN-201633,2025-01-02,Agriculture,Kumasi,Transport,Informal,131375.0,204669.0,61760.0,21657.0,37,80,78.9,0,Repaid,13.7,Low,Loan-to-income mismatch
CUST-11452,TXN-201634,2026-04-14,SME,Kigali,Food,Salaried,259166.0,525529.0,81880.0,57038.0,30,53,84.9,1,Defaulted,7.8,Low,Loan-to-income mismatch
CUST-11876,TXN-201635,2026-03-10,SME,Abuja,Education,Self-employed,233622.0,480139.0,130203.0,40413.0,26,5,62.2,0,Repaid,24.3,Low,Loan-to-income mismatch
CUST-10578,TXN-201636,2025-05-19,Retail,Accra,Education,Informal,168165.0,265852.0,99502.0,35011.0,24,84,100.0,0,Repaid,7.6,Low,Loan-to-income mismatch
CUST-12176,TXN-201637,2025-04-11,Agriculture,Kigali,Health,Salaried,139294.0,191552.0,79351.0,32492.0,28,25,96.0,0,Repaid,4.3,Low,Normal
CUST-10638,TXN-201638,2026-03-27,SME,Kano,Fintech Agent,Informal,250446.0,553260.0,15168.0,44728.0,28,59,87.2,0,Repaid,12.4,Low,Loan-to-income mismatch
CUST-10956,TXN-201639,2025-02-10,Services,Nairobi,Food,Salaried,161410.0,316171.0,80192.0,24795.0,31,79,87.0,0,Repaid,7.0,Low,Loan-to-income mismatch
CUST-12525,TXN-201640,2026-01-30,Market Trader,Kumasi,Education,Salaried,115419.0,246879.0,69316.0,18245.0,29,64,72.5,0,Repaid,8.8,Low,Loan-to-income mismatch
CUST-10176,TXN-201641,2025-03-10,Services,Kigali,Fintech Agent,Informal,79156.0,189244.0,32569.0,28387.0,37,40,92.5,0,Repaid,19.8,Low,Loan-to-income mismatch
CUST-11565,TXN-201642,2025-02-09,Retail,Kano,Education,Informal,135219.0,145466.0,53892.0,28060.0,39,2,100.0,0,Repaid,2.6,Low,Normal
CUST-12080,TXN-201643,2026-04-23,Retail,Nairobi,Shop,Salaried,223452.0,395866.0,10805.0,60024.0,28,24,86.5,0,Repaid,5.0,Low,Loan-to-income mismatch
CUST-10462,TXN-201644,2025-10-11,Services,Nairobi,Transport,Informal,423431.0,723013.0,236825.0,45240.0,28,55,61.7,0,Repaid,33.3,Low,Loan-to-income mismatch
CUST-11031,TXN-201645,2025-07-07,Retail,Kigali,Education,Contract,167021.0,94634.0,8223.0,18164.0,24,91,71.3,0,Repaid,2.5,Low,Normal
CUST-11202,TXN-201646,2025-01-24,Retail,Kigali,Fintech Agent,Informal,118013.0,188011.0,25669.0,89424.0,29,5,82.3,0,Repaid,18.6,Low,Loan-to-income mismatch
CUST-12322,TXN-201647,2025-12-01,Retail,Kano,Transport,Self-employed,98945.0,111843.0,59693.0,28718.0,22,16,87.1,0,Repaid,3.0,Low,Normal
CUST-13418,TXN-201648,2025-10-19,SME,Nairobi,Transport,Unemployed,205217.0,242240.0,126894.0,19968.0,14,35,70.6,0,Repaid,11.1,Low,Normal
CUST-12926,TXN-201649,2025-01-17,Agriculture,Kumasi,Education,Contract,77564.0,44980.0,50021.0,22649.0,35,76,61.8,0,Repaid,4.8,Low,Normal
CUST-10664,TXN-201650,2026-01-03,Services,Lagos,Shop,Contract,205078.0,375974.0,65652.0,10978.0,28,91,100.0,0,Repaid,3.2,Low,Loan-to-income mismatch
CUST-10063,TXN-201651,2025-10-01,Retail,Kigali,Fintech Agent,Self-employed,229450.0,396817.0,30237.0,14189.0,31,18,52.7,0,Repaid,10.2,Low,Loan-to-income mismatch
CUST-10181,TXN-201652,2026-03-19,Market Trader,Nairobi,Fintech Agent,Self-employed,195485.0,266189.0,64003.0,128866.0,16,56,55.1,1,Defaulted,9.2,Low,Normal
CUST-12084,TXN-201653,2026-01-21,Market Trader,Kumasi,Education,Salaried,148411.0,78349.0,12534.0,50045.0,21,92,48.1,0,Repaid,2.8,Low,Normal
CUST-10546,TXN-201654,2025-11-05,Services,Lagos,Food,Salaried,206339.0,292226.0,117551.0,14534.0,25,95,55.0,0,Repaid,23.6,Low,Normal
CUST-10809,TXN-201655,2025-02-03,SME,Kigali,Food,Informal,174869.0,70349.0,65250.0,14519.0,28,75,94.5,0,Repaid,1.9,Low,Normal
CUST-12965,TXN-201656,2025-04-18,Market Trader,Kigali,Education,Self-employed,117382.0,109565.0,32261.0,29880.0,28,75,95.1,0,Repaid,1.4,Low,Normal
CUST-13058,TXN-201657,2025-06-04,Market Trader,Kigali,Fintech Agent,Self-employed,354043.0,356392.0,24820.0,7970.0,18,27,70.7,0,Repaid,3.8,Low,Normal
CUST-12936,TXN-201658,2026-05-05,Market Trader,Kano,Health,Salaried,140406.0,300638.0,38654.0,28999.0,21,31,80.9,0,Repaid,19.3,Low,Loan-to-income mismatch
CUST-10887,TXN-201659,2025-06-16,Agriculture,Lagos,Food,Contract,225441.0,248559.0,127532.0,40067.0,22,94,71.8,0,Repaid,4.6,Low,Normal
CUST-12168,TXN-201660,2025-09-28,SME,Nairobi,Education,Self-employed,65000.0,98059.0,30104.0,67597.0,34,60,50.5,0,Repaid,7.5,Low,Normal
CUST-12137,TXN-201661,2026-04-03,SME,Accra,Education,Contract,278206.0,590356.0,20016.0,23244.0,38,12,100.0,0,Repaid,3.9,Low,Loan-to-income mismatch
CUST-10648,TXN-201662,2025-01-17,Market Trader,Abuja,Shop,Salaried,301607.0,339364.0,36416.0,36563.0,27,8,96.7,0,Repaid,1.0,Low,Normal
CUST-11937,TXN-201663,2025-12-10,Retail,Abuja,Transport,Salaried,164807.0,352987.0,44029.0,68507.0,29,82,78.4,0,Repaid,8.5,Low,Loan-to-income mismatch
CUST-11838,TXN-201664,2026-04-04,SME,Kumasi,Transport,Salaried,205805.0,99392.0,17260.0,40588.0,30,14,56.6,0,Repaid,4.2,Low,Normal
CUST-11386,TXN-201665,2026-03-23,Agriculture,Kigali,Education,Salaried,205783.0,203715.0,125208.0,13913.0,18,67,68.0,0,Repaid,3.9,Low,Normal
CUST-12630,TXN-201666,2025-09-20,Retail,Kumasi,Fintech Agent,Self-employed,124248.0,48493.0,53544.0,28445.0,33,32,59.5,0,Repaid,1.9,Low,Normal
CUST-12371,TXN-201667,2025-07-13,SME,Kigali,Health,Contract,204800.0,291894.0,16330.0,25362.0,35,18,73.8,0,Repaid,5.8,Low,Normal
CUST-11864,TXN-201668,2025-04-06,Services,Accra,Education,Self-employed,115888.0,267141.0,59853.0,151511.0,32,12,77.6,0,Repaid,14.5,Low,Loan-to-income mismatch
CUST-12540,TXN-201669,2025-11-02,SME,Accra,Education,Contract,126036.0,206502.0,31773.0,84995.0,37,53,65.9,0,Repaid,12.6,Low,Loan-to-income mismatch
CUST-12670,TXN-201670,2026-04-10,SME,Kano,Food,Unemployed,261272.0,410168.0,45531.0,74194.0,25,77,45.8,0,Repaid,26.6,Low,Loan-to-income mismatch
CUST-11984,TXN-201671,2025-09-25,SME,Lagos,Transport,Contract,245084.0,195457.0,92909.0,14643.0,31,3,100.0,0,Repaid,1.4,Low,Normal
CUST-10936,TXN-201672,2025-12-07,Market Trader,Abuja,Fintech Agent,Self-employed,120973.0,271833.0,3439.0,11383.0,18,68,76.3,0,Repaid,5.6,Low,Loan-to-income mismatch
CUST-12654,TXN-201673,2025-05-23,Retail,Kano,Shop,Self-employed,119599.0,146725.0,37458.0,30650.0,27,55,80.2,0,Repaid,2.4,Low,Normal
CUST-12511,TXN-201674,2026-01-18,Market Trader,Kumasi,Fintech Agent,Self-employed,124101.0,95898.0,68454.0,23470.0,23,76,64.4,0,Repaid,4.0,Low,Normal
CUST-13441,TXN-201675,2025-08-06,Retail,Abuja,Transport,Salaried,221396.0,525305.0,133873.0,23628.0,34,56,43.9,0,Repaid,38.0,Medium,Loan-to-income mismatch
CUST-10524,TXN-201676,2025-07-05,SME,Accra,Health,Salaried,106938.0,119699.0,25217.0,102193.0,33,13,70.5,1,Defaulted,9.4,Low,Normal
CUST-11467,TXN-201677,2025-05-07,Agriculture,Accra,Fintech Agent,Salaried,189060.0,189954.0,80300.0,111936.0,29,40,66.2,0,Repaid,6.7,Low,Normal
CUST-13234,TXN-201678,2025-12-06,Retail,Accra,Fintech Agent,Self-employed,222721.0,57376.0,36281.0,23672.0,27,94,84.8,0,Repaid,1.1,Low,Normal
CUST-11801,TXN-201679,2025-01-09,Services,Kigali,Fintech Agent,Salaried,156833.0,90307.0,58488.0,5860.0,40,79,88.3,0,Repaid,1.2,Low,Normal
CUST-13299,TXN-201680,2026-04-25,Services,Abuja,Education,Self-employed,248756.0,491643.0,44785.0,20998.0,30,35,85.8,0,Repaid,3.7,Low,Loan-to-income mismatch
CUST-10043,TXN-201681,2026-05-15,Retail,Kano,Education,Contract,143228.0,179262.0,54420.0,71826.0,22,89,89.8,0,Repaid,5.0,Low,Normal
CUST-10123,TXN-201682,2026-05-09,Market Trader,Kano,Shop,Self-employed,148774.0,342154.0,19071.0,52757.0,23,2,100.0,0,Repaid,2.9,Low,Loan-to-income mismatch
CUST-12786,TXN-201683,2026-05-10,Retail,Nairobi,Health,Salaried,107964.0,39539.0,66179.0,37697.0,22,52,79.0,0,Repaid,1.4,Low,Normal
CUST-11254,TXN-201684,2026-03-10,Services,Kumasi,Education,Self-employed,249500.0,386075.0,144400.0,45763.0,15,74,91.8,0,Repaid,5.5,Low,Normal
CUST-11820,TXN-201685,2026-03-02,SME,Nairobi,Shop,Self-employed,117955.0,209767.0,27396.0,40227.0,21,65,80.9,0,Repaid,14.5,Low,Loan-to-income mismatch
CUST-11498,TXN-201686,2025-08-07,SME,Accra,Food,Salaried,188510.0,293892.0,96008.0,31710.0,22,18,37.8,0,Repaid,35.9,Medium,Loan-to-income mismatch
CUST-11427,TXN-201687,2025-04-01,Services,Nairobi,Fintech Agent,Self-employed,157952.0,214235.0,12663.0,16953.0,24,15,69.2,0,Repaid,5.7,Low,Normal
CUST-13288,TXN-201688,2025-01-03,SME,Lagos,Food,Salaried,104593.0,153106.0,50877.0,50298.0,26,71,56.4,1,Defaulted,22.8,Low,Normal
CUST-10329,TXN-201689,2025-01-11,Services,Abuja,Transport,Self-employed,126018.0,215592.0,24945.0,21414.0,28,95,76.2,0,Repaid,5.2,Low,Loan-to-income mismatch
CUST-12702,TXN-201690,2025-12-30,Retail,Kumasi,Transport,Self-employed,290921.0,609900.0,30679.0,17252.0,34,73,57.8,0,Repaid,17.9,Low,Loan-to-income mismatch
CUST-13113,TXN-201691,2025-04-12,Retail,Abuja,Transport,Self-employed,177140.0,164153.0,79228.0,41079.0,34,82,82.9,0,Repaid,4.2,Low,Normal
CUST-12300,TXN-201692,2025-03-22,Market Trader,Kano,Education,Unemployed,106527.0,127878.0,33660.0,23214.0,27,87,89.7,0,Repaid,3.6,Low,Normal
CUST-11382,TXN-201693,2026-03-26,Services,Abuja,Transport,Salaried,185023.0,294505.0,65496.0,62940.0,19,91,93.7,0,Repaid,4.0,Low,Loan-to-income mismatch
CUST-10560,TXN-201694,2025-03-21,Retail,Lagos,Education,Self-employed,153067.0,134325.0,53257.0,46294.0,18,76,100.0,0,Repaid,1.4,Low,Normal
CUST-12389,TXN-201695,2025-03-21,Market Trader,Kano,Food,Salaried,694328.0,400556.0,39891.0,92117.0,32,75,41.8,0,Repaid,5.1,Low,High-risk repayment pattern
CUST-11640,TXN-201696,2025-09-02,Agriculture,Kigali,Education,Informal,183460.0,426525.0,9608.0,42427.0,18,76,50.4,1,Defaulted,34.3,Low,Loan-to-income mismatch
CUST-10522,TXN-201697,2025-05-01,Retail,Lagos,Education,Salaried,138710.0,84932.0,55309.0,34441.0,29,32,100.0,0,Repaid,1.0,Low,Normal
CUST-11258,TXN-201698,2025-02-08,SME,Kigali,Shop,Self-employed,295496.0,205862.0,122050.0,91430.0,25,52,90.2,0,Repaid,1.6,Low,Normal
CUST-13365,TXN-201699,2025-12-23,Retail,Accra,Shop,Self-employed,75114.0,116688.0,3735.0,99701.0,23,22,76.0,0,Repaid,3.6,Low,Loan-to-income mismatch
CUST-10928,TXN-201700,2025-09-24,Retail,Nairobi,Transport,Informal,169332.0,59564.0,43758.0,9124.0,26,51,72.6,1,Defaulted,4.8,Low,Normal
CUST-10624,TXN-201701,2025-09-04,Market Trader,Nairobi,Food,Self-employed,376119.0,96131.0,152741.0,57161.0,33,50,71.0,0,Repaid,2.6,Low,Normal
CUST-12386,TXN-201702,2025-05-04,Agriculture,Lagos,Food,Self-employed,155002.0,49928.0,67226.0,31158.0,23,8,37.2,0,Repaid,4.3,Low,High-risk repayment pattern
CUST-10698,TXN-201703,2025-12-04,Retail,Abuja,Health,Self-employed,78591.0,35652.0,42582.0,50043.0,17,9,58.1,0,Repaid,4.3,Low,Normal
CUST-13219,TXN-201704,2025-10-19,Market Trader,Kigali,Fintech Agent,Contract,137821.0,156126.0,39287.0,89765.0,38,91,70.0,0,Repaid,6.9,Low,Normal
CUST-13006,TXN-201705,2025-10-18,Agriculture,Kumasi,Health,Salaried,299808.0,605900.0,109551.0,32925.0,17,53,59.1,0,Repaid,26.4,Low,Loan-to-income mismatch
CUST-13442,TXN-201706,2026-04-27,Market Trader,Kano,Food,Salaried,190603.0,179010.0,73286.0,14018.0,35,5,61.5,0,Repaid,4.6,Low,Normal
CUST-13194,TXN-201707,2025-10-23,Market Trader,Accra,Transport,Salaried,114426.0,129201.0,24783.0,10155.0,26,36,100.0,0,Repaid,2.1,Low,Normal
CUST-10853,TXN-201708,2026-04-23,Market Trader,Accra,Food,Self-employed,122051.0,184609.0,6580.0,88017.0,33,85,67.5,0,Repaid,5.2,Low,Normal
CUST-10742,TXN-201709,2026-03-27,Services,Lagos,Transport,Self-employed,128660.0,109459.0,2916.0,39501.0,26,70,77.0,0,Repaid,2.4,Low,Normal
CUST-11199,TXN-201710,2025-02-24,Services,Kigali,Education,Informal,189416.0,215979.0,103565.0,32977.0,19,79,76.4,0,Repaid,8.3,Low,Normal
CUST-11644,TXN-201711,2025-04-23,Retail,Abuja,Health,Self-employed,285513.0,296252.0,41727.0,95389.0,21,60,82.6,0,Repaid,1.2,Low,Normal
CUST-13079,TXN-201712,2025-12-21,SME,Kigali,Transport,Salaried,253221.0,237770.0,105608.0,30317.0,30,67,63.4,0,Repaid,5.7,Low,Normal
CUST-12567,TXN-201713,2025-03-13,SME,Abuja,Education,Self-employed,197112.0,205437.0,75600.0,30427.0,31,25,94.4,0,Repaid,2.5,Low,Normal
CUST-12255,TXN-201714,2026-01-11,Market Trader,Kumasi,Food,Self-employed,93033.0,19042.0,25283.0,99005.0,21,81,80.0,0,Repaid,1.2,Low,Normal
CUST-13074,TXN-201715,2025-07-28,Market Trader,Accra,Food,Self-employed,93178.0,200100.0,50791.0,16711.0,33,70,48.8,0,Repaid,23.8,Low,Loan-to-income mismatch
CUST-12260,TXN-201716,2025-06-09,Services,Kigali,Transport,Self-employed,203611.0,478427.0,93660.0,12074.0,24,24,70.1,1,Defaulted,8.5,Low,Loan-to-income mismatch
CUST-11326,TXN-201717,2025-10-03,Agriculture,Kumasi,Education,Self-employed,92494.0,193751.0,3175.0,98021.0,26,31,68.9,0,Repaid,13.9,Low,Loan-to-income mismatch
CUST-11445,TXN-201718,2025-06-01,SME,Kumasi,Shop,Unemployed,148044.0,28535.0,75401.0,89757.0,22,74,68.1,0,Repaid,7.6,Low,Normal
CUST-11809,TXN-201719,2025-09-11,Retail,Kano,Food,Salaried,184932.0,341563.0,62768.0,36272.0,37,25,81.2,0,Repaid,3.6,Low,Loan-to-income mismatch
CUST-10310,TXN-201720,2026-01-29,SME,Kigali,Food,Contract,100933.0,146583.0,24085.0,206894.0,23,64,83.4,0,Repaid,3.3,Low,Unusually high amount
CUST-12596,TXN-201721,2025-10-06,Market Trader,Lagos,Food,Informal,105853.0,41184.0,50591.0,22597.0,23,41,81.3,0,Repaid,2.5,Low,Normal
CUST-12284,TXN-201722,2026-05-23,Market Trader,Accra,Fintech Agent,Salaried,156446.0,352152.0,70748.0,48327.0,38,28,78.1,0,Repaid,14.8,Low,Loan-to-income mismatch
CUST-12558,TXN-201723,2025-09-08,Services,Abuja,Health,Contract,201095.0,382724.0,43370.0,44709.0,36,16,73.5,0,Repaid,13.5,Low,Loan-to-income mismatch
CUST-11868,TXN-201724,2026-02-25,Services,Accra,Education,Salaried,254190.0,127745.0,162507.0,83041.0,30,69,33.3,0,Repaid,8.7,Low,High-risk repayment pattern
CUST-12740,TXN-201725,2025-09-25,Services,Lagos,Fintech Agent,Self-employed,210021.0,487285.0,90033.0,18543.0,28,32,86.0,0,Repaid,9.5,Low,Loan-to-income mismatch
CUST-13324,TXN-201726,2026-03-10,Agriculture,Kumasi,Education,Salaried,167868.0,77246.0,67423.0,98018.0,24,54,80.8,0,Repaid,1.7,Low,Normal
CUST-11994,TXN-201727,2026-04-26,SME,Nairobi,Education,Salaried,118967.0,141498.0,7617.0,193262.0,19,26,54.3,0,Repaid,2.8,Low,Unusually high amount
CUST-11555,TXN-201728,2026-03-30,Market Trader,Kumasi,Food,Self-employed,103800.0,55318.0,20342.0,73811.0,19,15,77.1,0,Repaid,2.0,Low,Normal
CUST-10366,TXN-201729,2025-01-26,Services,Kumasi,Transport,Self-employed,131325.0,67425.0,39607.0,20286.0,29,4,83.7,0,Repaid,1.9,Low,Normal
CUST-12725,TXN-201730,2025-03-19,Market Trader,Lagos,Transport,Salaried,193334.0,450184.0,80677.0,38525.0,38,90,93.1,1,Defaulted,9.0,Low,Loan-to-income mismatch
CUST-13163,TXN-201731,2026-05-01,Retail,Kumasi,Fintech Agent,Self-employed,187471.0,271854.0,64310.0,52011.0,19,30,81.2,1,Defaulted,3.8,Low,Normal
CUST-12448,TXN-201732,2026-02-11,Retail,Kano,Health,Self-employed,67376.0,50894.0,33736.0,50784.0,30,56,77.8,0,Repaid,2.3,Low,Normal
CUST-13029,TXN-201733,2025-10-31,Agriculture,Kumasi,Shop,Salaried,117010.0,222741.0,21696.0,9780.0,29,45,89.0,0,Repaid,4.5,Low,Loan-to-income mismatch
CUST-13014,TXN-201734,2025-11-28,Market Trader,Kumasi,Transport,Informal,269923.0,573058.0,124801.0,52531.0,29,36,66.5,0,Repaid,34.1,Low,Loan-to-income mismatch
CUST-12793,TXN-201735,2025-01-25,Agriculture,Kano,Fintech Agent,Unemployed,168261.0,373048.0,89928.0,40571.0,27,79,79.4,0,Repaid,18.4,Low,Loan-to-income mismatch
CUST-11760,TXN-201736,2025-09-21,SME,Lagos,Transport,Salaried,89757.0,202063.0,45056.0,48360.0,18,87,60.8,0,Repaid,26.3,Low,Loan-to-income mismatch
CUST-10349,TXN-201737,2025-01-28,Market Trader,Lagos,Education,Unemployed,437768.0,958883.0,221350.0,31979.0,22,18,92.0,0,Repaid,17.6,Low,Loan-to-income mismatch
CUST-10011,TXN-201738,2025-11-21,Services,Accra,Food,Unemployed,160788.0,257008.0,93218.0,131396.0,19,4,43.0,0,Repaid,41.6,Medium,Loan-to-income mismatch
CUST-10715,TXN-201739,2025-10-22,Agriculture,Kumasi,Health,Self-employed,191266.0,179843.0,13969.0,74509.0,37,32,86.7,0,Repaid,1.2,Low,Normal
CUST-11508,TXN-201740,2025-11-28,Retail,Lagos,Fintech Agent,Informal,192490.0,430169.0,88397.0,9977.0,17,11,72.3,1,Defaulted,36.4,Medium,Loan-to-income mismatch
CUST-12602,TXN-201741,2025-12-22,Retail,Nairobi,Food,Contract,139471.0,63033.0,87904.0,35274.0,39,4,89.4,0,Repaid,2.2,Low,Normal
CUST-11595,TXN-201742,2026-05-31,SME,Abuja,Shop,Informal,119901.0,66513.0,45730.0,106456.0,28,77,58.0,0,Repaid,9.1,Low,Normal
CUST-10080,TXN-201743,2025-09-26,Retail,Nairobi,Food,Salaried,396767.0,453543.0,62256.0,88257.0,21,9,73.6,0,Repaid,1.8,Low,Normal
CUST-10736,TXN-201744,2026-02-24,Market Trader,Kumasi,Shop,Contract,248040.0,200847.0,161031.0,42760.0,21,8,73.1,0,Repaid,3.7,Low,Normal
CUST-13427,TXN-201745,2025-08-20,Services,Nairobi,Transport,Salaried,229857.0,355572.0,29892.0,14781.0,27,35,79.8,0,Repaid,4.6,Low,Normal
CUST-13458,TXN-201746,2026-01-21,Retail,Abuja,Food,Contract,207325.0,453994.0,47975.0,15874.0,32,55,53.1,1,Defaulted,21.4,Low,Loan-to-income mismatch
CUST-11320,TXN-201747,2025-05-23,Market Trader,Kumasi,Shop,Salaried,106789.0,135632.0,13712.0,51836.0,37,48,83.5,0,Repaid,2.0,Low,Normal
CUST-12817,TXN-201748,2025-08-12,Market Trader,Kumasi,Shop,Contract,278330.0,392332.0,87018.0,25838.0,39,72,38.8,0,Repaid,15.6,Low,High-risk repayment pattern
CUST-12517,TXN-201749,2025-11-09,Market Trader,Nairobi,Transport,Informal,114220.0,127853.0,32426.0,16843.0,25,72,60.0,0,Repaid,17.8,Low,Normal
CUST-13259,TXN-201750,2026-05-16,Market Trader,Accra,Shop,Self-employed,183319.0,320956.0,60400.0,3724.0,34,3,43.9,0,Repaid,18.0,Low,Loan-to-income mismatch
CUST-13106,TXN-201751,2026-04-09,Retail,Nairobi,Transport,Self-employed,81753.0,32990.0,49430.0,12571.0,28,73,86.9,0,Repaid,2.2,Low,Normal
CUST-12200,TXN-201752,2025-05-19,Agriculture,Accra,Shop,Salaried,69067.0,19882.0,22194.0,39837.0,30,6,79.2,0,Repaid,1.0,Low,Normal
CUST-11381,TXN-201753,2025-08-06,Agriculture,Kigali,Education,Salaried,186034.0,298356.0,64036.0,28612.0,19,87,80.2,0,Repaid,3.8,Low,Loan-to-income mismatch
CUST-12193,TXN-201754,2025-02-10,SME,Kumasi,Health,Unemployed,115865.0,158437.0,67041.0,129865.0,33,30,98.5,0,Repaid,6.5,Low,Normal
CUST-11116,TXN-201755,2025-12-25,Services,Lagos,Fintech Agent,Contract,70583.0,76536.0,37775.0,12559.0,28,87,66.3,0,Repaid,2.7,Low,Normal
CUST-11218,TXN-201756,2025-02-05,Retail,Nairobi,Education,Contract,204241.0,188201.0,34930.0,23661.0,33,95,83.0,0,Repaid,1.8,Low,Normal
CUST-12130,TXN-201757,2025-01-09,Market Trader,Abuja,Shop,Contract,396501.0,116973.0,11159.0,23153.0,13,11,73.2,0,Repaid,1.0,Low,Normal
CUST-11999,TXN-201758,2026-01-18,Agriculture,Lagos,Shop,Self-employed,291739.0,493282.0,121534.0,37224.0,30,37,70.4,0,Repaid,11.4,Low,Loan-to-income mismatch
CUST-12033,TXN-201759,2025-08-21,SME,Kumasi,Health,Self-employed,146082.0,162978.0,80675.0,37477.0,31,12,95.5,0,Repaid,1.2,Low,Normal
CUST-11346,TXN-201760,2025-04-05,Services,Accra,Health,Salaried,163361.0,190887.0,60165.0,18441.0,29,93,100.0,0,Repaid,2.3,Low,Normal
CUST-11431,TXN-201761,2026-01-29,SME,Kano,Transport,Salaried,236295.0,511212.0,36163.0,69973.0,20,48,64.2,0,Repaid,15.1,Low,Loan-to-income mismatch
CUST-10035,TXN-201762,2026-02-06,Services,Kano,Fintech Agent,Contract,260744.0,473865.0,126996.0,35894.0,27,80,87.0,0,Repaid,11.3,Low,Loan-to-income mismatch
CUST-12106,TXN-201763,2026-03-11,Retail,Kano,Education,Informal,140887.0,93995.0,62245.0,66403.0,27,57,77.7,0,Repaid,5.0,Low,Normal
CUST-12015,TXN-201764,2026-02-25,Retail,Kigali,Food,Salaried,165108.0,270597.0,62076.0,32850.0,35,81,78.0,0,Repaid,7.2,Low,Loan-to-income mismatch
CUST-13273,TXN-201765,2025-10-05,Market Trader,Nairobi,Education,Self-employed,184658.0,87455.0,104129.0,70963.0,33,58,76.4,0,Repaid,2.5,Low,Normal
CUST-11764,TXN-201766,2026-05-03,Agriculture,Nairobi,Shop,Self-employed,205382.0,125452.0,105581.0,17035.0,13,6,66.0,0,Repaid,1.5,Low,Normal
CUST-11636,TXN-201767,2025-10-20,Retail,Accra,Health,Self-employed,153908.0,271711.0,67844.0,60289.0,16,47,7.5,0,Repaid,60.6,Medium,Loan-to-income mismatch
CUST-10236,TXN-201768,2025-12-25,Retail,Nairobi,Transport,Self-employed,154750.0,71104.0,67904.0,70576.0,15,63,99.6,0,Repaid,1.0,Low,Normal
CUST-10688,TXN-201769,2025-03-13,Services,Accra,Shop,Salaried,290550.0,233030.0,127025.0,4420.0,34,94,59.5,0,Repaid,2.9,Low,Normal
CUST-11183,TXN-201770,2025-10-07,SME,Kigali,Education,Self-employed,270492.0,587967.0,94903.0,84489.0,36,80,67.7,0,Repaid,15.3,Low,Loan-to-income mismatch
CUST-11320,TXN-201771,2025-06-02,Market Trader,Lagos,Shop,Contract,198891.0,361795.0,62108.0,30982.0,19,49,68.0,0,Repaid,15.0,Low,Loan-to-income mismatch
CUST-11269,TXN-201772,2026-02-18,Retail,Nairobi,Shop,Salaried,335047.0,751644.0,156483.0,44053.0,29,77,57.9,1,Defaulted,22.1,Low,Loan-to-income mismatch
CUST-11379,TXN-201773,2025-12-11,Agriculture,Accra,Transport,Self-employed,138371.0,295792.0,55987.0,79470.0,23,89,76.3,0,Repaid,12.6,Low,Loan-to-income mismatch
CUST-12691,TXN-201774,2025-12-28,Services,Kano,Fintech Agent,Self-employed,321788.0,281219.0,105768.0,33080.0,26,84,71.2,0,Repaid,1.5,Low,Normal
CUST-10458,TXN-201775,2026-01-31,Agriculture,Kumasi,Fintech Agent,Informal,204405.0,323753.0,20399.0,16155.0,30,94,59.1,0,Repaid,14.7,Low,Loan-to-income mismatch
CUST-11162,TXN-201776,2025-11-20,Retail,Kigali,Food,Informal,642956.0,656268.0,297184.0,58116.0,22,35,74.7,1,Defaulted,11.6,Low,Normal
CUST-10570,TXN-201777,2025-02-12,SME,Abuja,Food,Self-employed,98633.0,170396.0,42114.0,47309.0,25,43,71.4,0,Repaid,13.1,Low,Loan-to-income mismatch
CUST-11077,TXN-201778,2025-04-29,Market Trader,Accra,Food,Self-employed,121841.0,116184.0,28708.0,33566.0,26,3,88.7,0,Repaid,1.8,Low,Normal
CUST-12395,TXN-201779,2026-05-11,Services,Abuja,Education,Informal,194055.0,35497.0,47443.0,31320.0,27,14,47.9,0,Repaid,8.2,Low,Normal
CUST-10163,TXN-201780,2025-12-24,Agriculture,Nairobi,Education,Salaried,192305.0,74719.0,33737.0,55508.0,31,78,57.5,0,Repaid,2.0,Low,Normal
CUST-11188,TXN-201781,2026-05-08,Agriculture,Accra,Transport,Self-employed,369187.0,698372.0,231114.0,43203.0,23,32,85.1,0,Repaid,8.7,Low,Loan-to-income mismatch
CUST-10082,TXN-201782,2025-02-05,Market Trader,Kano,Transport,Salaried,122919.0,45049.0,69071.0,33885.0,25,43,60.5,0,Repaid,2.0,Low,Normal
CUST-13342,TXN-201783,2025-04-07,Retail,Kigali,Food,Salaried,238009.0,359565.0,88887.0,48163.0,21,35,55.7,0,Repaid,9.5,Low,Normal
CUST-12545,TXN-201784,2025-12-10,Agriculture,Abuja,Transport,Informal,265199.0,552746.0,72410.0,16721.0,15,89,61.4,0,Repaid,32.8,Low,Loan-to-income mismatch
CUST-10852,TXN-201785,2025-01-24,SME,Lagos,Food,Salaried,218808.0,399378.0,105947.0,84780.0,26,85,70.2,0,Repaid,6.5,Low,Loan-to-income mismatch
CUST-10693,TXN-201786,2025-02-05,Retail,Abuja,Shop,Contract,108704.0,119339.0,38315.0,51278.0,28,71,70.3,1,Defaulted,9.9,Low,Normal
CUST-10346,TXN-201787,2025-06-25,Agriculture,Kano,Transport,Contract,293978.0,189058.0,186613.0,86050.0,22,92,68.2,0,Repaid,2.7,Low,Normal
CUST-11655,TXN-201788,2025-12-16,Retail,Abuja,Fintech Agent,Self-employed,272752.0,607701.0,14927.0,25695.0,32,53,53.5,1,Defaulted,20.6,Low,Loan-to-income mismatch
CUST-12637,TXN-201789,2026-05-10,Agriculture,Lagos,Food,Salaried,209363.0,300940.0,8710.0,22465.0,27,17,85.9,0,Repaid,1.7,Low,Normal
CUST-12044,TXN-201790,2026-05-18,Agriculture,Kigali,Food,Self-employed,177340.0,191533.0,67074.0,39093.0,30,61,95.9,0,Repaid,1.0,Low,Normal
CUST-13083,TXN-201791,2025-08-17,Retail,Kano,Transport,Informal,178969.0,406504.0,26499.0,38436.0,22,3,37.6,0,Repaid,70.7,High,Loan-to-income mismatch
CUST-11203,TXN-201792,2026-01-14,Agriculture,Kigali,Fintech Agent,Self-employed,157461.0,103505.0,63096.0,16197.0,21,41,44.0,0,Repaid,6.4,Low,Normal
CUST-10973,TXN-201793,2025-06-11,Market Trader,Kumasi,Transport,Salaried,213018.0,247498.0,109128.0,13757.0,24,80,90.1,0,Repaid,1.2,Low,Normal
CUST-11673,TXN-201794,2025-12-31,Market Trader,Nairobi,Transport,Contract,164897.0,69454.0,17645.0,68744.0,26,18,100.0,0,Repaid,1.0,Low,Normal
CUST-10707,TXN-201795,2026-04-07,Services,Kano,Food,Self-employed,113962.0,52107.0,33913.0,20297.0,24,54,33.7,0,Repaid,12.9,Low,High-risk repayment pattern
CUST-13414,TXN-201796,2025-11-23,Services,Kumasi,Health,Self-employed,104777.0,111575.0,47554.0,28249.0,33,75,86.7,0,Repaid,3.1,Low,Normal
CUST-10650,TXN-201797,2025-03-11,Market Trader,Kano,Health,Self-employed,118675.0,205693.0,64718.0,12915.0,15,72,100.0,0,Repaid,1.6,Low,Loan-to-income mismatch
CUST-11676,TXN-201798,2025-05-25,SME,Kano,Transport,Salaried,178670.0,166582.0,59443.0,194233.0,27,57,56.5,0,Repaid,4.5,Low,Unusually high amount
CUST-11827,TXN-201799,2026-05-01,Market Trader,Kigali,Transport,Salaried,160923.0,275324.0,24119.0,21306.0,21,33,100.0,0,Repaid,2.5,Low,Loan-to-income mismatch
CUST-10199,TXN-201800,2026-02-11,Agriculture,Kigali,Transport,Self-employed,178161.0,350536.0,69314.0,30676.0,26,24,68.8,0,Repaid,14.9,Low,Loan-to-income mismatch
CUST-11639,TXN-201801,2026-02-22,Market Trader,Kano,Transport,Unemployed,200856.0,427466.0,61531.0,9611.0,33,16,77.7,0,Repaid,23.3,Low,Loan-to-income mismatch
CUST-11591,TXN-201802,2025-01-27,Market Trader,Lagos,Education,Contract,125057.0,34926.0,63318.0,37657.0,27,71,59.1,0,Repaid,1.4,Low,Normal
CUST-10908,TXN-201803,2025-07-17,Retail,Accra,Transport,Self-employed,301214.0,571609.0,111453.0,117805.0,23,26,90.0,1,Defaulted,4.6,Low,Loan-to-income mismatch
CUST-10447,TXN-201804,2025-09-24,Services,Kigali,Shop,Self-employed,145446.0,73691.0,28513.0,14114.0,26,63,87.0,0,Repaid,1.0,Low,Normal
CUST-10158,TXN-201805,2026-02-11,Services,Kigali,Health,Contract,135667.0,234723.0,67191.0,38796.0,19,6,100.0,1,Defaulted,5.1,Low,Loan-to-income mismatch
CUST-10030,TXN-201806,2025-02-23,Retail,Accra,Food,Self-employed,199307.0,200322.0,68996.0,28986.0,24,29,97.9,0,Repaid,1.2,Low,Normal
CUST-11685,TXN-201807,2026-01-26,SME,Accra,Transport,Informal,75257.0,131798.0,9923.0,54990.0,34,38,71.8,0,Repaid,13.6,Low,Loan-to-income mismatch
CUST-10314,TXN-201808,2025-11-13,Market Trader,Kigali,Shop,Self-employed,116772.0,76449.0,43759.0,26359.0,29,74,100.0,0,Repaid,1.0,Low,Normal
CUST-13357,TXN-201809,2025-10-27,Retail,Abuja,Health,Salaried,245745.0,396111.0,151733.0,14301.0,35,11,96.3,0,Repaid,3.1,Low,Loan-to-income mismatch
CUST-10856,TXN-201810,2026-03-22,Retail,Abuja,Education,Self-employed,78455.0,35983.0,36440.0,47978.0,34,46,81.7,0,Repaid,2.6,Low,Normal
CUST-12283,TXN-201811,2026-02-08,Agriculture,Abuja,Transport,Salaried,260246.0,144914.0,54195.0,58004.0,32,45,54.1,0,Repaid,5.0,Low,Normal
CUST-12357,TXN-201812,2026-01-03,Market Trader,Kumasi,Health,Self-employed,307023.0,474076.0,143641.0,25539.0,24,32,44.5,0,Repaid,25.1,Low,Normal
CUST-11734,TXN-201813,2025-09-16,Market Trader,Kigali,Transport,Contract,,129277.0,27600.0,68322.0,31,77,46.0,0,Repaid,4.3,Low,Normal
CUST-13092,TXN-201814,2026-05-17,Services,Kano,Transport,Contract,183976.0,320557.0,66580.0,68936.0,20,94,55.2,0,Repaid,16.2,Low,Loan-to-income mismatch
CUST-10387,TXN-201815,2026-03-11,Retail,Kigali,Food,Salaried,260411.0,442973.0,91601.0,67731.0,33,6,96.8,0,Repaid,4.8,Low,Loan-to-income mismatch
CUST-10819,TXN-201816,2025-06-04,SME,Accra,Shop,Contract,133780.0,208700.0,23526.0,25127.0,19,89,80.8,0,Repaid,3.0,Low,Loan-to-income mismatch
CUST-10883,TXN-201817,2026-02-14,Services,Abuja,Food,Salaried,234325.0,422207.0,56042.0,49040.0,21,86,61.0,0,Repaid,7.7,Low,Loan-to-income mismatch
CUST-10473,TXN-201818,2025-10-21,Agriculture,Kigali,Health,Self-employed,122776.0,238497.0,75332.0,45835.0,20,81,69.6,0,Repaid,10.5,Low,Loan-to-income mismatch
CUST-11031,TXN-201819,2026-04-13,Retail,Kumasi,Food,Salaried,133173.0,293428.0,23688.0,20907.0,29,13,67.4,0,Repaid,8.5,Low,Loan-to-income mismatch
CUST-11094,TXN-201820,2025-07-12,Retail,Accra,Education,Self-employed,116341.0,41737.0,61038.0,27824.0,14,38,86.4,0,Repaid,1.8,Low,Normal
CUST-12676,TXN-201821,2026-02-16,Agriculture,Abuja,Food,Informal,187946.0,272303.0,82780.0,34388.0,27,63,56.2,0,Repaid,31.4,Low,Normal
CUST-11055,TXN-201822,2025-05-15,Retail,Accra,Health,Salaried,264699.0,487651.0,94115.0,26958.0,29,21,78.3,0,Repaid,7.0,Low,Loan-to-income mismatch
CUST-13068,TXN-201823,2026-04-21,SME,Abuja,Fintech Agent,Contract,150644.0,99668.0,16064.0,49829.0,23,24,77.4,0,Repaid,1.5,Low,Normal
CUST-12704,TXN-201824,2025-03-31,Retail,Kano,Education,Self-employed,95423.0,73021.0,14207.0,102950.0,26,54,56.7,0,Repaid,2.8,Low,Normal
CUST-13155,TXN-201825,2025-04-02,Agriculture,Kigali,Health,Contract,103287.0,79806.0,13712.0,18898.0,20,81,100.0,0,Repaid,2.0,Low,Normal
CUST-10368,TXN-201826,2026-05-21,Market Trader,Kigali,Education,Unemployed,192092.0,278645.0,74854.0,18554.0,22,17,66.7,0,Repaid,15.1,Low,Normal
CUST-13445,TXN-201827,2025-05-24,Market Trader,Kano,Fintech Agent,Self-employed,353108.0,350600.0,223599.0,65546.0,31,2,54.1,0,Repaid,7.0,Low,Normal
CUST-12148,TXN-201828,2025-09-25,Agriculture,Kano,Fintech Agent,Salaried,192022.0,318513.0,109963.0,35629.0,40,95,87.4,0,Repaid,5.6,Low,Loan-to-income mismatch
CUST-13438,TXN-201829,2025-08-22,Retail,Abuja,Fintech Agent,Contract,138345.0,212323.0,4968.0,44933.0,37,41,73.0,0,Repaid,2.9,Low,Normal
CUST-11241,TXN-201830,2026-02-11,SME,Abuja,Shop,Self-employed,224537.0,367969.0,43212.0,45866.0,16,9,79.4,0,Repaid,5.6,Low,Loan-to-income mismatch
CUST-13335,TXN-201831,2025-05-06,Services,Accra,Food,Contract,147180.0,108935.0,17525.0,28728.0,17,92,50.7,0,Repaid,7.0,Low,Normal
CUST-12060,TXN-201832,2025-06-24,SME,Kigali,Education,Contract,138846.0,261525.0,88122.0,51340.0,26,27,86.6,0,Repaid,7.8,Low,Loan-to-income mismatch
CUST-10251,TXN-201833,2026-04-08,Retail,Nairobi,Health,Contract,108820.0,180006.0,18329.0,45091.0,32,12,100.0,0,Repaid,3.4,Low,Loan-to-income mismatch
CUST-11435,TXN-201834,2026-04-20,Services,Kano,Education,Self-employed,294063.0,138222.0,43176.0,57629.0,17,64,49.3,0,Repaid,1.6,Low,Normal
CUST-10482,TXN-201835,2025-04-03,Retail,Nairobi,Food,Self-employed,65000.0,40585.0,26725.0,19468.0,29,73,78.4,0,Repaid,1.3,Low,Normal
CUST-13294,TXN-201836,2025-09-09,Market Trader,Accra,Education,Informal,227544.0,192990.0,84282.0,19839.0,26,13,57.9,0,Repaid,12.0,Low,Normal
CUST-11065,TXN-201837,2025-08-25,Retail,Kumasi,Education,Self-employed,133951.0,302463.0,21738.0,77416.0,19,70,100.0,0,Repaid,2.6,Low,Loan-to-income mismatch
CUST-10778,TXN-201838,2025-09-23,Agriculture,Abuja,Education,Self-employed,136989.0,123906.0,60594.0,36805.0,29,37,94.3,0,Repaid,1.8,Low,Normal
CUST-11935,TXN-201839,2025-09-27,Retail,Nairobi,Health,Self-employed,331298.0,74254.0,26873.0,30766.0,40,32,77.1,0,Repaid,1.0,Low,Normal
CUST-11488,TXN-201840,2025-01-26,Retail,Accra,Food,Salaried,120580.0,59616.0,3883.0,49117.0,23,64,49.9,0,Repaid,3.3,Low,Normal
CUST-10339,TXN-201841,2026-03-27,Market Trader,Nairobi,Education,Contract,122317.0,30753.0,8797.0,23519.0,17,7,54.3,0,Repaid,1.8,Low,Normal
CUST-12857,TXN-201842,2025-05-08,Market Trader,Abuja,Shop,Salaried,154081.0,165530.0,38500.0,63963.0,24,17,85.4,0,Repaid,2.1,Low,Normal
CUST-12960,TXN-201843,2025-05-14,Agriculture,Kigali,Education,Unemployed,193652.0,377560.0,122826.0,20936.0,38,80,47.5,0,Repaid,26.9,Low,Loan-to-income mismatch
CUST-12600,TXN-201844,2026-02-23,SME,Kano,Food,Self-employed,135188.0,159517.0,49312.0,36954.0,22,94,48.0,0,Repaid,6.7,Low,Normal
CUST-12158,TXN-201845,2026-05-16,SME,Kumasi,Shop,Salaried,84034.0,171645.0,41637.0,41561.0,29,87,72.2,0,Repaid,16.0,Low,Loan-to-income mismatch
CUST-11408,TXN-201846,2026-04-11,Retail,Accra,Transport,Contract,113143.0,32304.0,25179.0,53567.0,35,75,74.4,0,Repaid,1.0,Low,Normal
CUST-11898,TXN-201847,2025-05-31,Services,Kumasi,Fintech Agent,Informal,278775.0,340882.0,131912.0,68611.0,36,14,78.8,0,Repaid,7.2,Low,Normal
CUST-11823,TXN-201848,2026-01-20,Market Trader,Abuja,Education,Salaried,167947.0,323685.0,105587.0,49198.0,27,31,64.1,0,Repaid,14.9,Low,Loan-to-income mismatch
CUST-10578,TXN-201849,2025-03-26,Market Trader,Kigali,Shop,Salaried,196704.0,330046.0,48269.0,57763.0,28,81,88.6,0,Repaid,3.6,Low,Loan-to-income mismatch
CUST-10286,TXN-201850,2025-07-28,Retail,Abuja,Fintech Agent,Self-employed,145831.0,302347.0,94704.0,11725.0,32,69,56.5,0,Repaid,30.3,Low,Loan-to-income mismatch
CUST-10886,TXN-201851,2025-05-11,Services,Kano,Shop,Self-employed,123378.0,97211.0,52090.0,9650.0,15,80,83.3,0,Repaid,2.2,Low,Normal
CUST-11590,TXN-201852,2025-04-28,SME,Accra,Education,Salaried,329252.0,425357.0,161864.0,19686.0,20,40,75.9,0,Repaid,4.0,Low,Normal
CUST-10561,TXN-201853,2026-03-31,Retail,Accra,Shop,Self-employed,150386.0,253050.0,26899.0,37945.0,25,56,82.8,0,Repaid,2.5,Low,Loan-to-income mismatch
CUST-10373,TXN-201854,2026-04-04,Retail,Abuja,Fintech Agent,Self-employed,135102.0,74853.0,57438.0,28598.0,16,71,93.3,0,Repaid,3.3,Low,Normal
CUST-12981,TXN-201855,2025-03-20,Market Trader,Kigali,Education,Informal,257914.0,513530.0,88190.0,12853.0,35,75,63.8,0,Repaid,30.6,Low,Loan-to-income mismatch
CUST-11312,TXN-201856,2025-07-10,Retail,Kumasi,Fintech Agent,Contract,120164.0,104719.0,74806.0,2308.0,26,70,60.1,0,Repaid,8.2,Low,Normal
CUST-12044,TXN-201857,2025-01-17,SME,Kigali,Transport,Salaried,126781.0,49082.0,74794.0,77303.0,27,5,41.6,0,Repaid,2.5,Low,High-risk repayment pattern
CUST-11834,TXN-201858,2026-03-03,Market Trader,Kano,Fintech Agent,Contract,163457.0,307276.0,44118.0,76032.0,35,21,35.7,1,Defaulted,23.9,Low,Loan-to-income mismatch
CUST-12572,TXN-201859,2025-05-31,Market Trader,Kano,Fintech Agent,Self-employed,162773.0,284062.0,100354.0,58943.0,24,48,68.8,0,Repaid,10.6,Low,Loan-to-income mismatch
CUST-12589,TXN-201860,2025-11-06,Agriculture,Accra,Food,Self-employed,181505.0,388742.0,104807.0,31298.0,15,67,70.1,0,Repaid,14.8,Low,Loan-to-income mismatch
CUST-11036,TXN-201861,2025-10-08,SME,Kumasi,Education,Salaried,391798.0,846443.0,153562.0,63474.0,35,92,52.5,0,Repaid,30.4,Low,Loan-to-income mismatch
CUST-12967,TXN-201862,2025-04-13,Retail,Abuja,Food,Contract,187442.0,149640.0,13446.0,24540.0,20,30,56.3,0,Repaid,3.2,Low,Normal
CUST-11299,TXN-201863,2025-07-04,Market Trader,Nairobi,Health,Informal,65000.0,104249.0,7884.0,33728.0,28,74,99.4,0,Repaid,4.9,Low,Loan-to-income mismatch
CUST-12923,TXN-201864,2025-02-27,Services,Kigali,Education,Salaried,186660.0,447621.0,12773.0,32074.0,29,64,87.8,0,Repaid,8.3,Low,Loan-to-income mismatch
CUST-11416,TXN-201865,2025-03-24,Agriculture,Accra,Shop,Salaried,165365.0,119270.0,14558.0,44191.0,25,27,49.3,0,Repaid,4.2,Low,Normal
CUST-10388,TXN-201866,2026-03-14,Agriculture,Kano,Food,Self-employed,165752.0,203840.0,105332.0,20032.0,28,18,64.0,0,Repaid,5.2,Low,Normal
CUST-12660,TXN-201867,2025-07-07,Agriculture,Kano,Food,Unemployed,180466.0,397128.0,27731.0,118851.0,29,60,79.3,0,Repaid,28.1,Low,Loan-to-income mismatch
CUST-10105,TXN-201868,2025-08-22,Retail,Lagos,Food,Self-employed,160806.0,65743.0,73205.0,16128.0,21,32,60.7,0,Repaid,2.3,Low,Normal
CUST-12703,TXN-201869,2025-12-24,Retail,Lagos,Education,Salaried,159198.0,356717.0,67024.0,45594.0,17,21,57.4,0,Repaid,23.1,Low,Loan-to-income mismatch
CUST-10151,TXN-201870,2026-03-29,Retail,Kano,Transport,Informal,210550.0,266073.0,87930.0,61321.0,26,22,65.9,0,Repaid,23.7,Low,Normal
CUST-10723,TXN-201871,2025-08-14,Retail,Abuja,Transport,Self-employed,129615.0,280299.0,19471.0,17148.0,29,22,91.6,0,Repaid,16.2,Low,Loan-to-income mismatch
CUST-12111,TXN-201872,2026-03-26,Agriculture,Kano,Food,Self-employed,109313.0,170468.0,42084.0,8764.0,26,10,93.3,0,Repaid,4.2,Low,Loan-to-income mismatch
CUST-13295,TXN-201873,2025-10-23,Retail,Kano,Food,Salaried,579539.0,968170.0,239981.0,61936.0,20,19,58.8,0,Repaid,6.9,Low,Loan-to-income mismatch
CUST-11429,TXN-201874,2025-01-27,Market Trader,Abuja,Fintech Agent,Salaried,120492.0,228456.0,45709.0,120192.0,19,93,80.3,0,Repaid,7.2,Low,Loan-to-income mismatch
CUST-10422,TXN-201875,2026-05-04,Retail,Kano,Health,Self-employed,169746.0,55854.0,23303.0,7843.0,28,19,71.9,0,Repaid,2.4,Low,Normal
CUST-10815,TXN-201876,2025-05-16,Agriculture,Lagos,Transport,Contract,86840.0,136655.0,41295.0,119604.0,24,40,53.9,0,Repaid,12.9,Low,Loan-to-income mismatch
CUST-13136,TXN-201877,2026-01-22,Agriculture,Nairobi,Health,Contract,170914.0,381333.0,11305.0,54500.0,11,48,66.7,0,Repaid,17.4,Low,Loan-to-income mismatch
CUST-12543,TXN-201878,2026-03-26,Agriculture,Kumasi,Education,Informal,109979.0,253237.0,43162.0,33133.0,34,67,49.2,1,Defaulted,60.6,Medium,Loan-to-income mismatch
CUST-10351,TXN-201879,2026-02-19,Market Trader,Abuja,Fintech Agent,Self-employed,135153.0,314862.0,39849.0,59149.0,39,31,92.9,0,Repaid,6.3,Low,Loan-to-income mismatch
CUST-11347,TXN-201880,2025-11-11,Services,Abuja,Health,Self-employed,252440.0,407375.0,44854.0,70328.0,30,79,99.9,0,Repaid,4.9,Low,Loan-to-income mismatch
CUST-10925,TXN-201881,2025-05-29,Services,Lagos,Education,Self-employed,198440.0,314705.0,104906.0,29698.0,26,75,64.6,1,Defaulted,12.3,Low,Loan-to-income mismatch
CUST-10622,TXN-201882,2025-11-30,SME,Abuja,Transport,Self-employed,206640.0,290633.0,27031.0,228069.0,15,49,60.3,0,Repaid,6.8,Low,Unusually high amount
CUST-12962,TXN-201883,2025-09-21,SME,Kumasi,Transport,Salaried,77350.0,118250.0,47012.0,189097.0,29,86,91.0,0,Repaid,4.3,Low,Unusually high amount
CUST-12161,TXN-201884,2025-12-08,Market Trader,Lagos,Food,Informal,352039.0,541753.0,203224.0,22116.0,26,34,93.9,0,Repaid,6.6,Low,Normal
CUST-10628,TXN-201885,2025-06-27,Agriculture,Lagos,Fintech Agent,Salaried,98658.0,27047.0,24385.0,41868.0,38,47,51.9,0,Repaid,2.0,Low,Normal
CUST-12277,TXN-201886,2025-12-21,Services,Accra,Fintech Agent,Unemployed,309278.0,116689.0,65643.0,14285.0,27,58,69.3,0,Repaid,2.7,Low,Normal
CUST-11447,TXN-201887,2025-09-08,Market Trader,Kigali,Fintech Agent,Informal,249958.0,388711.0,26650.0,11303.0,43,19,70.9,1,Defaulted,26.7,Low,Loan-to-income mismatch
CUST-10215,TXN-201888,2026-05-17,Market Trader,Accra,Fintech Agent,Salaried,207416.0,182020.0,123887.0,27306.0,20,9,58.1,1,Defaulted,9.0,Low,Normal
CUST-11574,TXN-201889,2025-02-27,Retail,Abuja,Food,,113653.0,96510.0,47205.0,47577.0,25,95,78.9,0,Repaid,1.7,Low,Normal
CUST-10648,TXN-201890,2026-01-09,Services,Nairobi,Education,Contract,173454.0,105709.0,6942.0,17744.0,26,6,59.4,0,Repaid,4.9,Low,Normal
CUST-10858,TXN-201891,2025-09-25,SME,Nairobi,Shop,Self-employed,133548.0,261537.0,45664.0,93396.0,32,6,62.3,0,Repaid,22.2,Low,Loan-to-income mismatch
CUST-13076,TXN-201892,2025-10-24,Services,Nairobi,Shop,Self-employed,164752.0,382358.0,12200.0,43156.0,21,11,70.2,0,Repaid,10.7,Low,Loan-to-income mismatch
CUST-12485,TXN-201893,2025-09-29,SME,Kano,Transport,Salaried,146540.0,230599.0,55900.0,57015.0,18,53,45.2,1,Defaulted,19.6,Low,Loan-to-income mismatch
CUST-10469,TXN-201894,2025-03-12,Market Trader,Lagos,Transport,Informal,69133.0,157543.0,23550.0,19560.0,25,27,35.0,1,Defaulted,56.8,Medium,Loan-to-income mismatch
CUST-12979,TXN-201895,2025-10-24,SME,Kigali,Health,Self-employed,260706.0,558490.0,18821.0,34047.0,25,22,88.5,0,Repaid,8.7,Low,Loan-to-income mismatch
CUST-12010,TXN-201896,2025-08-05,Retail,Kigali,Fintech Agent,Self-employed,157304.0,104418.0,83999.0,33070.0,28,82,58.7,0,Repaid,5.3,Low,Normal
CUST-13061,TXN-201897,2025-05-02,Market Trader,Accra,Shop,Unemployed,132771.0,69151.0,24597.0,22355.0,33,90,100.0,0,Repaid,1.4,Low,Normal
CUST-12614,TXN-201898,2026-04-23,Market Trader,Nairobi,Health,Contract,128626.0,83571.0,46451.0,26059.0,19,84,100.0,0,Repaid,1.0,Low,Normal
CUST-11187,TXN-201899,2025-04-25,SME,Kigali,Transport,Self-employed,189199.0,74466.0,79954.0,31802.0,26,32,62.9,0,Repaid,2.4,Low,Normal
CUST-11872,TXN-201900,2025-08-06,Market Trader,Lagos,Food,Informal,111817.0,164817.0,70026.0,45977.0,24,10,100.0,0,Repaid,9.4,Low,Normal
CUST-11857,TXN-201901,2025-07-09,Market Trader,Accra,Food,Unemployed,65000.0,52486.0,21522.0,13192.0,25,92,88.9,1,Defaulted,6.2,Low,Normal
CUST-12519,TXN-201902,2025-08-23,Services,Kigali,Shop,Contract,193106.0,426122.0,115460.0,63158.0,21,53,60.4,0,Repaid,29.1,Low,Loan-to-income mismatch
CUST-10869,TXN-201903,2025-10-05,Retail,Kumasi,Health,Contract,202404.0,312059.0,49298.0,27218.0,29,93,25.5,1,Defaulted,31.9,Low,High-risk repayment pattern
CUST-11165,TXN-201904,2025-11-22,Services,Lagos,Transport,,149665.0,146423.0,83840.0,47277.0,22,17,84.4,0,Repaid,2.1,Low,Normal
CUST-10856,TXN-201905,2025-06-23,SME,Lagos,Food,Informal,100497.0,237766.0,16941.0,55842.0,25,90,72.6,0,Repaid,16.7,Low,Loan-to-income mismatch
CUST-11036,TXN-201906,2025-06-29,SME,Kano,Education,Informal,168949.0,387922.0,78682.0,18733.0,25,31,79.8,1,Defaulted,17.8,Low,Loan-to-income mismatch
CUST-10564,TXN-201907,2025-12-31,Retail,Accra,Education,Self-employed,87983.0,167918.0,6671.0,70746.0,22,76,67.9,1,Defaulted,8.2,Low,Loan-to-income mismatch
CUST-10127,TXN-201908,2025-12-26,Retail,Lagos,Transport,Self-employed,105721.0,204838.0,67790.0,109362.0,31,12,51.4,0,Repaid,19.8,Low,Loan-to-income mismatch
CUST-13290,TXN-201909,2025-10-29,Agriculture,Abuja,Health,Self-employed,118742.0,278989.0,73736.0,30390.0,30,71,64.3,0,Repaid,24.8,Low,Loan-to-income mismatch
CUST-10260,TXN-201910,2025-09-25,Services,Accra,Shop,Self-employed,231991.0,351005.0,69271.0,7647.0,18,46,84.7,0,Repaid,5.3,Low,Normal
CUST-13107,TXN-201911,2025-02-28,Market Trader,Nairobi,Health,Salaried,139763.0,298204.0,48928.0,44013.0,22,91,65.6,0,Repaid,19.4,Low,Loan-to-income mismatch
CUST-10010,TXN-201912,2025-10-20,Retail,Accra,Education,Self-employed,134847.0,43679.0,53480.0,42061.0,17,15,65.5,0,Repaid,1.0,Low,Duplicate customer details
CUST-12720,TXN-201913,2025-04-26,Agriculture,Accra,Food,Self-employed,369894.0,521557.0,71491.0,18164.0,25,23,44.7,0,Repaid,26.5,Low,Normal
CUST-11149,TXN-201914,2025-02-07,Services,Nairobi,Food,Self-employed,188723.0,244507.0,83966.0,36310.0,37,61,73.6,0,Repaid,6.1,Low,Normal
CUST-11811,TXN-201915,2025-11-08,SME,Kumasi,Transport,Informal,187658.0,49494.0,86340.0,124711.0,28,78,52.0,1,Defaulted,8.7,Low,Normal
CUST-10987,TXN-201916,2025-09-28,Retail,Abuja,Food,Salaried,139347.0,51981.0,48883.0,79600.0,30,85,88.5,0,Repaid,1.0,Low,Normal
CUST-11717,TXN-201917,2025-10-02,Market Trader,Abuja,Transport,Unemployed,126693.0,28947.0,14326.0,27072.0,22,12,58.8,0,Repaid,3.9,Low,Normal
CUST-11580,TXN-201918,2026-01-14,Services,Lagos,Education,Self-employed,65000.0,54126.0,38941.0,26687.0,26,2,66.7,0,Repaid,6.6,Low,Normal
CUST-11854,TXN-201919,2025-06-25,Retail,Lagos,Shop,Informal,244476.0,73048.0,22609.0,19915.0,21,36,100.0,0,Repaid,1.0,Low,Normal
CUST-11376,TXN-201920,2025-06-23,Retail,Nairobi,Fintech Agent,Salaried,196475.0,219937.0,81808.0,32067.0,17,11,66.5,0,Repaid,5.9,Low,Normal
CUST-11877,TXN-201921,2025-03-30,SME,Kumasi,Shop,Salaried,150957.0,299544.0,12823.0,63805.0,30,39,64.1,0,Repaid,18.3,Low,Loan-to-income mismatch
CUST-12889,TXN-201922,2025-02-09,SME,Kumasi,Health,Self-employed,153640.0,237021.0,17214.0,62077.0,28,46,82.5,0,Repaid,4.0,Low,Normal
CUST-11520,TXN-201923,2026-04-20,Retail,Accra,Food,Self-employed,221722.0,371565.0,7303.0,49358.0,25,95,39.9,0,Repaid,18.7,Low,Loan-to-income mismatch
CUST-11264,TXN-201924,2025-05-29,SME,Lagos,Food,Contract,84713.0,21174.0,21087.0,67709.0,31,5,94.5,0,Repaid,1.0,Low,Normal
CUST-10461,TXN-201925,2025-08-20,Services,Kano,Transport,Self-employed,127039.0,259636.0,53729.0,19926.0,35,32,89.9,0,Repaid,9.7,Low,Loan-to-income mismatch
CUST-11259,TXN-201926,2026-04-14,Services,Abuja,Education,Self-employed,100988.0,50953.0,35202.0,60066.0,21,33,81.4,0,Repaid,1.6,Low,Normal
CUST-10439,TXN-201927,2025-04-20,Retail,Kigali,Health,Informal,342502.0,291772.0,152400.0,78145.0,17,54,11.2,1,Defaulted,41.4,Medium,High-risk repayment pattern
CUST-10638,TXN-201928,2025-04-01,Services,Kano,Education,Salaried,235102.0,312047.0,104682.0,35837.0,35,32,67.3,0,Repaid,8.7,Low,Normal
CUST-13332,TXN-201929,2026-01-07,SME,Lagos,Shop,Salaried,65000.0,145898.0,7040.0,232109.0,18,61,49.1,0,Repaid,16.3,Low,Loan-to-income mismatch
CUST-10312,TXN-201930,2025-07-02,Retail,Abuja,Health,Contract,86182.0,206483.0,4837.0,53060.0,38,81,92.2,1,Defaulted,13.1,Low,Loan-to-income mismatch
CUST-11687,TXN-201931,2025-05-13,Retail,Kumasi,Fintech Agent,Salaried,153955.0,295210.0,63734.0,15567.0,37,65,90.9,0,Repaid,16.1,Low,Loan-to-income mismatch
CUST-12920,TXN-201932,2026-02-07,Services,Accra,Health,Self-employed,133462.0,240108.0,57593.0,28472.0,23,64,79.0,0,Repaid,6.3,Low,Loan-to-income mismatch
CUST-13336,TXN-201933,2025-05-18,Retail,Lagos,Shop,Self-employed,93317.0,126114.0,34595.0,31737.0,32,13,50.3,0,Repaid,16.3,Low,Normal
CUST-10513,TXN-201934,2025-01-03,Retail,Kano,Education,Salaried,,610618.0,64399.0,8809.0,27,85,98.9,0,Repaid,2.5,Low,Loan-to-income mismatch
CUST-10572,TXN-201935,2026-03-03,SME,Kumasi,Transport,Salaried,185585.0,92908.0,98505.0,47404.0,20,54,67.3,0,Repaid,1.7,Low,Normal
CUST-11304,TXN-201936,2026-05-16,Agriculture,Accra,Education,Salaried,198674.0,154492.0,13447.0,58521.0,15,17,100.0,0,Repaid,1.3,Low,Normal
CUST-11940,TXN-201937,2026-04-14,Retail,Accra,Health,Salaried,121705.0,287943.0,50916.0,75969.0,37,61,76.8,0,Repaid,14.2,Low,Loan-to-income mismatch
CUST-13359,TXN-201938,2025-03-01,Agriculture,Kumasi,Fintech Agent,Salaried,220434.0,519066.0,21131.0,98079.0,28,47,81.1,0,Repaid,12.3,Low,Loan-to-income mismatch
CUST-10727,TXN-201939,2025-08-30,Agriculture,Nairobi,Fintech Agent,Salaried,138721.0,124433.0,59969.0,47547.0,33,86,63.7,0,Repaid,8.9,Low,Normal
CUST-10575,TXN-201940,2026-04-02,Agriculture,Kano,Fintech Agent,Informal,144494.0,103332.0,40916.0,55339.0,18,62,97.3,0,Repaid,3.0,Low,Normal
CUST-10886,TXN-201941,2025-11-23,Agriculture,Nairobi,Shop,Informal,210370.0,145056.0,99380.0,22564.0,32,91,83.0,0,Repaid,5.1,Low,Normal
CUST-13060,TXN-201942,2025-06-04,Retail,Kigali,Shop,Salaried,82110.0,103163.0,4342.0,59615.0,26,93,98.0,0,Repaid,1.0,Low,Normal
CUST-10105,TXN-201943,2025-07-06,Services,Lagos,Health,Self-employed,318301.0,215414.0,117677.0,44716.0,21,24,75.2,0,Repaid,1.5,Low,Normal
CUST-11330,TXN-201944,2025-06-11,SME,Nairobi,Health,Self-employed,175712.0,284594.0,19552.0,44148.0,44,29,71.2,0,Repaid,5.7,Low,Loan-to-income mismatch
CUST-10416,TXN-201945,2025-11-23,Market Trader,Abuja,Health,Salaried,278729.0,96468.0,125400.0,100468.0,25,21,82.7,0,Repaid,1.1,Low,Normal
CUST-10549,TXN-201946,2025-12-03,Retail,Lagos,Transport,Salaried,103603.0,42494.0,9902.0,15457.0,23,23,98.0,0,Repaid,1.0,Low,Normal
CUST-13208,TXN-201947,2026-01-11,SME,Abuja,Food,Self-employed,110445.0,87781.0,7329.0,58855.0,20,66,90.3,0,Repaid,1.0,Low,Normal
CUST-10005,TXN-201948,2025-05-24,Retail,Kigali,Education,Salaried,99908.0,190417.0,46884.0,90322.0,31,91,74.5,1,Defaulted,8.1,Low,Loan-to-income mismatch
CUST-11125,TXN-201949,2026-01-08,SME,Kumasi,Education,Informal,180796.0,162301.0,10852.0,29277.0,35,48,38.6,0,Repaid,15.8,Low,High-risk repayment pattern
CUST-13203,TXN-201950,2025-08-15,Retail,Accra,Fintech Agent,Contract,167328.0,205012.0,27016.0,28338.0,40,77,86.6,0,Repaid,2.4,Low,Normal
CUST-12128,TXN-201951,2025-01-22,SME,Abuja,Food,Contract,133913.0,219309.0,72257.0,91806.0,30,71,46.1,0,Repaid,20.1,Low,Loan-to-income mismatch
CUST-10251,TXN-201952,2026-02-08,Retail,Accra,Fintech Agent,Informal,106307.0,205232.0,56354.0,66515.0,22,26,72.6,1,Defaulted,25.1,Low,Loan-to-income mismatch
CUST-11627,TXN-201953,2025-02-20,SME,Accra,Transport,Salaried,95610.0,82395.0,53360.0,51339.0,29,81,69.9,0,Repaid,3.0,Low,Normal
CUST-13398,TXN-201954,2025-01-05,SME,Kano,Health,Self-employed,159474.0,287492.0,35952.0,68149.0,25,47,46.5,0,Repaid,21.1,Low,Loan-to-income mismatch
CUST-11401,TXN-201955,2026-01-01,Market Trader,Accra,Shop,Salaried,133847.0,109095.0,47204.0,36306.0,20,3,78.7,1,Defaulted,3.5,Low,Normal
CUST-11850,TXN-201956,2025-02-14,Services,Nairobi,Transport,Self-employed,122033.0,196560.0,61896.0,61137.0,17,69,100.0,0,Repaid,3.8,Low,Loan-to-income mismatch
CUST-11861,TXN-201957,2025-10-02,SME,Kumasi,Shop,Salaried,311694.0,368096.0,33133.0,101135.0,25,84,66.4,0,Repaid,3.4,Low,Normal
CUST-12311,TXN-201958,2025-06-22,Agriculture,Lagos,Transport,Salaried,157223.0,351726.0,74896.0,82211.0,37,25,85.8,0,Repaid,5.5,Low,Loan-to-income mismatch
CUST-10655,TXN-201959,2026-05-02,Market Trader,Kano,Education,Contract,277456.0,654865.0,22589.0,81824.0,34,26,100.0,0,Repaid,9.7,Low,Loan-to-income mismatch
CUST-12938,TXN-201960,2025-06-09,Agriculture,Lagos,Fintech Agent,Salaried,130097.0,246996.0,77453.0,43363.0,26,70,87.5,0,Repaid,7.4,Low,Loan-to-income mismatch
CUST-13460,TXN-201961,2025-02-23,Services,Kigali,Shop,Salaried,180377.0,399054.0,76030.0,15445.0,28,93,60.4,1,Defaulted,30.9,Low,Loan-to-income mismatch
CUST-10498,TXN-201962,2025-03-12,Market Trader,Kano,Education,Informal,159006.0,76806.0,52596.0,20772.0,30,26,76.3,0,Repaid,7.3,Low,Normal
CUST-12864,TXN-201963,2026-05-26,Services,Kigali,Shop,Salaried,79778.0,130270.0,25958.0,23169.0,26,42,80.7,0,Repaid,7.3,Low,Loan-to-income mismatch
CUST-12859,TXN-201964,2026-05-12,Retail,Abuja,Transport,Salaried,296530.0,183960.0,39812.0,38008.0,26,65,97.8,0,Repaid,1.1,Low,Normal
CUST-12595,TXN-201965,2025-03-10,Agriculture,Kano,Shop,Salaried,153773.0,122230.0,36587.0,38147.0,24,82,93.9,0,Repaid,1.6,Low,Normal
CUST-11298,TXN-201966,2025-06-23,SME,Kano,Education,Self-employed,222681.0,298541.0,106461.0,28393.0,35,5,22.1,0,Repaid,25.4,Low,High-risk repayment pattern
CUST-11640,TXN-201967,2025-01-17,Retail,Kigali,Education,Informal,118675.0,216844.0,42817.0,8055.0,30,20,56.6,0,Repaid,23.1,Low,Loan-to-income mismatch
CUST-12937,TXN-201968,2026-02-28,SME,Lagos,Transport,Informal,151868.0,270586.0,53680.0,78921.0,23,86,70.7,0,Repaid,26.4,Low,Loan-to-income mismatch
CUST-10535,TXN-201969,2026-04-09,Retail,Nairobi,Health,Contract,113088.0,238638.0,16172.0,40486.0,30,51,53.7,0,Repaid,11.2,Low,Loan-to-income mismatch
CUST-12900,TXN-201970,2025-12-31,Services,Kumasi,Food,Self-employed,273517.0,388829.0,124431.0,104475.0,33,73,5.4,0,Repaid,38.1,Medium,High-risk repayment pattern
CUST-13222,TXN-201971,2025-09-18,Agriculture,Abuja,Health,Informal,185497.0,414860.0,49524.0,22514.0,33,7,58.9,1,Defaulted,33.7,Low,Loan-to-income mismatch
CUST-12386,TXN-201972,2025-07-10,SME,Nairobi,Education,Contract,189883.0,408460.0,25660.0,151224.0,26,10,71.9,1,Defaulted,13.4,Low,Loan-to-income mismatch
CUST-11194,TXN-201973,2025-05-28,Retail,Accra,Fintech Agent,Informal,287920.0,594528.0,176951.0,21790.0,26,71,62.5,0,Repaid,42.0,Medium,Loan-to-income mismatch
CUST-11957,TXN-201974,2026-01-03,Services,Accra,Health,Salaried,264518.0,182394.0,89747.0,33586.0,30,37,54.1,0,Repaid,3.5,Low,Normal
CUST-10175,TXN-201975,2025-10-23,Services,Kano,Fintech Agent,Self-employed,224458.0,305221.0,79158.0,36074.0,25,90,72.7,0,Repaid,4.6,Low,Normal
CUST-13261,TXN-201976,2025-08-29,Agriculture,Kano,Fintech Agent,Salaried,89579.0,162536.0,57175.0,10632.0,33,42,78.2,1,Defaulted,18.9,Low,Loan-to-income mismatch
CUST-11198,TXN-201977,2025-07-14,Market Trader,Nairobi,Transport,Self-employed,121518.0,285196.0,30481.0,41148.0,36,81,63.6,0,Repaid,15.1,Low,Loan-to-income mismatch
CUST-10199,TXN-201978,2026-01-12,Market Trader,Kigali,Food,Informal,106763.0,21978.0,65563.0,20633.0,24,53,96.7,0,Repaid,1.8,Low,Normal
CUST-12780,TXN-201979,2026-05-26,Market Trader,Kigali,Food,Contract,220922.0,200198.0,101139.0,70810.0,34,65,73.0,0,Repaid,4.2,Low,Normal
CUST-12301,TXN-201980,2025-03-05,Agriculture,Kano,Education,Contract,174848.0,164360.0,73235.0,56111.0,20,63,56.3,0,Repaid,6.1,Low,Normal
CUST-12179,TXN-201981,2026-02-04,Market Trader,Kumasi,Education,Salaried,90761.0,74474.0,15219.0,45358.0,19,13,51.8,0,Repaid,5.8,Low,Normal
CUST-10189,TXN-201982,2025-08-22,Retail,Kigali,Food,Self-employed,150351.0,299902.0,7909.0,28226.0,19,76,68.2,0,Repaid,13.9,Low,Loan-to-income mismatch
CUST-12627,TXN-201983,2025-12-05,Retail,Kumasi,Shop,Unemployed,86896.0,24336.0,25704.0,16730.0,32,94,92.0,0,Repaid,3.0,Low,Normal
CUST-12230,TXN-201984,2026-02-17,Market Trader,Lagos,Food,Salaried,159161.0,155651.0,4203.0,90900.0,34,38,57.2,0,Repaid,4.2,Low,Normal
CUST-12777,TXN-201985,2025-06-16,SME,Nairobi,Transport,Salaried,81206.0,142918.0,5257.0,139128.0,23,34,82.7,0,Repaid,5.4,Low,Loan-to-income mismatch
CUST-12895,TXN-201986,2025-04-14,Agriculture,Accra,Fintech Agent,Self-employed,203233.0,220094.0,80288.0,23709.0,38,58,73.7,1,Defaulted,4.2,Low,Normal
CUST-10741,TXN-201987,2025-01-14,Services,Accra,Fintech Agent,Contract,190755.0,95343.0,90879.0,62307.0,19,61,100.0,0,Repaid,1.0,Low,Normal
CUST-10737,TXN-201988,2026-05-14,Retail,Lagos,Transport,Self-employed,362703.0,557145.0,45631.0,20959.0,35,38,79.0,0,Repaid,4.6,Low,Normal
CUST-13233,TXN-201989,2026-02-16,Retail,Accra,Food,Salaried,232375.0,311428.0,111883.0,24309.0,34,27,59.4,1,Defaulted,5.1,Low,Normal
CUST-11858,TXN-201990,2026-01-07,Market Trader,Nairobi,Education,Self-employed,136268.0,321549.0,84258.0,34719.0,22,93,85.3,0,Repaid,16.2,Low,Loan-to-income mismatch
CUST-11532,TXN-201991,2025-01-25,Agriculture,Accra,Food,Contract,229484.0,422647.0,112034.0,46657.0,23,79,85.9,0,Repaid,3.2,Low,Loan-to-income mismatch
CUST-11005,TXN-201992,2026-04-22,Services,Abuja,Transport,Self-employed,90489.0,214397.0,46545.0,13581.0,30,55,64.9,0,Repaid,17.6,Low,Loan-to-income mismatch
CUST-12236,TXN-201993,2025-02-28,Retail,Nairobi,Health,Salaried,108636.0,64498.0,50130.0,8279.0,31,37,51.0,0,Repaid,6.7,Low,Normal
CUST-12638,TXN-201994,2025-05-30,Market Trader,Accra,Fintech Agent,Salaried,187198.0,350199.0,30248.0,20032.0,36,35,81.6,0,Repaid,7.1,Low,Loan-to-income mismatch
CUST-10008,TXN-201995,2025-10-31,Services,Kumasi,Health,Self-employed,65745.0,92348.0,16263.0,32340.0,19,38,73.1,0,Repaid,5.0,Low,Normal
CUST-11934,TXN-201996,2025-01-07,SME,Lagos,Food,Salaried,160234.0,282296.0,99031.0,20776.0,31,57,44.7,0,Repaid,21.7,Low,Loan-to-income mismatch
CUST-13476,TXN-201997,2026-01-26,Market Trader,Abuja,Fintech Agent,Salaried,106031.0,129142.0,46289.0,25535.0,20,2,76.6,0,Repaid,3.1,Low,Normal
CUST-10982,TXN-201998,2026-04-24,Retail,Abuja,Fintech Agent,Informal,169829.0,110645.0,87816.0,30477.0,31,63,60.5,0,Repaid,8.1,Low,Normal
CUST-10983,TXN-201999,2025-07-31,Retail,Lagos,Fintech Agent,Informal,103502.0,29139.0,65235.0,136733.0,20,56,44.7,1,Defaulted,14.9,Low,Normal
CUST-13073,TXN-202000,2025-03-04,Retail,Kano,Health,Salaried,194499.0,396972.0,32249.0,55428.0,31,15,65.7,0,Repaid,11.2,Low,Loan-to-income mismatch
CUST-10217,TXN-202001,2025-10-31,SME,Kano,Transport,Self-employed,164081.0,326337.0,36535.0,64318.0,11,25,95.1,0,Repaid,2.2,Low,Loan-to-income mismatch
CUST-11391,TXN-202002,2026-02-06,Agriculture,Lagos,Education,Self-employed,293066.0,158501.0,124912.0,28547.0,24,28,93.7,0,Repaid,1.0,Low,Normal
CUST-11603,TXN-202003,2026-05-18,Market Trader,Kumasi,Education,Self-employed,163216.0,263153.0,5769.0,81881.0,31,88,89.0,0,Repaid,2.3,Low,Loan-to-income mismatch
CUST-12792,TXN-202004,2025-05-21,SME,Accra,Health,Self-employed,117850.0,214224.0,44767.0,22930.0,28,89,76.8,0,Repaid,7.5,Low,Loan-to-income mismatch
CUST-10451,TXN-202005,2025-05-26,Retail,Kano,Shop,Self-employed,146724.0,208044.0,77686.0,61725.0,26,75,82.7,0,Repaid,4.4,Low,Normal
CUST-11519,TXN-202006,2025-02-12,Retail,Abuja,Shop,Self-employed,92542.0,81830.0,37441.0,99139.0,28,66,73.8,0,Repaid,2.1,Low,Normal
CUST-10533,TXN-202007,2025-01-23,Retail,Kano,Fintech Agent,Salaried,193026.0,412246.0,39782.0,69329.0,40,91,52.1,1,Defaulted,24.9,Low,Loan-to-income mismatch
CUST-12756,TXN-202008,2026-01-16,Retail,Abuja,Health,Contract,208509.0,334911.0,99289.0,25171.0,27,71,55.7,0,Repaid,7.0,Low,Loan-to-income mismatch
CUST-12212,TXN-202009,2025-04-25,Services,Kigali,Transport,Self-employed,459118.0,816717.0,51421.0,13099.0,40,38,61.1,0,Repaid,7.7,Low,Loan-to-income mismatch
CUST-11738,TXN-202010,2025-06-06,Retail,Accra,Fintech Agent,Salaried,125345.0,204023.0,73165.0,71594.0,22,35,97.2,0,Repaid,5.4,Low,Loan-to-income mismatch
CUST-11375,TXN-202011,2025-08-19,Retail,Kigali,Food,Self-employed,145441.0,259068.0,12155.0,62652.0,25,64,91.4,0,Repaid,4.4,Low,Loan-to-income mismatch
CUST-10536,TXN-202012,2025-02-10,Agriculture,Nairobi,Education,Salaried,127795.0,64159.0,72076.0,68640.0,30,40,52.6,0,Repaid,4.2,Low,Normal
CUST-13226,TXN-202013,2026-02-06,Market Trader,Accra,Fintech Agent,Self-employed,177920.0,396434.0,59358.0,56718.0,15,44,73.0,0,Repaid,18.8,Low,Loan-to-income mismatch
CUST-12266,TXN-202014,2025-10-21,Retail,Kano,Fintech Agent,Salaried,191054.0,155613.0,55415.0,84107.0,24,93,64.8,0,Repaid,3.7,Low,Normal
CUST-11117,TXN-202015,2025-08-05,Retail,Nairobi,Education,Self-employed,159147.0,324205.0,53381.0,33177.0,30,87,69.2,0,Repaid,13.0,Low,Loan-to-income mismatch
CUST-11448,TXN-202016,2025-05-01,Retail,Kano,Education,Self-employed,256852.0,555651.0,37534.0,42937.0,22,59,62.4,1,Defaulted,18.3,Low,Loan-to-income mismatch
CUST-12541,TXN-202017,2025-10-31,Retail,Accra,Transport,Self-employed,125601.0,204192.0,38728.0,17681.0,24,32,97.3,0,Repaid,3.6,Low,Loan-to-income mismatch
CUST-12518,TXN-202018,2026-01-07,SME,Kano,Transport,Self-employed,246272.0,371434.0,136761.0,20439.0,19,43,71.7,0,Repaid,12.6,Low,Normal
CUST-11613,TXN-202019,2025-10-19,Market Trader,Kumasi,Shop,Contract,204060.0,86131.0,107050.0,44849.0,23,32,75.9,0,Repaid,1.7,Low,Normal
CUST-11060,TXN-202020,2026-01-26,Retail,Lagos,Shop,Informal,161935.0,185968.0,19873.0,27326.0,28,41,76.0,0,Repaid,6.7,Low,Normal
CUST-12309,TXN-202021,2025-09-09,Agriculture,Abuja,Food,Self-employed,142590.0,219282.0,63346.0,86751.0,31,36,53.5,0,Repaid,14.1,Low,Normal
CUST-12303,TXN-202022,2025-03-05,Retail,Kumasi,Food,Self-employed,450990.0,163146.0,252468.0,62131.0,26,43,74.0,1,Defaulted,1.9,Low,Normal
CUST-12098,TXN-202023,2025-03-24,Market Trader,Accra,Education,Informal,115480.0,49361.0,61950.0,38921.0,17,48,91.1,1,Defaulted,5.5,Low,Normal
CUST-10254,TXN-202024,2026-02-15,Retail,Kumasi,Education,Self-employed,,440011.0,53149.0,12065.0,33,62,98.5,0,Repaid,8.6,Low,Loan-to-income mismatch
CUST-11654,TXN-202025,2025-02-05,Retail,Kumasi,Health,Self-employed,118766.0,108975.0,5974.0,20097.0,22,85,51.3,0,Repaid,3.7,Low,Normal
CUST-12148,TXN-202026,2025-08-23,SME,Kano,Transport,Contract,344538.0,329518.0,209009.0,33839.0,23,51,44.7,0,Repaid,6.3,Low,Normal
CUST-13325,TXN-202027,2025-04-15,Retail,Accra,Shop,Salaried,236208.0,174415.0,63636.0,31685.0,21,21,73.1,0,Repaid,4.1,Low,Normal
CUST-11839,TXN-202028,2026-01-26,Retail,Lagos,Shop,Salaried,122405.0,197582.0,30285.0,74720.0,25,19,92.0,0,Repaid,3.0,Low,Loan-to-income mismatch
CUST-11199,TXN-202029,2025-05-20,Market Trader,Nairobi,Health,Contract,201852.0,248324.0,100622.0,12111.0,32,63,78.5,0,Repaid,4.9,Low,Duplicate customer details
CUST-11945,TXN-202030,2026-01-29,Agriculture,Accra,Fintech Agent,Self-employed,181359.0,350886.0,33788.0,116098.0,27,95,84.2,0,Repaid,6.1,Low,Loan-to-income mismatch
CUST-10620,TXN-202031,2025-04-07,Market Trader,Abuja,Food,Self-employed,131009.0,172636.0,71517.0,58126.0,25,30,47.5,0,Repaid,17.7,Low,Normal
CUST-10317,TXN-202032,2025-11-10,Retail,Accra,Shop,Salaried,223782.0,47939.0,15198.0,18144.0,25,10,61.7,0,Repaid,1.2,Low,Normal
CUST-12373,TXN-202033,2025-04-10,Market Trader,Lagos,Fintech Agent,Informal,191666.0,239883.0,93274.0,82968.0,32,9,32.5,1,Defaulted,38.5,Medium,High-risk repayment pattern
CUST-13451,TXN-202034,2025-08-29,Market Trader,Kano,Transport,Contract,178188.0,53905.0,111982.0,52640.0,32,27,69.4,0,Repaid,1.8,Low,Normal
CUST-12961,TXN-202035,2025-11-10,Market Trader,Kigali,Education,Self-employed,159914.0,322301.0,103518.0,22817.0,25,91,33.0,1,Defaulted,66.8,High,Loan-to-income mismatch
CUST-12042,TXN-202036,2025-03-21,Market Trader,Kano,Fintech Agent,Salaried,195056.0,84327.0,117423.0,58734.0,29,75,96.0,0,Repaid,1.0,Low,Normal
CUST-10140,TXN-202037,2025-08-23,Market Trader,Kano,Fintech Agent,Self-employed,179215.0,118575.0,101898.0,16315.0,25,75,100.0,0,Repaid,1.4,Low,Normal
CUST-13457,TXN-202038,2026-01-03,Services,Accra,Transport,Salaried,166845.0,200401.0,32651.0,37065.0,16,33,74.5,0,Repaid,9.8,Low,Normal
CUST-11573,TXN-202039,2025-05-10,Agriculture,Abuja,Shop,Self-employed,124340.0,76259.0,78208.0,49784.0,25,91,44.8,0,Repaid,10.7,Low,Normal
CUST-11013,TXN-202040,2025-01-28,Retail,Abuja,Food,Unemployed,331500.0,456498.0,200417.0,19690.0,19,40,78.8,0,Repaid,13.5,Low,Normal
CUST-13123,TXN-202041,2025-05-02,Agriculture,Accra,Fintech Agent,Contract,104697.0,125924.0,37341.0,40174.0,28,39,100.0,0,Repaid,1.9,Low,Normal
CUST-12612,TXN-202042,2025-07-23,Market Trader,Kumasi,Food,Unemployed,194776.0,446933.0,53234.0,46471.0,30,90,80.6,0,Repaid,19.4,Low,Duplicate customer details
CUST-12623,TXN-202043,2025-03-15,Agriculture,Abuja,Fintech Agent,Self-employed,142272.0,53521.0,12639.0,26795.0,29,73,93.3,0,Repaid,1.1,Low,Normal
CUST-10972,TXN-202044,2026-02-20,SME,Abuja,Fintech Agent,Salaried,340786.0,497665.0,133622.0,34364.0,19,29,63.3,0,Repaid,7.8,Low,Normal
CUST-13471,TXN-202045,2025-12-23,SME,Nairobi,Education,Unemployed,111362.0,198145.0,51376.0,61244.0,29,63,56.3,1,Defaulted,32.3,Low,Loan-to-income mismatch
CUST-11585,TXN-202046,2025-09-19,Market Trader,Accra,Fintech Agent,Informal,119514.0,55375.0,32809.0,29785.0,30,34,70.7,0,Repaid,3.3,Low,Normal
CUST-11859,TXN-202047,2025-09-03,Agriculture,Kano,Fintech Agent,Self-employed,108302.0,172519.0,29870.0,91255.0,29,60,37.3,0,Repaid,17.6,Low,Loan-to-income mismatch
CUST-12628,TXN-202048,2026-02-15,SME,Nairobi,Health,Salaried,186438.0,391261.0,71068.0,81117.0,30,14,100.0,0,Repaid,5.5,Low,Loan-to-income mismatch
CUST-12309,TXN-202049,2025-12-09,SME,Kigali,Health,Contract,91429.0,176309.0,3429.0,48987.0,23,5,74.5,1,Defaulted,10.5,Low,Loan-to-income mismatch
CUST-10603,TXN-202050,2025-12-22,SME,Nairobi,Food,Salaried,133122.0,300334.0,82996.0,56245.0,30,92,87.6,1,Defaulted,13.1,Low,Loan-to-income mismatch
CUST-11058,TXN-202051,2025-07-15,Retail,Abuja,Fintech Agent,Informal,65907.0,117295.0,13355.0,26016.0,27,8,63.7,1,Defaulted,30.4,Low,Loan-to-income mismatch
CUST-11264,TXN-202052,2025-01-03,Market Trader,Kigali,Food,Contract,180048.0,189888.0,19582.0,70577.0,22,39,44.2,0,Repaid,3.3,Low,Normal
CUST-13316,TXN-202053,2025-02-13,Retail,Kano,Health,Salaried,131915.0,293300.0,3094.0,62096.0,28,20,97.7,0,Repaid,7.7,Low,Loan-to-income mismatch
CUST-12500,TXN-202054,2026-01-16,Retail,Lagos,Fintech Agent,Salaried,87118.0,59266.0,48772.0,111128.0,36,3,51.8,0,Repaid,3.6,Low,Normal
CUST-11282,TXN-202055,2026-03-01,Market Trader,Accra,Fintech Agent,Salaried,256775.0,378953.0,144775.0,40067.0,22,72,78.3,0,Repaid,8.2,Low,Normal
CUST-12571,TXN-202056,2025-02-18,Market Trader,Kigali,Fintech Agent,Contract,93975.0,176651.0,7522.0,31292.0,25,28,80.0,0,Repaid,1.9,Low,Loan-to-income mismatch
CUST-12584,TXN-202057,2025-01-22,Retail,Lagos,Transport,Salaried,227457.0,481405.0,26365.0,47843.0,22,77,73.3,0,Repaid,10.2,Low,Loan-to-income mismatch
CUST-11379,TXN-202058,2025-05-02,Retail,Lagos,Fintech Agent,Self-employed,121244.0,268522.0,36637.0,108368.0,26,53,57.9,0,Repaid,27.3,Low,Loan-to-income mismatch
CUST-11410,TXN-202059,2025-07-09,Market Trader,Lagos,Transport,Salaried,318909.0,117565.0,43689.0,26384.0,20,62,69.3,0,Repaid,1.1,Low,Normal
CUST-13130,TXN-202060,2025-04-04,Services,Nairobi,Transport,Self-employed,222974.0,399536.0,107823.0,24241.0,25,64,54.9,0,Repaid,17.4,Low,Loan-to-income mismatch
CUST-11966,TXN-202061,2025-10-29,Market Trader,Abuja,Education,Contract,106577.0,67475.0,6029.0,28727.0,19,20,86.6,0,Repaid,1.4,Low,Normal
CUST-10523,TXN-202062,2026-04-06,Agriculture,Accra,Shop,Salaried,110727.0,211449.0,40561.0,22003.0,15,44,82.3,0,Repaid,9.7,Low,Loan-to-income mismatch
CUST-12519,TXN-202063,2025-12-09,Market Trader,Lagos,Health,Salaried,209886.0,364264.0,54814.0,42911.0,33,75,71.6,0,Repaid,4.5,Low,Loan-to-income mismatch
CUST-12063,TXN-202064,2025-06-21,Retail,Kigali,Fintech Agent,Salaried,145772.0,84927.0,45614.0,31306.0,25,24,61.8,0,Repaid,4.2,Low,Normal
CUST-11781,TXN-202065,2025-09-06,Retail,Nairobi,Transport,Informal,151581.0,307540.0,43594.0,93292.0,33,12,100.0,0,Repaid,18.8,Low,Loan-to-income mismatch
CUST-12537,TXN-202066,2026-05-04,Market Trader,Accra,Transport,Self-employed,277712.0,334690.0,32351.0,15337.0,22,40,48.6,0,Repaid,11.8,Low,Normal
CUST-13174,TXN-202067,2026-02-17,Services,Kigali,Food,Salaried,118842.0,164877.0,18869.0,54041.0,38,86,44.2,0,Repaid,7.5,Low,Normal
CUST-11156,TXN-202068,2025-03-21,Market Trader,Abuja,Shop,Self-employed,169117.0,395145.0,10287.0,73578.0,37,32,70.5,0,Repaid,9.1,Low,Loan-to-income mismatch
CUST-11467,TXN-202069,2025-09-05,Market Trader,Kano,Transport,Salaried,243031.0,398014.0,22512.0,14929.0,39,38,67.4,1,Defaulted,7.0,Low,Loan-to-income mismatch
CUST-10663,TXN-202070,2025-02-12,SME,Kigali,Fintech Agent,Contract,228623.0,339873.0,145421.0,78524.0,22,13,91.8,0,Repaid,5.4,Low,Normal
CUST-12264,TXN-202071,2026-03-08,Agriculture,Accra,Fintech Agent,Salaried,152202.0,33060.0,29872.0,65096.0,31,70,83.6,0,Repaid,1.1,Low,Normal
CUST-11409,TXN-202072,2025-12-25,SME,Kano,Education,Unemployed,144157.0,89703.0,30767.0,16190.0,26,33,72.5,0,Repaid,3.6,Low,Normal
CUST-11198,TXN-202073,2025-05-08,Market Trader,Kumasi,Health,Self-employed,78409.0,18738.0,7847.0,19348.0,39,17,81.0,0,Repaid,1.0,Low,Normal
CUST-12437,TXN-202074,2026-01-21,Services,Kigali,Shop,Self-employed,104441.0,96081.0,51777.0,70572.0,19,11,80.7,0,Repaid,2.1,Low,Normal
CUST-11428,TXN-202075,2025-09-01,Market Trader,Lagos,Shop,Salaried,186039.0,175771.0,112035.0,70722.0,38,31,100.0,0,Repaid,1.1,Low,Normal
CUST-11625,TXN-202076,2026-02-15,Market Trader,Kigali,Fintech Agent,Salaried,153597.0,208482.0,79493.0,33970.0,23,21,76.6,0,Repaid,6.4,Low,Normal
CUST-11540,TXN-202077,2025-01-16,Agriculture,Accra,Shop,Salaried,167958.0,287424.0,68182.0,41051.0,24,48,59.7,0,Repaid,12.4,Low,Loan-to-income mismatch
CUST-10904,TXN-202078,2025-08-10,Services,Lagos,Health,Informal,251824.0,145591.0,134055.0,52491.0,35,42,75.6,0,Repaid,6.7,Low,Normal
CUST-10440,TXN-202079,2025-10-26,Services,Kigali,Fintech Agent,Unemployed,98847.0,149820.0,27150.0,63700.0,29,48,24.9,0,Repaid,41.2,Medium,High-risk repayment pattern
CUST-12895,TXN-202080,2025-02-23,SME,Accra,Health,Salaried,147385.0,326559.0,82754.0,62240.0,32,36,71.4,0,Repaid,21.7,Low,Loan-to-income mismatch
CUST-10321,TXN-202081,2025-07-27,Services,Abuja,Food,Unemployed,176179.0,104072.0,92153.0,63712.0,21,11,91.7,0,Repaid,2.2,Low,Normal
CUST-11137,TXN-202082,2026-01-17,Retail,Abuja,Education,Self-employed,121086.0,198966.0,2553.0,7920.0,27,75,82.8,0,Repaid,3.2,Low,Loan-to-income mismatch
CUST-12336,TXN-202083,2025-12-18,Services,Lagos,Education,Contract,296921.0,83497.0,97185.0,31033.0,35,53,77.4,0,Repaid,1.0,Low,Normal
CUST-10459,TXN-202084,2025-02-24,Agriculture,Accra,Food,Unemployed,238376.0,323988.0,44507.0,51726.0,15,19,83.7,0,Repaid,8.5,Low,Normal
CUST-12294,TXN-202085,2026-01-19,Market Trader,Abuja,Fintech Agent,Unemployed,183846.0,335743.0,13665.0,44687.0,30,9,91.9,0,Repaid,16.6,Low,Loan-to-income mismatch
CUST-12565,TXN-202086,2026-01-10,Retail,Kano,Shop,Self-employed,345787.0,88374.0,191256.0,98533.0,12,90,97.7,0,Repaid,1.0,Low,Normal
CUST-12320,TXN-202087,2025-08-12,Agriculture,Accra,Fintech Agent,Self-employed,86722.0,79848.0,2169.0,19216.0,32,88,80.1,0,Repaid,1.7,Low,Normal
CUST-11067,TXN-202088,2026-02-27,Market Trader,Kigali,Fintech Agent,Self-employed,162228.0,345394.0,77870.0,18044.0,22,19,66.3,1,Defaulted,16.4,Low,Loan-to-income mismatch
CUST-10069,TXN-202089,2025-11-10,Services,Kigali,Shop,Salaried,189826.0,129189.0,121975.0,90808.0,41,41,30.4,0,Repaid,10.3,Low,High-risk repayment pattern
CUST-13105,TXN-202090,2026-05-31,Services,Lagos,Education,Self-employed,110845.0,197834.0,35877.0,11107.0,29,56,89.6,0,Repaid,7.3,Low,Loan-to-income mismatch
CUST-11142,TXN-202091,2026-01-13,Agriculture,Kano,Education,Informal,184665.0,284231.0,46883.0,57750.0,29,43,81.3,0,Repaid,12.5,Low,Normal
CUST-12817,TXN-202092,2026-05-31,Market Trader,Abuja,Fintech Agent,Salaried,102256.0,55565.0,41074.0,54073.0,38,80,74.7,0,Repaid,1.0,Low,Normal
CUST-10692,TXN-202093,2026-03-08,Agriculture,Kano,Fintech Agent,Self-employed,217517.0,397315.0,114623.0,25461.0,27,56,59.6,0,Repaid,22.5,Low,Loan-to-income mismatch
CUST-10568,TXN-202094,2025-06-22,Agriculture,Kigali,Food,Salaried,253797.0,345474.0,43490.0,89164.0,27,26,89.4,0,Repaid,1.8,Low,Normal
CUST-12723,TXN-202095,2025-02-24,Market Trader,Kano,Transport,Self-employed,182477.0,78227.0,32470.0,35313.0,37,75,67.4,0,Repaid,1.4,Low,Normal
CUST-13289,TXN-202096,2025-11-22,Retail,Kumasi,Health,Salaried,74744.0,170985.0,30086.0,43917.0,9,84,71.4,0,Repaid,18.8,Low,Loan-to-income mismatch
CUST-13012,TXN-202097,2025-10-10,Agriculture,Nairobi,Education,Informal,108439.0,137951.0,66378.0,19560.0,31,8,71.0,0,Repaid,12.7,Low,Normal
CUST-12629,TXN-202098,2026-05-24,Market Trader,Abuja,Education,Contract,206319.0,378405.0,42918.0,21577.0,13,82,80.1,0,Repaid,13.7,Low,Loan-to-income mismatch
CUST-10863,TXN-202099,2026-04-23,Retail,Accra,Health,Salaried,164210.0,108920.0,42260.0,20165.0,30,68,51.3,0,Repaid,4.0,Low,Normal
CUST-13196,TXN-202100,2025-01-02,Retail,Nairobi,Shop,Salaried,65000.0,31496.0,41977.0,57611.0,17,88,82.1,0,Repaid,2.3,Low,Normal
CUST-12337,TXN-202101,2025-05-27,Market Trader,Kano,Shop,Salaried,274303.0,500795.0,35939.0,48087.0,36,87,59.0,0,Repaid,6.7,Low,Loan-to-income mismatch
CUST-10602,TXN-202102,2025-09-22,Market Trader,Kumasi,Food,Salaried,172370.0,288873.0,11806.0,6540.0,30,6,59.7,0,Repaid,7.2,Low,Loan-to-income mismatch
CUST-10452,TXN-202103,2025-11-21,Retail,Abuja,Food,Self-employed,115380.0,90979.0,45177.0,79572.0,35,43,87.9,0,Repaid,1.6,Low,Normal
CUST-13049,TXN-202104,2025-07-25,SME,Kigali,Shop,Salaried,247182.0,454011.0,8723.0,52615.0,30,8,54.1,0,Repaid,17.1,Low,Loan-to-income mismatch
CUST-10963,TXN-202105,2025-05-26,Services,Lagos,Transport,Self-employed,122447.0,159314.0,16368.0,10763.0,28,3,87.9,0,Repaid,1.6,Low,Normal
CUST-12680,TXN-202106,2025-08-22,SME,Kumasi,Food,Salaried,121887.0,116266.0,50216.0,137690.0,23,88,73.8,0,Repaid,5.2,Low,Normal
CUST-10485,TXN-202107,2026-02-19,SME,Kigali,Shop,,189190.0,364550.0,82391.0,45689.0,37,25,42.3,0,Repaid,27.6,Low,Loan-to-income mismatch
CUST-10981,TXN-202108,2026-05-01,Retail,Lagos,Health,Unemployed,343876.0,532753.0,117457.0,32972.0,32,7,96.6,0,Repaid,8.2,Low,Normal
CUST-10992,TXN-202109,2026-01-19,Market Trader,Accra,Shop,Informal,321871.0,420407.0,84253.0,34258.0,19,90,77.6,0,Repaid,7.3,Low,Normal
CUST-10983,TXN-202110,2025-03-25,SME,Kigali,Health,Salaried,189298.0,358965.0,72502.0,103980.0,28,40,79.1,0,Repaid,5.9,Low,Loan-to-income mismatch
CUST-12361,TXN-202111,2026-05-05,Services,Lagos,Food,Self-employed,197640.0,274625.0,84063.0,25152.0,22,13,90.1,0,Repaid,1.5,Low,Normal
CUST-13200,TXN-202112,2025-10-02,Services,Kano,Shop,Salaried,226937.0,513682.0,119413.0,76132.0,36,25,99.0,0,Repaid,8.6,Low,Loan-to-income mismatch
CUST-13186,TXN-202113,2025-12-27,Market Trader,Kigali,Education,Contract,95996.0,191616.0,49863.0,17268.0,27,3,75.6,1,Defaulted,14.6,Low,Loan-to-income mismatch
CUST-12595,TXN-202114,2025-12-16,Retail,Lagos,Education,Informal,213319.0,208024.0,93610.0,31575.0,31,65,83.1,0,Repaid,5.6,Low,Normal
CUST-10708,TXN-202115,2025-09-10,SME,Kigali,Fintech Agent,Self-employed,119574.0,144938.0,69755.0,8021.0,31,89,78.7,0,Repaid,2.6,Low,Normal
CUST-13362,TXN-202116,2025-09-30,Services,Nairobi,Food,Self-employed,186048.0,428893.0,101946.0,28796.0,29,38,65.8,0,Repaid,18.9,Low,Loan-to-income mismatch
CUST-11897,TXN-202117,2025-10-07,Services,Abuja,Fintech Agent,Informal,147925.0,320606.0,15376.0,12777.0,25,83,43.5,1,Defaulted,49.7,Medium,Loan-to-income mismatch
CUST-11910,TXN-202118,2025-03-09,Services,Abuja,Food,Salaried,200889.0,121424.0,125095.0,14635.0,22,34,75.9,0,Repaid,2.7,Low,Normal
CUST-12454,TXN-202119,2026-02-07,Retail,Kano,Fintech Agent,Contract,171032.0,134936.0,99506.0,15456.0,24,45,96.8,0,Repaid,1.9,Low,Normal
CUST-12691,TXN-202120,2025-06-11,Agriculture,Accra,Transport,Salaried,65000.0,64286.0,14442.0,35115.0,21,22,82.5,0,Repaid,1.2,Low,Normal
CUST-13335,TXN-202121,2026-01-16,Retail,Kigali,Health,Salaried,175454.0,374290.0,5740.0,40126.0,25,2,52.8,0,Repaid,15.4,Low,Loan-to-income mismatch
CUST-12038,TXN-202122,2025-01-14,Retail,Nairobi,Transport,Self-employed,213140.0,477192.0,85364.0,66201.0,19,17,91.8,0,Repaid,8.1,Low,Loan-to-income mismatch
CUST-12135,TXN-202123,2025-03-02,SME,Lagos,Shop,Salaried,196279.0,384941.0,58138.0,44651.0,29,56,66.4,1,Defaulted,15.2,Low,Loan-to-income mismatch
CUST-12609,TXN-202124,2025-05-18,Retail,Kumasi,Shop,Salaried,155891.0,123477.0,76734.0,58429.0,23,11,34.3,0,Repaid,8.9,Low,High-risk repayment pattern
CUST-10892,TXN-202125,2025-06-04,Market Trader,Kano,Food,Salaried,324392.0,697210.0,113699.0,37901.0,23,78,90.3,0,Repaid,9.1,Low,Loan-to-income mismatch
CUST-11076,TXN-202126,2025-02-23,Retail,Accra,Shop,Unemployed,185494.0,46929.0,12649.0,27340.0,21,88,55.0,0,Repaid,3.4,Low,Normal
CUST-12189,TXN-202127,2025-12-19,Retail,Accra,Health,Salaried,195599.0,218802.0,34064.0,77221.0,23,28,100.0,0,Repaid,1.4,Low,Normal
CUST-10224,TXN-202128,2025-02-04,Retail,Kumasi,Shop,Self-employed,252379.0,257007.0,145368.0,24097.0,26,27,92.7,0,Repaid,2.0,Low,Normal
CUST-11121,TXN-202129,2025-02-22,SME,Nairobi,Fintech Agent,Salaried,189527.0,259317.0,8291.0,15070.0,28,18,67.9,0,Repaid,4.1,Low,Normal
CUST-12512,TXN-202130,2025-11-14,Market Trader,Abuja,Food,Informal,111617.0,159012.0,54034.0,5471.0,23,40,80.3,0,Repaid,25.8,Low,Normal
CUST-13416,TXN-202131,2025-12-07,SME,Kano,Food,Salaried,65000.0,44226.0,13255.0,39434.0,25,87,100.0,0,Repaid,1.0,Low,Normal
CUST-11818,TXN-202132,2025-12-04,SME,Lagos,Health,Self-employed,133200.0,84464.0,40648.0,49892.0,23,38,90.0,0,Repaid,1.0,Low,Normal
CUST-11398,TXN-202133,2026-03-22,Retail,Kano,Health,Self-employed,224044.0,440004.0,79431.0,36532.0,30,74,76.3,0,Repaid,5.8,Low,Loan-to-income mismatch
CUST-11541,TXN-202134,2026-02-11,Agriculture,Kigali,Fintech Agent,Contract,140323.0,48995.0,24915.0,4940.0,24,32,100.0,0,Repaid,1.0,Low,Normal
CUST-12398,TXN-202135,2025-07-09,Retail,Nairobi,Fintech Agent,Informal,227862.0,290546.0,98148.0,51696.0,23,44,74.1,0,Repaid,9.9,Low,Normal
CUST-11905,TXN-202136,2025-11-28,Services,Kumasi,Transport,Salaried,173246.0,104893.0,79151.0,27498.0,25,48,82.5,0,Repaid,1.7,Low,Normal
CUST-10081,TXN-202137,2025-04-23,Services,Nairobi,Education,Salaried,279564.0,248655.0,20572.0,54629.0,15,87,55.1,1,Defaulted,3.0,Low,Normal
CUST-11887,TXN-202138,2026-03-01,Services,Accra,Health,Self-employed,143776.0,114387.0,36745.0,34948.0,34,48,41.9,0,Repaid,8.0,Low,High-risk repayment pattern
CUST-11400,TXN-202139,2026-03-17,SME,Lagos,Health,Self-employed,198074.0,347208.0,96850.0,78876.0,22,59,66.8,0,Repaid,15.7,Low,Loan-to-income mismatch
CUST-12452,TXN-202140,2025-10-15,Agriculture,Kumasi,Transport,Informal,201284.0,240004.0,95536.0,11694.0,19,82,72.7,0,Repaid,18.1,Low,Normal
CUST-13062,TXN-202141,2025-09-06,Retail,Lagos,Fintech Agent,Salaried,305796.0,258324.0,111035.0,63849.0,18,90,77.9,0,Repaid,2.3,Low,Normal
CUST-13368,TXN-202142,2025-11-17,Services,Abuja,Transport,Informal,79476.0,160987.0,40528.0,42137.0,40,86,46.4,1,Defaulted,44.2,Medium,Loan-to-income mismatch
CUST-12135,TXN-202143,2026-03-06,Retail,Kumasi,Health,Salaried,134251.0,49735.0,11789.0,24705.0,32,11,83.9,0,Repaid,1.0,Low,Normal
CUST-11268,TXN-202144,2026-04-16,SME,Kigali,Fintech Agent,Salaried,232438.0,437290.0,21959.0,135566.0,18,12,57.1,0,Repaid,12.6,Low,Loan-to-income mismatch
CUST-11553,TXN-202145,2025-02-10,Market Trader,Kano,Shop,Contract,311538.0,227814.0,135275.0,121563.0,19,43,83.0,1,Defaulted,2.1,Low,Normal
CUST-10617,TXN-202146,2025-11-07,Agriculture,Kano,Education,Contract,180021.0,399287.0,82234.0,21585.0,31,35,88.8,0,Repaid,11.4,Low,Loan-to-income mismatch
CUST-13275,TXN-202147,2025-04-20,Agriculture,Kumasi,Fintech Agent,Salaried,143927.0,27683.0,76735.0,57468.0,20,65,64.9,0,Repaid,1.5,Low,Normal
CUST-12965,TXN-202148,2025-02-02,Market Trader,Kano,Shop,Unemployed,223684.0,316690.0,29986.0,33381.0,34,42,54.7,0,Repaid,19.7,Low,Normal
CUST-12988,TXN-202149,2025-01-01,Retail,Abuja,Health,Salaried,234417.0,366025.0,81007.0,55566.0,23,40,99.8,0,Repaid,1.9,Low,Loan-to-income mismatch
CUST-11148,TXN-202150,2025-02-19,Agriculture,Abuja,Fintech Agent,Informal,139936.0,204531.0,61057.0,39709.0,31,10,87.7,0,Repaid,9.2,Low,Normal
CUST-11127,TXN-202151,2025-08-20,Services,Nairobi,Transport,Salaried,186975.0,371956.0,30090.0,56282.0,18,34,74.7,0,Repaid,13.8,Low,Loan-to-income mismatch
CUST-12998,TXN-202152,2026-03-18,Retail,Kumasi,Health,Salaried,267218.0,114638.0,92368.0,7601.0,30,55,98.4,0,Repaid,1.0,Low,Normal
CUST-11905,TXN-202153,2026-04-01,Agriculture,Kano,Fintech Agent,Informal,360048.0,396965.0,152020.0,46667.0,32,67,73.5,0,Repaid,7.3,Low,Normal
CUST-12466,TXN-202154,2026-02-07,Market Trader,Kigali,Food,Salaried,222325.0,466326.0,34483.0,41166.0,17,17,60.8,0,Repaid,16.7,Low,Loan-to-income mismatch
CUST-11714,TXN-202155,2025-11-29,Market Trader,Kano,Shop,Self-employed,165800.0,356966.0,42545.0,36037.0,23,58,54.0,0,Repaid,27.1,Low,Loan-to-income mismatch
CUST-11549,TXN-202156,2025-11-11,Retail,Kumasi,Transport,Informal,159100.0,204654.0,24866.0,83388.0,24,55,70.1,0,Repaid,8.1,Low,Normal
CUST-12212,TXN-202157,2025-01-10,Agriculture,Abuja,Fintech Agent,Salaried,205686.0,291804.0,121119.0,15008.0,20,28,85.9,0,Repaid,2.8,Low,Normal
CUST-12845,TXN-202158,2026-03-01,Retail,Kigali,Fintech Agent,Contract,155037.0,290830.0,26230.0,63527.0,33,85,97.0,0,Repaid,2.7,Low,Loan-to-income mismatch
CUST-11169,TXN-202159,2025-01-13,Services,Abuja,Fintech Agent,Self-employed,176248.0,336763.0,16942.0,19855.0,26,43,72.4,0,Repaid,6.8,Low,Loan-to-income mismatch
CUST-12832,TXN-202160,2026-02-11,Retail,Accra,Education,Salaried,104369.0,224554.0,4399.0,28171.0,34,26,93.8,0,Repaid,8.5,Low,Loan-to-income mismatch
CUST-10854,TXN-202161,2026-01-07,SME,Kumasi,Transport,Salaried,280622.0,576219.0,13560.0,34686.0,14,68,68.1,0,Repaid,6.3,Low,Loan-to-income mismatch
CUST-11409,TXN-202162,2025-05-17,Market Trader,Accra,Education,Salaried,100823.0,110907.0,14186.0,35655.0,19,19,57.9,0,Repaid,2.8,Low,Normal
CUST-13194,TXN-202163,2025-02-17,SME,Kumasi,Fintech Agent,Self-employed,135742.0,220235.0,54727.0,88697.0,38,60,48.5,1,Defaulted,17.6,Low,Loan-to-income mismatch
CUST-13340,TXN-202164,2026-03-31,Retail,Nairobi,Health,Self-employed,169565.0,212428.0,5277.0,39111.0,31,66,62.9,0,Repaid,3.6,Low,Normal
CUST-13233,TXN-202165,2025-04-24,Market Trader,Nairobi,Shop,Contract,375575.0,165957.0,75359.0,60829.0,27,44,49.2,0,Repaid,2.3,Low,Normal
CUST-11106,TXN-202166,2025-10-02,Market Trader,Kano,Health,Self-employed,136281.0,273125.0,7720.0,26466.0,20,21,100.0,0,Repaid,4.4,Low,Loan-to-income mismatch
CUST-12951,TXN-202167,2025-12-27,SME,Kumasi,Fintech Agent,Self-employed,123041.0,186520.0,33751.0,16393.0,26,26,79.9,0,Repaid,4.8,Low,Normal
CUST-13276,TXN-202168,2025-08-27,SME,Accra,Shop,Contract,129141.0,39875.0,6535.0,63630.0,29,22,70.3,0,Repaid,1.7,Low,Normal
CUST-13423,TXN-202169,2025-05-09,Retail,Kano,Education,Self-employed,326680.0,549687.0,131571.0,34579.0,35,12,100.0,0,Repaid,4.3,Low,Loan-to-income mismatch
CUST-10073,TXN-202170,2025-09-11,Retail,Accra,Education,Unemployed,65000.0,52551.0,29491.0,96731.0,30,95,48.6,0,Repaid,10.7,Low,Normal
CUST-12607,TXN-202171,2025-09-10,Retail,Nairobi,Education,Self-employed,106815.0,35652.0,51351.0,19278.0,21,80,69.5,0,Repaid,1.0,Low,Normal
CUST-13488,TXN-202172,2025-08-17,Retail,Kumasi,Health,Informal,512544.0,782464.0,82692.0,51206.0,29,51,100.0,0,Repaid,8.0,Low,Normal
CUST-12676,TXN-202173,2025-07-23,Retail,Lagos,Fintech Agent,Informal,208599.0,376626.0,118308.0,39252.0,20,79,69.4,0,Repaid,25.5,Low,Loan-to-income mismatch
CUST-10816,TXN-202174,2025-01-28,Retail,Lagos,Education,Self-employed,102282.0,135868.0,46526.0,12761.0,22,63,100.0,0,Repaid,6.8,Low,Normal
CUST-12669,TXN-202175,2025-06-27,SME,Kumasi,Shop,Self-employed,159914.0,30790.0,8906.0,12955.0,19,59,86.1,0,Repaid,1.0,Low,Normal
CUST-10368,TXN-202176,2025-07-08,Retail,Accra,Education,Salaried,167432.0,244565.0,49842.0,9923.0,27,69,95.5,0,Repaid,4.4,Low,Normal
CUST-11682,TXN-202177,2025-05-11,Market Trader,Accra,Education,Self-employed,232204.0,45204.0,116958.0,54974.0,20,55,96.0,0,Repaid,1.0,Low,Normal
CUST-12191,TXN-202178,2025-02-26,Agriculture,Nairobi,Transport,Self-employed,352424.0,788241.0,76075.0,33015.0,34,54,72.0,0,Repaid,12.7,Low,Loan-to-income mismatch
CUST-11597,TXN-202179,2025-07-30,Agriculture,Abuja,Health,Self-employed,191605.0,148191.0,49890.0,48217.0,26,14,63.2,1,Defaulted,4.5,Low,Normal
CUST-12449,TXN-202180,2026-04-22,SME,Abuja,Education,Salaried,129740.0,274223.0,54056.0,80124.0,18,59,69.9,0,Repaid,14.2,Low,Loan-to-income mismatch
CUST-10840,TXN-202181,2025-04-05,Retail,Kumasi,Shop,Informal,226517.0,46862.0,12448.0,6506.0,43,43,54.2,0,Repaid,4.7,Low,Normal
CUST-12121,TXN-202182,2025-12-25,SME,Nairobi,Health,Salaried,121386.0,48047.0,76372.0,147149.0,22,25,70.8,0,Repaid,2.6,Low,Unusually high amount
CUST-12256,TXN-202183,2026-05-08,Retail,Kigali,Shop,Contract,105451.0,124656.0,13701.0,73767.0,34,47,71.9,0,Repaid,2.7,Low,Normal
CUST-12218,TXN-202184,2026-05-12,SME,Kigali,Fintech Agent,Informal,77718.0,144875.0,2860.0,52825.0,18,80,100.0,0,Repaid,5.1,Low,Loan-to-income mismatch
CUST-11012,TXN-202185,2025-06-13,Services,Kano,Education,Salaried,84343.0,191668.0,1970.0,46141.0,43,45,82.7,0,Repaid,7.6,Low,Loan-to-income mismatch
CUST-11068,TXN-202186,2025-03-12,SME,Abuja,Fintech Agent,Self-employed,111691.0,149312.0,30349.0,22191.0,35,46,100.0,0,Repaid,1.6,Low,Normal
CUST-10902,TXN-202187,2026-01-12,Services,Kumasi,Food,Self-employed,99243.0,96179.0,57271.0,11803.0,25,24,33.1,1,Defaulted,11.2,Low,High-risk repayment pattern
CUST-11616,TXN-202188,2025-06-07,Retail,Abuja,Transport,Unemployed,185639.0,51777.0,99586.0,35139.0,19,77,50.1,0,Repaid,8.8,Low,Normal
CUST-12050,TXN-202189,2025-06-01,Retail,Accra,Food,Informal,98346.0,145142.0,58475.0,23980.0,30,13,65.6,1,Defaulted,14.5,Low,Normal
CUST-11268,TXN-202190,2026-01-09,Retail,Kano,Health,Self-employed,65000.0,66540.0,23158.0,40197.0,25,80,98.9,0,Repaid,1.9,Low,Normal
CUST-11434,TXN-202191,2025-05-16,Retail,Kano,Education,Unemployed,104983.0,230782.0,31779.0,28433.0,20,89,70.0,1,Defaulted,35.2,Medium,Loan-to-income mismatch
CUST-11002,TXN-202192,2025-09-25,Retail,Kigali,Food,Salaried,133495.0,166299.0,35122.0,70224.0,42,18,45.6,1,Defaulted,13.0,Low,Normal
CUST-10765,TXN-202193,2025-09-07,Services,Kano,Food,Salaried,126211.0,237187.0,6215.0,45405.0,36,54,67.6,0,Repaid,6.4,Low,Loan-to-income mismatch
CUST-12301,TXN-202194,2026-03-12,Market Trader,Nairobi,Health,Self-employed,308106.0,635631.0,182706.0,21481.0,34,57,50.4,0,Repaid,20.9,Low,Loan-to-income mismatch
CUST-12856,TXN-202195,2026-01-13,Services,Abuja,Transport,Contract,125783.0,50084.0,41834.0,50112.0,22,83,46.9,0,Repaid,6.3,Low,Normal
CUST-11017,TXN-202196,2025-07-10,Services,Kano,Shop,Salaried,235623.0,273011.0,72264.0,14140.0,16,32,100.0,0,Repaid,1.5,Low,Normal
CUST-13011,TXN-202197,2025-01-03,Agriculture,Abuja,Transport,Contract,161462.0,349412.0,55633.0,32211.0,25,65,65.7,1,Defaulted,19.5,Low,Loan-to-income mismatch
CUST-11998,TXN-202198,2025-05-09,Services,Nairobi,Transport,Salaried,159889.0,179442.0,83193.0,61100.0,33,11,75.1,0,Repaid,2.9,Low,Normal
CUST-10586,TXN-202199,2025-03-30,Retail,Nairobi,Transport,Salaried,114593.0,164400.0,18497.0,7688.0,29,79,70.3,0,Repaid,4.7,Low,Normal
CUST-11280,TXN-202200,2026-02-10,Services,Lagos,Transport,Unemployed,158786.0,336355.0,74191.0,73478.0,17,73,67.5,1,Defaulted,44.5,Medium,Loan-to-income mismatch
CUST-10026,TXN-202201,2026-02-04,SME,Kano,Health,Self-employed,118026.0,82188.0,55211.0,40455.0,22,22,56.9,0,Repaid,4.8,Low,Normal
CUST-10137,TXN-202202,2025-01-22,SME,Kigali,Transport,Self-employed,174802.0,378616.0,97053.0,99656.0,17,13,66.4,0,Repaid,17.8,Low,Loan-to-income mismatch
CUST-11176,TXN-202203,2025-07-02,SME,Accra,Shop,Contract,147381.0,156431.0,3754.0,40517.0,30,11,78.1,0,Repaid,2.8,Low,Normal
CUST-11590,TXN-202204,2025-03-19,Services,Abuja,Food,Self-employed,109454.0,163802.0,13939.0,9244.0,36,79,97.5,0,Repaid,2.4,Low,Normal
CUST-12791,TXN-202205,2026-03-18,Services,Abuja,Fintech Agent,Salaried,246865.0,224215.0,78197.0,22324.0,21,59,89.1,0,Repaid,3.7,Low,Normal
CUST-10470,TXN-202206,2026-01-08,Retail,Accra,Fintech Agent,Self-employed,194711.0,262900.0,108228.0,80796.0,28,36,50.1,0,Repaid,13.4,Low,Normal
CUST-12937,TXN-202207,2025-03-10,Retail,Abuja,Shop,Unemployed,134836.0,39023.0,84680.0,43788.0,26,53,89.8,0,Repaid,3.5,Low,Normal
CUST-10820,TXN-202208,2025-12-24,Retail,Accra,Shop,Salaried,173010.0,56207.0,68299.0,73161.0,32,54,80.6,0,Repaid,1.2,Low,Normal
CUST-10484,TXN-202209,2026-02-24,Agriculture,Kumasi,Transport,Salaried,157125.0,172945.0,24141.0,25660.0,34,11,60.8,0,Repaid,3.3,Low,Normal
CUST-12449,TXN-202210,2025-02-03,Retail,Accra,Shop,Contract,113053.0,104415.0,15408.0,21554.0,33,43,75.3,0,Repaid,2.7,Low,Normal
CUST-12710,TXN-202211,2025-11-18,SME,Kumasi,Health,Self-employed,167646.0,259358.0,70889.0,97150.0,32,59,82.3,0,Repaid,3.0,Low,Normal
CUST-12117,TXN-202212,2025-09-29,Market Trader,Lagos,Shop,Salaried,125389.0,33123.0,19102.0,32669.0,27,59,72.8,0,Repaid,1.7,Low,Normal
CUST-10404,TXN-202213,2025-03-28,Services,Accra,Shop,Self-employed,109440.0,60435.0,40323.0,41571.0,27,19,80.6,0,Repaid,1.0,Low,Normal
CUST-10403,TXN-202214,2026-04-20,Agriculture,Lagos,Transport,Informal,82326.0,53124.0,44944.0,43783.0,32,89,56.5,0,Repaid,8.4,Low,Normal
CUST-11365,TXN-202215,2025-01-07,Market Trader,Kumasi,Education,Salaried,139998.0,162103.0,37182.0,6164.0,34,12,100.0,0,Repaid,1.1,Low,Normal
CUST-11577,TXN-202216,2025-09-11,Market Trader,Accra,Shop,Salaried,206515.0,150337.0,53371.0,51372.0,29,83,37.3,0,Repaid,9.2,Low,High-risk repayment pattern
CUST-13495,TXN-202217,2026-03-31,Agriculture,Kumasi,Transport,Self-employed,121570.0,59036.0,5199.0,14273.0,17,94,82.4,0,Repaid,1.0,Low,Normal
CUST-11002,TXN-202218,2025-06-10,Retail,Kano,Education,Self-employed,469159.0,706841.0,84483.0,9285.0,41,72,78.6,0,Repaid,5.3,Low,Normal
CUST-10674,TXN-202219,2025-05-30,SME,Abuja,Fintech Agent,Salaried,236095.0,432383.0,108571.0,37141.0,23,54,83.6,0,Repaid,5.7,Low,Loan-to-income mismatch
CUST-13310,TXN-202220,2026-01-11,Services,Kumasi,Fintech Agent,Self-employed,281481.0,478882.0,69539.0,29233.0,18,20,59.2,0,Repaid,10.6,Low,Loan-to-income mismatch
CUST-10538,TXN-202221,2025-05-05,SME,Lagos,Transport,Self-employed,227295.0,180272.0,27214.0,126236.0,22,32,93.0,0,Repaid,1.0,Low,Normal
CUST-10092,TXN-202222,2025-09-17,Services,Accra,Transport,Self-employed,354408.0,736058.0,30704.0,53262.0,37,53,70.1,0,Repaid,21.7,Low,Loan-to-income mismatch
CUST-11479,TXN-202223,2025-04-05,Market Trader,Abuja,Shop,Self-employed,116945.0,179890.0,9342.0,7505.0,17,11,50.6,0,Repaid,5.8,Low,Normal
CUST-11403,TXN-202224,2025-02-05,SME,Kano,Transport,Salaried,65000.0,100396.0,28292.0,66504.0,38,68,52.3,0,Repaid,16.0,Low,Normal
CUST-12168,TXN-202225,2025-07-03,Services,Accra,Education,Salaried,134946.0,88055.0,54782.0,32426.0,23,88,74.2,0,Repaid,2.3,Low,Normal
CUST-13072,TXN-202226,2025-03-15,Agriculture,Accra,Education,Informal,205757.0,147674.0,71329.0,16184.0,18,71,43.3,0,Repaid,11.9,Low,Normal
CUST-13265,TXN-202227,2025-09-28,Services,Abuja,Food,Self-employed,173449.0,214027.0,58141.0,49576.0,26,90,100.0,0,Repaid,2.1,Low,Normal
CUST-11013,TXN-202228,2025-09-11,Agriculture,Lagos,Shop,Self-employed,182718.0,129358.0,21282.0,78120.0,21,46,90.9,0,Repaid,1.0,Low,Normal
CUST-13432,TXN-202229,2025-09-04,Retail,Accra,Fintech Agent,Self-employed,283448.0,483997.0,95063.0,40409.0,28,26,100.0,0,Repaid,2.1,Low,Loan-to-income mismatch
CUST-12214,TXN-202230,2026-05-15,Retail,Abuja,Food,Salaried,191083.0,165285.0,11037.0,29752.0,23,3,100.0,0,Repaid,1.0,Low,Normal
CUST-10243,TXN-202231,2026-03-16,Agriculture,Lagos,Fintech Agent,Informal,227645.0,117750.0,137336.0,35946.0,31,42,65.7,0,Repaid,8.0,Low,Normal
CUST-13284,TXN-202232,2025-08-12,Services,Nairobi,Health,Contract,109687.0,56662.0,6204.0,41377.0,21,12,56.4,0,Repaid,2.0,Low,Normal
CUST-10482,TXN-202233,2025-04-12,Agriculture,Accra,Health,Salaried,102738.0,47511.0,29468.0,105063.0,30,62,23.8,0,Repaid,6.4,Low,High-risk repayment pattern
CUST-12060,TXN-202234,2025-04-17,Market Trader,Lagos,Food,Salaried,320593.0,370684.0,6527.0,19675.0,23,77,64.7,0,Repaid,4.4,Low,Normal
CUST-12767,TXN-202235,2026-01-21,SME,Kano,Shop,Salaried,169800.0,31710.0,87494.0,32761.0,26,12,100.0,0,Repaid,1.0,Low,Normal
CUST-10873,TXN-202236,2026-03-12,SME,Lagos,Transport,Salaried,125272.0,173385.0,15620.0,95627.0,34,50,57.1,0,Repaid,4.4,Low,Normal
CUST-10947,TXN-202237,2026-04-15,Market Trader,Kigali,Education,Self-employed,125369.0,105590.0,75560.0,23795.0,28,52,68.2,0,Repaid,4.9,Low,Normal
CUST-11666,TXN-202238,2026-04-24,SME,Accra,Education,Salaried,123917.0,174290.0,5912.0,9271.0,30,31,62.0,0,Repaid,7.2,Low,Normal
CUST-13096,TXN-202239,2025-01-20,Services,Kigali,Shop,Self-employed,120842.0,272697.0,64904.0,78721.0,20,22,78.7,0,Repaid,21.7,Low,Loan-to-income mismatch
CUST-10782,TXN-202240,2026-03-05,SME,Kano,Fintech Agent,Self-employed,94947.0,200270.0,41177.0,122550.0,19,69,95.1,0,Repaid,6.0,Low,Loan-to-income mismatch
CUST-12322,TXN-202241,2026-01-23,Retail,Kigali,Shop,Salaried,86667.0,126506.0,15369.0,14537.0,35,23,44.3,0,Repaid,20.5,Low,Normal
CUST-11584,TXN-202242,2025-03-27,Market Trader,Kigali,Food,Salaried,149956.0,166169.0,22122.0,34711.0,33,5,47.7,0,Repaid,9.0,Low,Normal
CUST-10391,TXN-202243,2025-05-22,Retail,Kumasi,Transport,Salaried,126877.0,219544.0,31128.0,9126.0,27,58,98.8,0,Repaid,1.5,Low,Loan-to-income mismatch
CUST-12488,TXN-202244,2026-05-16,SME,Kano,Transport,Self-employed,259110.0,577652.0,140410.0,90277.0,11,8,85.2,0,Repaid,12.9,Low,Loan-to-income mismatch
CUST-12913,TXN-202245,2025-08-20,Services,Kigali,Food,Self-employed,184074.0,233184.0,103640.0,54420.0,28,31,67.3,0,Repaid,7.0,Low,Normal
CUST-12014,TXN-202246,2025-12-25,SME,Kumasi,Transport,Salaried,181940.0,72860.0,23730.0,53124.0,29,10,100.0,0,Repaid,1.0,Low,Normal
CUST-10617,TXN-202247,2025-02-01,Services,Abuja,Food,Salaried,119120.0,224031.0,28907.0,64987.0,23,53,47.4,0,Repaid,26.8,Low,Loan-to-income mismatch
CUST-10545,TXN-202248,2025-11-27,Agriculture,Lagos,Fintech Agent,Informal,154688.0,31442.0,26238.0,8600.0,26,22,88.8,0,Repaid,1.1,Low,Normal
CUST-11482,TXN-202249,2025-06-01,Market Trader,Accra,Health,Self-employed,189401.0,355600.0,18422.0,38927.0,25,26,70.8,0,Repaid,11.1,Low,Loan-to-income mismatch
CUST-11772,TXN-202250,2026-02-05,SME,Abuja,Transport,Self-employed,219872.0,81026.0,93943.0,9301.0,19,39,82.9,0,Repaid,1.2,Low,Normal
CUST-11932,TXN-202251,2025-02-27,SME,Nairobi,Education,Self-employed,156462.0,65196.0,37222.0,25566.0,26,47,29.0,0,Repaid,5.1,Low,High-risk repayment pattern
CUST-10852,TXN-202252,2026-05-29,Market Trader,Accra,Food,Salaried,256077.0,490487.0,41482.0,7667.0,31,69,67.3,0,Repaid,16.2,Low,Loan-to-income mismatch
CUST-11752,TXN-202253,2025-05-01,Retail,Accra,Transport,Contract,163302.0,279367.0,92360.0,100308.0,24,89,85.3,0,Repaid,5.6,Low,Loan-to-income mismatch
CUST-11032,TXN-202254,2025-07-30,SME,Abuja,Food,Self-employed,227066.0,324120.0,111589.0,101983.0,42,58,70.9,0,Repaid,7.1,Low,Normal
CUST-12401,TXN-202255,2025-01-17,Retail,Abuja,Shop,Salaried,132490.0,265205.0,67235.0,7299.0,29,47,94.6,1,Defaulted,6.3,Low,Loan-to-income mismatch
CUST-12787,TXN-202256,2025-02-19,Retail,Abuja,Transport,Salaried,76017.0,157358.0,3397.0,47350.0,25,56,94.0,0,Repaid,5.4,Low,Loan-to-income mismatch
CUST-12284,TXN-202257,2026-04-30,Market Trader,Kumasi,Education,Self-employed,182173.0,217820.0,108672.0,6323.0,30,49,54.7,0,Repaid,15.6,Low,Normal
CUST-10004,TXN-202258,2025-12-29,Services,Nairobi,Health,Self-employed,220717.0,527907.0,84333.0,51418.0,27,2,86.8,0,Repaid,19.2,Low,Loan-to-income mismatch
CUST-13472,TXN-202259,2026-04-07,Market Trader,Kigali,Health,Unemployed,207243.0,201819.0,69923.0,58878.0,23,48,54.1,0,Repaid,19.3,Low,Normal
CUST-10083,TXN-202260,2026-03-13,Agriculture,Kumasi,Fintech Agent,Self-employed,,108971.0,5183.0,51920.0,22,71,73.0,0,Repaid,1.0,Low,Normal
CUST-13497,TXN-202261,2025-12-02,Market Trader,Accra,Transport,Informal,140589.0,289342.0,82319.0,40445.0,28,82,83.8,0,Repaid,34.5,Low,Loan-to-income mismatch
CUST-10111,TXN-202262,2025-11-30,Retail,Kumasi,Shop,Salaried,115979.0,127875.0,42060.0,34021.0,26,10,57.0,0,Repaid,8.3,Low,Normal
CUST-11807,TXN-202263,2025-06-17,Retail,Abuja,Education,Self-employed,205197.0,435303.0,110775.0,45135.0,21,66,86.2,0,Repaid,14.4,Low,Loan-to-income mismatch
CUST-10370,TXN-202264,2025-12-28,Retail,Kigali,Education,Salaried,194679.0,61478.0,84291.0,19105.0,27,12,62.9,0,Repaid,2.0,Low,Normal
CUST-10333,TXN-202265,2026-05-02,Market Trader,Lagos,Fintech Agent,Informal,128595.0,54850.0,67116.0,40605.0,38,4,61.5,0,Repaid,7.4,Low,Normal
CUST-12391,TXN-202266,2025-05-01,Market Trader,Kigali,Shop,Self-employed,259356.0,69872.0,118408.0,26143.0,21,6,84.7,0,Repaid,1.5,Low,Normal
CUST-12547,TXN-202267,2026-05-17,SME,Lagos,Transport,Self-employed,112330.0,170344.0,67421.0,12517.0,29,13,57.0,0,Repaid,24.9,Low,Normal
CUST-10413,TXN-202268,2025-09-27,Retail,Kigali,Food,Salaried,127379.0,258164.0,20642.0,16691.0,19,9,56.0,0,Repaid,17.0,Low,Loan-to-income mismatch
CUST-13418,TXN-202269,2026-02-14,Market Trader,Nairobi,Health,Self-employed,323611.0,347528.0,47675.0,58674.0,26,56,90.7,0,Repaid,1.0,Low,Normal
CUST-11121,TXN-202270,2025-07-03,Retail,Kano,Transport,Self-employed,234405.0,89389.0,109913.0,9919.0,31,88,74.0,0,Repaid,2.2,Low,Normal
CUST-11114,TXN-202271,2025-12-18,Services,Accra,Fintech Agent,Salaried,140033.0,141307.0,47034.0,36467.0,15,73,45.8,1,Defaulted,7.9,Low,Normal
CUST-11039,TXN-202272,2025-10-15,Market Trader,Kano,Shop,Contract,183634.0,174941.0,72989.0,24924.0,18,70,87.4,0,Repaid,1.4,Low,Normal
CUST-11614,TXN-202273,2025-06-19,SME,Abuja,Fintech Agent,Self-employed,173687.0,279377.0,81004.0,22877.0,31,12,64.7,0,Repaid,9.8,Low,Loan-to-income mismatch
CUST-10622,TXN-202274,2025-01-14,Agriculture,Kano,Health,Self-employed,65000.0,105805.0,23717.0,65910.0,23,90,46.7,1,Defaulted,19.2,Low,Loan-to-income mismatch
CUST-11486,TXN-202275,2026-04-01,Retail,Kigali,Shop,Self-employed,111222.0,45458.0,57418.0,85327.0,18,49,26.9,0,Repaid,13.1,Low,High-risk repayment pattern
CUST-10734,TXN-202276,2025-12-24,Retail,Abuja,Fintech Agent,Self-employed,159316.0,177286.0,35191.0,10948.0,30,4,88.3,0,Repaid,1.7,Low,Normal
CUST-10179,TXN-202277,2025-09-15,SME,Accra,Shop,Salaried,140116.0,225080.0,78628.0,59879.0,19,62,56.5,0,Repaid,12.5,Low,Loan-to-income mismatch
CUST-11290,TXN-202278,2025-10-10,Services,Kumasi,Food,Self-employed,180554.0,136259.0,15859.0,27614.0,26,68,49.6,0,Repaid,4.2,Low,Normal
CUST-12352,TXN-202279,2025-11-23,Services,Nairobi,Health,Informal,261550.0,283447.0,109700.0,36160.0,28,39,83.5,0,Repaid,12.9,Low,Normal
CUST-12670,TXN-202280,2025-01-14,Market Trader,Kano,Food,Salaried,142195.0,219322.0,82585.0,144055.0,27,69,86.5,0,Repaid,8.5,Low,Unusually high amount
CUST-11236,TXN-202281,2025-03-31,Retail,Nairobi,Food,Informal,104379.0,112142.0,18704.0,29303.0,32,67,57.8,0,Repaid,15.1,Low,Normal
CUST-11133,TXN-202282,2026-05-26,Market Trader,Abuja,Transport,Informal,186547.0,46359.0,42142.0,18200.0,27,56,88.4,0,Repaid,2.2,Low,Normal
CUST-12756,TXN-202283,2025-01-12,Retail,Nairobi,Transport,Salaried,141892.0,95665.0,30142.0,36152.0,15,34,100.0,0,Repaid,1.0,Low,Normal
CUST-12384,TXN-202284,2025-02-26,Services,Lagos,Education,Salaried,152429.0,290057.0,57235.0,42470.0,25,95,96.2,1,Defaulted,6.3,Low,Loan-to-income mismatch
CUST-12912,TXN-202285,2026-05-25,Retail,Kigali,Food,Contract,143984.0,105350.0,40331.0,28184.0,34,60,93.4,0,Repaid,1.0,Low,Normal
CUST-13171,TXN-202286,2026-02-09,Retail,Lagos,Health,Unemployed,417305.0,832657.0,36729.0,159236.0,28,45,77.7,0,Repaid,19.8,Low,Loan-to-income mismatch
CUST-12874,TXN-202287,2025-11-17,Retail,Kigali,Education,Salaried,65000.0,79075.0,37798.0,20065.0,21,73,64.0,0,Repaid,3.6,Low,Normal
CUST-13277,TXN-202288,2026-04-19,Services,Nairobi,Education,Informal,138261.0,170045.0,20593.0,52174.0,31,24,71.0,0,Repaid,5.4,Low,Normal
CUST-11458,TXN-202289,2025-12-20,Market Trader,Lagos,Shop,Salaried,162503.0,307219.0,57928.0,82211.0,22,91,79.9,0,Repaid,3.9,Low,Loan-to-income mismatch
CUST-11381,TXN-202290,2025-02-15,Retail,Nairobi,Transport,Salaried,117233.0,120857.0,46275.0,3825.0,15,71,49.4,0,Repaid,15.3,Low,Normal
CUST-11125,TXN-202291,2025-01-27,Market Trader,Kano,Shop,Informal,237501.0,168490.0,10848.0,45009.0,21,62,58.2,0,Repaid,6.8,Low,Normal
CUST-10823,TXN-202292,2026-03-29,Retail,Kigali,Fintech Agent,Salaried,229021.0,94625.0,18390.0,20805.0,31,27,46.3,0,Repaid,1.9,Low,Normal
CUST-12620,TXN-202293,2025-08-06,Retail,Kigali,Health,Contract,159523.0,266665.0,100845.0,16791.0,30,35,76.2,0,Repaid,20.0,Low,Loan-to-income mismatch
CUST-12500,TXN-202294,2025-07-02,Services,Kigali,Transport,Salaried,145265.0,177699.0,63719.0,29218.0,38,91,73.5,0,Repaid,3.6,Low,Normal
CUST-12804,TXN-202295,2025-05-27,SME,Kumasi,Food,Self-employed,155279.0,306968.0,6389.0,126812.0,35,69,60.3,0,Repaid,14.2,Low,Loan-to-income mismatch
CUST-10585,TXN-202296,2026-02-17,SME,Kigali,Education,Informal,155747.0,186279.0,81042.0,97518.0,26,12,86.8,1,Defaulted,6.0,Low,Normal
CUST-11719,TXN-202297,2026-03-08,Market Trader,Accra,Transport,Salaried,157485.0,173372.0,53605.0,7653.0,31,77,53.2,0,Repaid,9.7,Low,Normal
CUST-10776,TXN-202298,2025-11-17,Market Trader,Lagos,Shop,Contract,150398.0,126853.0,10133.0,60260.0,29,13,59.6,0,Repaid,3.3,Low,Normal
CUST-13125,TXN-202299,2025-09-08,Agriculture,Kigali,Fintech Agent,Informal,180960.0,112689.0,81228.0,17518.0,34,40,86.0,0,Repaid,2.9,Low,Normal
CUST-10935,TXN-202300,2025-11-02,Retail,Lagos,Food,Contract,223317.0,451898.0,74720.0,82421.0,27,41,88.7,0,Repaid,4.2,Low,Loan-to-income mismatch
CUST-10503,TXN-202301,2025-07-18,SME,Kumasi,Health,Informal,97080.0,37994.0,14475.0,7779.0,20,36,57.7,0,Repaid,4.3,Low,Normal
CUST-11994,TXN-202302,2025-07-08,SME,Accra,Education,Informal,104686.0,228501.0,59980.0,76330.0,40,48,76.2,0,Repaid,23.7,Low,Loan-to-income mismatch
CUST-13076,TXN-202303,2025-03-18,Market Trader,Kano,Food,Salaried,78090.0,18721.0,15897.0,15817.0,22,16,58.0,0,Repaid,1.0,Low,Normal
CUST-13205,TXN-202304,2025-08-30,Retail,Nairobi,Education,Self-employed,234190.0,313674.0,46667.0,69869.0,12,64,68.4,0,Repaid,6.7,Low,Normal
CUST-10336,TXN-202305,2025-07-17,Services,Abuja,Transport,Self-employed,180798.0,55955.0,34686.0,92153.0,19,65,74.6,0,Repaid,1.8,Low,Normal
CUST-11140,TXN-202306,2025-05-26,Services,Kigali,Transport,Self-employed,201232.0,384500.0,101320.0,29604.0,40,82,82.1,0,Repaid,6.8,Low,Loan-to-income mismatch
CUST-10537,TXN-202307,2025-07-06,Retail,Nairobi,Health,Contract,89287.0,57994.0,41505.0,25106.0,38,43,77.7,0,Repaid,1.0,Low,Normal
CUST-11077,TXN-202308,2025-12-28,Retail,Kigali,Health,Salaried,344441.0,494737.0,202869.0,31083.0,26,51,76.9,0,Repaid,7.3,Low,Normal
CUST-11868,TXN-202309,2026-02-11,SME,Nairobi,Health,Contract,126031.0,279097.0,20730.0,50692.0,28,14,52.6,1,Defaulted,22.4,Low,Loan-to-income mismatch
CUST-10982,TXN-202310,2026-02-20,Agriculture,Nairobi,Health,Self-employed,174669.0,283200.0,90026.0,46365.0,28,34,79.0,0,Repaid,4.8,Low,Loan-to-income mismatch
CUST-10236,TXN-202311,2026-03-14,Market Trader,Kigali,Fintech Agent,Self-employed,233011.0,134184.0,88782.0,8413.0,28,54,81.9,0,Repaid,1.5,Low,Normal
CUST-11785,TXN-202312,2026-05-23,Services,Kigali,Transport,Self-employed,107524.0,209524.0,23060.0,12910.0,21,41,84.4,0,Repaid,2.3,Low,Loan-to-income mismatch
CUST-10184,TXN-202313,2025-07-15,Services,Nairobi,Shop,Salaried,129384.0,150096.0,5478.0,35524.0,18,95,59.0,0,Repaid,4.9,Low,Normal
CUST-10793,TXN-202314,2026-04-07,Retail,Nairobi,Transport,Contract,175475.0,36719.0,94044.0,37527.0,19,28,88.5,0,Repaid,1.0,Low,Normal
CUST-10001,TXN-202315,2025-07-31,Retail,Abuja,Education,Self-employed,540440.0,681289.0,92888.0,14225.0,30,6,48.3,0,Repaid,13.8,Low,Normal
CUST-10303,TXN-202316,2026-03-04,Retail,Abuja,Education,Informal,184697.0,366386.0,77203.0,79931.0,34,83,64.2,0,Repaid,33.6,Low,Loan-to-income mismatch
CUST-11527,TXN-202317,2026-05-19,Services,Kano,Transport,Contract,319551.0,362533.0,116888.0,19428.0,37,50,67.0,0,Repaid,5.2,Low,Normal
CUST-12977,TXN-202318,2026-02-09,SME,Kano,Health,Informal,270055.0,503304.0,6158.0,168288.0,36,8,49.3,0,Repaid,48.1,Medium,Loan-to-income mismatch
CUST-12711,TXN-202319,2025-07-15,Services,Kano,Fintech Agent,Contract,189959.0,331719.0,122796.0,45178.0,24,89,66.8,0,Repaid,10.2,Low,Loan-to-income mismatch
CUST-10345,TXN-202320,2025-07-14,Agriculture,Kano,Shop,Informal,,128301.0,57260.0,56775.0,19,21,76.0,0,Repaid,6.7,Low,Normal
CUST-10121,TXN-202321,2025-11-21,Agriculture,Abuja,Shop,Salaried,254002.0,228014.0,82926.0,38790.0,29,92,39.1,0,Repaid,12.4,Low,High-risk repayment pattern
CUST-11183,TXN-202322,2026-05-31,Retail,Accra,Health,Self-employed,86751.0,155537.0,38918.0,25290.0,25,34,64.9,0,Repaid,17.3,Low,Loan-to-income mismatch
CUST-12282,TXN-202323,2025-03-11,Retail,Nairobi,Food,Salaried,318815.0,318496.0,102102.0,44157.0,24,34,40.5,0,Repaid,13.9,Low,High-risk repayment pattern
CUST-12613,TXN-202324,2025-05-13,Services,Nairobi,Health,Self-employed,177017.0,98704.0,86577.0,28575.0,36,21,100.0,0,Repaid,1.0,Low,Normal
CUST-12880,TXN-202325,2025-08-10,Market Trader,Lagos,Health,Informal,65000.0,58001.0,6801.0,9947.0,38,18,75.8,0,Repaid,4.1,Low,Normal
CUST-11197,TXN-202326,2026-02-21,Services,Accra,Shop,Contract,141067.0,299991.0,42490.0,10191.0,28,77,74.3,0,Repaid,7.6,Low,Loan-to-income mismatch
CUST-10588,TXN-202327,2025-05-05,Market Trader,Accra,Health,Self-employed,214198.0,173313.0,49563.0,25204.0,28,41,76.2,0,Repaid,1.6,Low,Normal
CUST-10092,TXN-202328,2025-08-22,SME,Nairobi,Transport,Contract,147333.0,103371.0,45612.0,76074.0,36,54,82.9,0,Repaid,1.0,Low,Normal
CUST-10514,TXN-202329,2025-05-06,SME,Kigali,Education,Salaried,219762.0,104649.0,66763.0,40554.0,20,31,89.6,0,Repaid,1.0,Low,Normal
CUST-10228,TXN-202330,2026-01-01,Retail,Kano,Fintech Agent,Informal,113890.0,34451.0,12545.0,30080.0,24,41,43.9,0,Repaid,13.4,Low,Normal
CUST-13012,TXN-202331,2025-05-01,Market Trader,Nairobi,Food,Salaried,94041.0,220832.0,59734.0,48258.0,32,47,95.6,0,Repaid,8.7,Low,Loan-to-income mismatch
CUST-10939,TXN-202332,2025-02-19,Services,Kumasi,Food,Salaried,157944.0,216643.0,4700.0,24927.0,30,31,94.4,0,Repaid,2.0,Low,Normal
CUST-12880,TXN-202333,2025-09-02,Market Trader,Abuja,Fintech Agent,Salaried,164927.0,296837.0,4345.0,129772.0,30,58,70.8,0,Repaid,8.4,Low,Loan-to-income mismatch
CUST-11936,TXN-202334,2025-01-01,Market Trader,Accra,Food,Informal,140601.0,266580.0,35891.0,19396.0,35,45,69.9,0,Repaid,19.9,Low,Loan-to-income mismatch
CUST-11886,TXN-202335,2025-06-01,SME,Lagos,Education,Self-employed,272519.0,262202.0,111961.0,95701.0,23,74,16.2,0,Repaid,18.6,Low,High-risk repayment pattern
CUST-11591,TXN-202336,2026-05-14,Agriculture,Lagos,Transport,Self-employed,113881.0,222475.0,15167.0,35264.0,19,75,49.6,0,Repaid,25.6,Low,Loan-to-income mismatch
CUST-12867,TXN-202337,2026-02-26,Agriculture,Kano,Education,Self-employed,185633.0,429647.0,66069.0,182307.0,31,61,81.3,1,Defaulted,12.9,Low,Loan-to-income mismatch
CUST-10152,TXN-202338,2025-11-21,Market Trader,Kigali,Shop,Salaried,167468.0,305916.0,79605.0,23591.0,27,11,93.6,0,Repaid,7.8,Low,Loan-to-income mismatch
CUST-10324,TXN-202339,2025-08-20,Market Trader,Kumasi,Fintech Agent,Salaried,84641.0,148972.0,6708.0,53356.0,31,85,85.1,0,Repaid,10.1,Low,Loan-to-income mismatch
CUST-11481,TXN-202340,2026-02-22,Market Trader,Kumasi,Education,Salaried,93527.0,106580.0,59875.0,31828.0,27,67,70.6,0,Repaid,4.3,Low,Normal
CUST-11380,TXN-202341,2025-01-29,Services,Nairobi,Food,Self-employed,163571.0,334949.0,37968.0,4285.0,33,71,100.0,0,Repaid,4.1,Low,Loan-to-income mismatch
CUST-11909,TXN-202342,2025-08-13,Services,Accra,Health,Salaried,374035.0,141093.0,158861.0,34074.0,30,63,90.1,0,Repaid,1.0,Low,Normal
CUST-12582,TXN-202343,2025-08-15,SME,Accra,Education,Self-employed,207584.0,382847.0,18631.0,37786.0,22,50,64.9,0,Repaid,7.9,Low,Loan-to-income mismatch
CUST-12056,TXN-202344,2025-01-09,Market Trader,Abuja,Food,Self-employed,78845.0,77554.0,36819.0,40206.0,20,54,100.0,0,Repaid,1.3,Low,Normal
CUST-10901,TXN-202345,2025-02-21,Services,Abuja,Transport,Self-employed,65000.0,93370.0,35717.0,18535.0,28,13,52.3,0,Repaid,21.0,Low,Normal
CUST-11145,TXN-202346,2025-08-11,Retail,Kigali,Shop,Informal,221435.0,478827.0,19116.0,3520.0,28,88,45.5,0,Repaid,44.7,Medium,Loan-to-income mismatch
CUST-12633,TXN-202347,2025-03-17,Retail,Kumasi,Transport,Salaried,156309.0,238081.0,15521.0,102430.0,26,77,64.4,0,Repaid,15.4,Low,Normal
CUST-10705,TXN-202348,2026-05-26,Market Trader,Lagos,Food,Self-employed,262848.0,62240.0,51797.0,20507.0,33,87,58.3,0,Repaid,1.6,Low,Normal
CUST-11764,TXN-202349,2025-03-11,SME,Kano,Food,Salaried,112431.0,200597.0,3094.0,93204.0,25,69,65.4,0,Repaid,13.5,Low,Loan-to-income mismatch
CUST-11885,TXN-202350,2025-01-16,Retail,Nairobi,Fintech Agent,Informal,188544.0,422798.0,120897.0,35164.0,30,26,86.4,0,Repaid,41.8,Medium,Loan-to-income mismatch
CUST-12625,TXN-202351,2026-02-14,Market Trader,Nairobi,Food,Informal,232209.0,372757.0,92183.0,39757.0,16,33,71.4,0,Repaid,17.4,Low,Loan-to-income mismatch
CUST-12500,TXN-202352,2025-07-29,Agriculture,Kumasi,Food,Salaried,134870.0,282196.0,54323.0,37367.0,21,83,71.9,0,Repaid,15.3,Low,Loan-to-income mismatch
CUST-11626,TXN-202353,2025-08-10,SME,Lagos,Shop,Salaried,136086.0,273826.0,84938.0,40185.0,32,23,73.1,0,Repaid,19.0,Low,Loan-to-income mismatch
CUST-11082,TXN-202354,2025-05-18,Retail,Kano,Shop,Salaried,164491.0,344127.0,89512.0,39947.0,27,59,30.4,1,Defaulted,38.0,Medium,Loan-to-income mismatch
CUST-11287,TXN-202355,2025-01-01,Retail,Kano,Food,Salaried,204418.0,192951.0,108949.0,64960.0,24,63,44.7,1,Defaulted,16.9,Low,Normal
CUST-11440,TXN-202356,2026-01-06,Agriculture,Abuja,Food,Salaried,161778.0,199415.0,37838.0,35268.0,24,19,65.1,0,Repaid,3.9,Low,Normal
CUST-10767,TXN-202357,2025-09-22,Retail,Kano,Education,Salaried,245016.0,505378.0,56590.0,73697.0,37,9,56.8,0,Repaid,14.6,Low,Loan-to-income mismatch
CUST-12188,TXN-202358,2025-07-24,Retail,Kano,Fintech Agent,Salaried,134053.0,295062.0,27319.0,27282.0,27,5,67.8,0,Repaid,11.9,Low,Loan-to-income mismatch
CUST-10729,TXN-202359,2025-04-14,Services,Kumasi,Shop,Salaried,93160.0,47138.0,22211.0,31805.0,13,76,97.3,0,Repaid,1.0,Low,Normal
CUST-12270,TXN-202360,2025-03-11,SME,Kano,Shop,Self-employed,373372.0,217677.0,94385.0,21092.0,28,29,70.7,0,Repaid,2.3,Low,Normal
CUST-12630,TXN-202361,2026-01-06,Market Trader,Kano,Education,Salaried,126254.0,119936.0,13661.0,42144.0,26,23,48.2,0,Repaid,4.6,Low,Normal
CUST-13366,TXN-202362,2025-02-04,SME,Kigali,Shop,Self-employed,128188.0,242283.0,31310.0,48338.0,19,87,57.7,0,Repaid,13.7,Low,Loan-to-income mismatch
CUST-10416,TXN-202363,2026-05-01,SME,Kano,Transport,Informal,158318.0,336023.0,47725.0,59413.0,29,57,100.0,0,Repaid,8.3,Low,Loan-to-income mismatch
CUST-12659,TXN-202364,2025-10-04,Market Trader,Abuja,Health,Salaried,167412.0,245783.0,35975.0,84458.0,22,4,99.6,0,Repaid,3.3,Low,Normal
CUST-10300,TXN-202365,2025-03-29,SME,Nairobi,Shop,Salaried,138357.0,59695.0,17180.0,49068.0,33,30,82.7,0,Repaid,1.3,Low,Normal
CUST-11180,TXN-202366,2026-04-02,SME,Abuja,Education,Informal,161567.0,138030.0,41240.0,125943.0,27,46,43.9,1,Defaulted,14.4,Low,Normal
CUST-10617,TXN-202367,2025-05-23,Retail,Abuja,Shop,Salaried,160059.0,333337.0,51695.0,20047.0,28,46,77.5,0,Repaid,9.6,Low,Loan-to-income mismatch
CUST-10567,TXN-202368,2025-06-04,Market Trader,Nairobi,Health,Salaried,175155.0,166673.0,83034.0,18713.0,29,75,78.9,0,Repaid,2.4,Low,Normal
CUST-10613,TXN-202369,2026-01-03,Market Trader,Abuja,Health,Self-employed,65000.0,26535.0,30425.0,17722.0,17,77,72.5,0,Repaid,1.4,Low,Normal
CUST-10153,TXN-202370,2025-03-04,Agriculture,Lagos,Shop,Salaried,358602.0,305024.0,52965.0,11747.0,32,4,61.7,0,Repaid,2.3,Low,Normal
CUST-12880,TXN-202371,2025-11-23,Agriculture,Lagos,Education,Self-employed,152992.0,301530.0,6593.0,35405.0,29,28,65.5,0,Repaid,7.3,Low,Loan-to-income mismatch
CUST-10213,TXN-202372,2025-05-22,Agriculture,Nairobi,Food,Contract,207702.0,264929.0,43907.0,46838.0,25,58,60.5,0,Repaid,8.8,Low,Normal
CUST-11394,TXN-202373,2026-03-04,Market Trader,Abuja,Fintech Agent,Self-employed,91235.0,51173.0,10857.0,108404.0,25,5,51.4,0,Repaid,4.8,Low,Normal
CUST-12447,TXN-202374,2025-08-28,SME,Kano,Shop,Contract,133543.0,116722.0,35969.0,47562.0,33,55,96.6,0,Repaid,1.0,Low,Normal
CUST-13466,TXN-202375,2025-12-01,SME,Accra,Health,Salaried,122716.0,281873.0,78169.0,132461.0,26,9,87.9,0,Repaid,15.8,Low,Loan-to-income mismatch
CUST-12987,TXN-202376,2025-08-27,Market Trader,Abuja,Education,Salaried,301729.0,343653.0,40454.0,13706.0,25,55,66.9,0,Repaid,2.6,Low,Normal
CUST-10480,TXN-202377,2025-04-09,Services,Abuja,Fintech Agent,Self-employed,127256.0,147662.0,28110.0,19359.0,30,9,78.3,0,Repaid,4.0,Low,Normal
CUST-13457,TXN-202378,2025-06-15,Market Trader,Lagos,Health,Self-employed,223774.0,116321.0,106700.0,28510.0,17,71,79.0,0,Repaid,1.8,Low,Normal
CUST-12287,TXN-202379,2026-03-08,SME,Lagos,Transport,Contract,123850.0,106029.0,42206.0,23132.0,24,45,100.0,0,Repaid,1.0,Low,Normal
CUST-10628,TXN-202380,2025-09-21,Agriculture,Kigali,Shop,Self-employed,134578.0,267622.0,6416.0,38218.0,33,91,87.7,0,Repaid,5.9,Low,Loan-to-income mismatch
CUST-11570,TXN-202381,2025-03-24,Agriculture,Kigali,Education,Salaried,146806.0,282655.0,17890.0,11019.0,25,9,87.0,0,Repaid,8.3,Low,Loan-to-income mismatch
CUST-13212,TXN-202382,2025-02-04,Market Trader,Kumasi,Fintech Agent,Informal,279069.0,320038.0,170011.0,33262.0,36,83,72.7,0,Repaid,6.7,Low,Normal
CUST-11375,TXN-202383,2025-02-13,Market Trader,Accra,Education,Salaried,73590.0,159242.0,6255.0,31708.0,19,40,64.2,0,Repaid,19.5,Low,Loan-to-income mismatch
CUST-10642,TXN-202384,2026-02-25,SME,Nairobi,Education,Unemployed,93660.0,95924.0,39347.0,67928.0,33,47,96.9,0,Repaid,3.2,Low,Normal
CUST-13062,TXN-202385,2026-04-30,Market Trader,Nairobi,Education,Salaried,71835.0,150768.0,37294.0,77812.0,23,67,83.7,0,Repaid,16.5,Low,Loan-to-income mismatch
CUST-13335,TXN-202386,2025-09-17,SME,Accra,Food,Self-employed,103079.0,25778.0,19299.0,31785.0,35,60,57.1,0,Repaid,2.8,Low,Normal
CUST-13414,TXN-202387,2025-10-29,Agriculture,Nairobi,Fintech Agent,Self-employed,115743.0,110054.0,55186.0,96683.0,36,84,80.2,0,Repaid,1.9,Low,Normal
CUST-13344,TXN-202388,2025-09-25,Retail,Lagos,Transport,Self-employed,82613.0,171691.0,10495.0,74064.0,26,80,87.1,0,Repaid,5.0,Low,Loan-to-income mismatch
CUST-13055,TXN-202389,2025-06-20,SME,Abuja,Education,Contract,119570.0,260771.0,23841.0,67401.0,21,22,34.3,0,Repaid,38.2,Medium,Loan-to-income mismatch
CUST-11590,TXN-202390,2026-02-01,Retail,Nairobi,Fintech Agent,Self-employed,69830.0,129832.0,15115.0,13178.0,29,27,55.4,1,Defaulted,19.3,Low,Loan-to-income mismatch
CUST-10673,TXN-202391,2025-05-13,Agriculture,Accra,Transport,Self-employed,106133.0,176935.0,68748.0,37627.0,31,84,78.5,0,Repaid,10.0,Low,Loan-to-income mismatch
CUST-12160,TXN-202392,2026-01-14,Retail,Nairobi,Food,Informal,269460.0,536339.0,41815.0,15357.0,20,78,37.4,0,Repaid,51.0,Medium,Loan-to-income mismatch
CUST-10772,TXN-202393,2025-02-13,Market Trader,Accra,Health,Salaried,192819.0,337583.0,19552.0,49767.0,25,93,40.2,0,Repaid,14.7,Low,Loan-to-income mismatch
CUST-11656,TXN-202394,2025-10-26,Retail,Lagos,Shop,Self-employed,176088.0,131075.0,106214.0,27756.0,23,88,67.1,0,Repaid,4.0,Low,Normal
CUST-12296,TXN-202395,2025-10-16,Market Trader,Abuja,Transport,Contract,106813.0,129783.0,13033.0,72198.0,33,60,80.8,0,Repaid,2.6,Low,Normal
CUST-13313,TXN-202396,2025-03-10,SME,Accra,Health,Salaried,85378.0,140598.0,49002.0,119244.0,23,92,81.7,0,Repaid,4.0,Low,Loan-to-income mismatch
CUST-11011,TXN-202397,2026-03-26,Market Trader,Lagos,Shop,Salaried,100867.0,149780.0,43351.0,52513.0,23,71,100.0,0,Repaid,3.0,Low,Normal
CUST-10881,TXN-202398,2025-04-08,Market Trader,Nairobi,Food,Salaried,159828.0,342818.0,61282.0,14901.0,22,85,73.5,1,Defaulted,11.6,Low,Loan-to-income mismatch
CUST-12571,TXN-202399,2025-12-17,Services,Abuja,Education,Salaried,234365.0,288722.0,115622.0,26460.0,35,47,65.3,0,Repaid,10.9,Low,Normal
CUST-10022,TXN-202400,2025-09-04,Retail,Kumasi,Fintech Agent,Self-employed,237755.0,136741.0,113499.0,86642.0,29,92,48.5,0,Repaid,8.1,Low,Normal
CUST-11982,TXN-202401,2026-01-29,Market Trader,Abuja,Shop,Self-employed,212109.0,139222.0,19012.0,135523.0,27,9,65.1,0,Repaid,2.4,Low,Normal
CUST-12610,TXN-202402,2025-08-13,SME,Nairobi,Education,Salaried,,245752.0,77569.0,36303.0,15,87,84.7,0,Repaid,15.6,Low,Loan-to-income mismatch
CUST-11928,TXN-202403,2025-11-05,Agriculture,Abuja,Health,Self-employed,164442.0,32783.0,100867.0,37873.0,18,92,85.5,0,Repaid,1.4,Low,Normal
CUST-11343,TXN-202404,2026-01-17,Market Trader,Accra,Food,Salaried,142207.0,299981.0,83170.0,22992.0,15,76,76.8,0,Repaid,13.6,Low,Loan-to-income mismatch
CUST-12899,TXN-202405,2025-01-06,Market Trader,Abuja,Food,Informal,149567.0,45379.0,61628.0,15682.0,25,90,81.8,0,Repaid,1.7,Low,Normal
CUST-11298,TXN-202406,2025-04-20,Agriculture,Kigali,Food,Contract,382925.0,401873.0,133778.0,18410.0,35,41,95.0,0,Repaid,1.6,Low,Normal
CUST-12486,TXN-202407,2025-08-18,SME,Accra,Fintech Agent,Salaried,77649.0,151912.0,27787.0,52338.0,31,32,73.4,0,Repaid,9.3,Low,Loan-to-income mismatch
CUST-11624,TXN-202408,2025-07-04,Services,Accra,Education,Salaried,147478.0,160000.0,4337.0,8147.0,29,14,96.6,0,Repaid,1.2,Low,Normal
CUST-10093,TXN-202409,2025-01-19,Retail,Kano,Food,Informal,270745.0,543010.0,90609.0,76285.0,23,20,58.9,1,Defaulted,32.3,Low,Loan-to-income mismatch
CUST-11856,TXN-202410,2025-11-25,Market Trader,Abuja,Shop,Self-employed,87933.0,35407.0,36314.0,27918.0,17,83,70.7,0,Repaid,2.9,Low,Normal
CUST-10173,TXN-202411,2025-02-11,SME,Nairobi,Food,Salaried,124197.0,163397.0,54024.0,64172.0,31,8,63.3,0,Repaid,11.4,Low,Normal
CUST-13258,TXN-202412,2026-01-28,Retail,Lagos,Health,Self-employed,130327.0,191984.0,29877.0,45431.0,28,20,86.3,0,Repaid,2.9,Low,Normal
CUST-12105,TXN-202413,2025-04-01,Market Trader,Lagos,Food,Self-employed,148185.0,319743.0,46961.0,28348.0,22,48,53.7,1,Defaulted,14.8,Low,Loan-to-income mismatch
CUST-11302,TXN-202414,2025-11-07,Retail,Kumasi,Food,Informal,83258.0,32291.0,35041.0,25721.0,38,35,66.2,0,Repaid,3.9,Low,Normal
CUST-11701,TXN-202415,2026-04-04,Market Trader,Kumasi,Health,Informal,208985.0,194710.0,60571.0,20169.0,35,88,38.5,0,Repaid,29.8,Low,High-risk repayment pattern
CUST-12167,TXN-202416,2025-07-07,Services,Kano,Fintech Agent,Salaried,215311.0,353918.0,134816.0,62944.0,23,4,82.7,0,Repaid,9.8,Low,Loan-to-income mismatch
CUST-10910,TXN-202417,2025-04-22,Services,Nairobi,Shop,Self-employed,201495.0,474610.0,93580.0,11348.0,15,5,94.4,0,Repaid,6.3,Low,Loan-to-income mismatch
CUST-11009,TXN-202418,2025-04-29,Market Trader,Lagos,Fintech Agent,Informal,112921.0,232975.0,2349.0,52285.0,19,27,88.4,0,Repaid,7.6,Low,Loan-to-income mismatch
CUST-11465,TXN-202419,2025-08-22,Retail,Accra,Food,Salaried,168777.0,347549.0,5851.0,63318.0,27,59,86.6,0,Repaid,4.5,Low,Loan-to-income mismatch
CUST-10905,TXN-202420,2025-06-01,Services,Kigali,Education,Informal,111551.0,148156.0,50743.0,19835.0,29,35,87.1,0,Repaid,15.7,Low,Normal
CUST-12652,TXN-202421,2026-03-29,SME,Kano,Transport,Self-employed,141536.0,202785.0,39625.0,39573.0,22,80,84.6,0,Repaid,4.2,Low,Normal
CUST-10363,TXN-202422,2026-03-11,SME,Nairobi,Shop,Salaried,402100.0,838800.0,220699.0,66510.0,44,11,83.1,0,Repaid,9.8,Low,Loan-to-income mismatch
CUST-12893,TXN-202423,2025-12-16,Agriculture,Kano,Food,Unemployed,169429.0,357592.0,21856.0,39147.0,31,37,84.2,0,Repaid,15.8,Low,Loan-to-income mismatch
CUST-11219,TXN-202424,2025-06-28,Market Trader,Abuja,Fintech Agent,Self-employed,98838.0,193826.0,2838.0,62720.0,29,63,60.2,0,Repaid,6.1,Low,Loan-to-income mismatch
CUST-11964,TXN-202425,2025-03-10,Market Trader,Kano,Fintech Agent,Salaried,175561.0,350635.0,46434.0,55260.0,23,59,68.4,0,Repaid,10.6,Low,Loan-to-income mismatch
CUST-10552,TXN-202426,2025-04-30,Services,Kano,Food,Self-employed,92249.0,196747.0,44623.0,18359.0,35,50,73.3,0,Repaid,21.1,Low,Loan-to-income mismatch
CUST-11348,TXN-202427,2025-08-27,Market Trader,Lagos,Education,Self-employed,98363.0,42551.0,62184.0,72478.0,25,43,66.0,0,Repaid,2.5,Low,Normal
CUST-12641,TXN-202428,2026-02-25,Agriculture,Kigali,Health,Contract,105106.0,87202.0,60615.0,23884.0,27,10,43.8,0,Repaid,8.4,Low,Normal
CUST-10947,TXN-202429,2026-02-02,Services,Kumasi,Education,Salaried,135049.0,316956.0,43886.0,10977.0,29,8,49.8,0,Repaid,32.2,Low,Loan-to-income mismatch
CUST-10462,TXN-202430,2026-05-20,Market Trader,Kigali,Health,Self-employed,241235.0,335173.0,128355.0,8524.0,28,7,76.1,0,Repaid,3.9,Low,Normal
CUST-11826,TXN-202431,2025-08-18,Services,Kumasi,Shop,Informal,207508.0,118643.0,13344.0,51098.0,34,49,88.3,0,Repaid,2.6,Low,Normal
CUST-10568,TXN-202432,2025-10-13,Market Trader,Kigali,Fintech Agent,Contract,202736.0,262905.0,77147.0,115571.0,20,85,72.2,0,Repaid,3.8,Low,Normal
CUST-11101,TXN-202433,2025-04-23,Services,Kano,Education,Salaried,102585.0,165535.0,61788.0,17378.0,26,10,100.0,0,Repaid,3.1,Low,Loan-to-income mismatch
CUST-11576,TXN-202434,2025-12-22,Market Trader,Abuja,Shop,Unemployed,129657.0,261732.0,34971.0,7509.0,33,8,55.4,0,Repaid,32.6,Low,Loan-to-income mismatch
CUST-11974,TXN-202435,2025-11-29,Retail,Kigali,Health,Salaried,182452.0,361808.0,114008.0,55889.0,28,66,80.0,0,Repaid,9.9,Low,Loan-to-income mismatch
CUST-12237,TXN-202436,2025-02-05,Agriculture,Nairobi,Fintech Agent,Contract,125005.0,36166.0,19880.0,14354.0,28,49,95.2,0,Repaid,1.0,Low,Normal
CUST-12368,TXN-202437,2025-07-30,Services,Kigali,Food,Salaried,144797.0,171849.0,12532.0,58453.0,25,31,91.2,0,Repaid,1.7,Low,Normal
CUST-12955,TXN-202438,2026-04-27,Agriculture,Kigali,Food,Informal,195902.0,44208.0,68683.0,28547.0,12,3,83.8,0,Repaid,2.2,Low,Normal
CUST-10231,TXN-202439,2025-09-23,Agriculture,Kano,Fintech Agent,Informal,140578.0,302483.0,83161.0,18437.0,27,77,91.3,0,Repaid,21.6,Low,Loan-to-income mismatch
CUST-11268,TXN-202440,2025-08-14,Services,Accra,Education,Informal,178965.0,101307.0,38675.0,29448.0,32,63,73.0,0,Repaid,3.2,Low,Normal
CUST-10003,TXN-202441,2025-03-06,SME,Nairobi,Food,Salaried,317726.0,497947.0,166521.0,133658.0,22,57,100.0,0,Repaid,1.5,Low,Loan-to-income mismatch
CUST-10033,TXN-202442,2026-02-14,Services,Kigali,Education,Contract,151421.0,219072.0,19169.0,6999.0,19,24,95.1,0,Repaid,2.2,Low,Normal
CUST-10742,TXN-202443,2026-04-13,Retail,Lagos,Shop,Salaried,267085.0,418970.0,130794.0,70077.0,33,89,56.7,0,Repaid,10.2,Low,Loan-to-income mismatch
CUST-12093,TXN-202444,2026-04-13,Retail,Kigali,Food,Self-employed,205857.0,294537.0,76358.0,74443.0,34,7,77.8,0,Repaid,5.9,Low,Normal
CUST-13130,TXN-202445,2026-04-21,Retail,Nairobi,Health,Informal,87883.0,155430.0,11448.0,28050.0,33,71,44.1,0,Repaid,29.8,Low,Loan-to-income mismatch
CUST-12707,TXN-202446,2026-05-04,Services,Accra,Shop,Contract,102447.0,160838.0,48395.0,49778.0,23,70,99.4,0,Repaid,1.6,Low,Loan-to-income mismatch
CUST-12262,TXN-202447,2025-06-06,Retail,Nairobi,Education,Self-employed,114679.0,43632.0,53861.0,47988.0,14,70,76.0,0,Repaid,1.6,Low,Normal
CUST-12723,TXN-202448,2026-01-26,Market Trader,Abuja,Health,Salaried,113660.0,113004.0,39181.0,63386.0,18,58,96.3,0,Repaid,2.3,Low,Normal
CUST-10601,TXN-202449,2025-05-31,Retail,Kano,Education,Self-employed,156698.0,218349.0,25392.0,34538.0,29,30,70.0,0,Repaid,5.6,Low,Normal
CUST-12939,TXN-202450,2025-07-06,Retail,Abuja,Food,Salaried,210692.0,190031.0,21774.0,12161.0,22,44,38.6,0,Repaid,4.5,Low,High-risk repayment pattern
CUST-13115,TXN-202451,2025-03-30,SME,Kano,Fintech Agent,Salaried,275727.0,515040.0,171797.0,121231.0,17,43,100.0,0,Repaid,4.1,Low,Loan-to-income mismatch
CUST-10332,TXN-202452,2025-01-22,Retail,Kano,Health,Informal,185245.0,164078.0,80241.0,22451.0,31,83,74.4,0,Repaid,6.4,Low,Normal
CUST-11644,TXN-202453,2025-10-30,Services,Kumasi,Health,Self-employed,134971.0,272598.0,71511.0,23664.0,28,72,54.0,0,Repaid,21.8,Low,Loan-to-income mismatch
CUST-12905,TXN-202454,2025-02-11,Services,Accra,Shop,Salaried,67877.0,34329.0,31162.0,27475.0,18,46,92.6,0,Repaid,1.0,Low,Normal
CUST-11666,TXN-202455,2025-04-13,SME,Abuja,Fintech Agent,Self-employed,167652.0,316536.0,90963.0,111516.0,23,69,100.0,0,Repaid,2.6,Low,Loan-to-income mismatch
CUST-12941,TXN-202456,2025-04-09,Market Trader,Kano,Education,Salaried,164526.0,96625.0,20133.0,104446.0,22,93,68.4,0,Repaid,1.8,Low,Normal
CUST-13274,TXN-202457,2025-11-14,Services,Kumasi,Health,Salaried,175752.0,237651.0,58539.0,25602.0,13,67,70.2,0,Repaid,9.3,Low,Normal
CUST-11661,TXN-202458,2025-09-14,Market Trader,Nairobi,Food,Contract,394203.0,351457.0,173563.0,26347.0,30,35,76.3,0,Repaid,2.3,Low,Normal
CUST-10208,TXN-202459,2026-05-03,Retail,Kigali,Education,Salaried,274046.0,437071.0,23331.0,46730.0,20,2,52.0,0,Repaid,6.9,Low,Loan-to-income mismatch
CUST-11190,TXN-202460,2025-12-06,Market Trader,Abuja,Health,Salaried,226325.0,147628.0,25908.0,15296.0,26,84,59.6,0,Repaid,4.7,Low,Normal
CUST-10753,TXN-202461,2025-04-04,Market Trader,Accra,Education,Salaried,108654.0,211420.0,45570.0,48198.0,32,3,100.0,0,Repaid,9.1,Low,Loan-to-income mismatch
CUST-11659,TXN-202462,2025-05-11,SME,Kumasi,Education,Contract,131208.0,190692.0,74432.0,78131.0,12,49,69.6,0,Repaid,7.1,Low,Normal
CUST-12050,TXN-202463,2025-04-27,Market Trader,Abuja,Food,Salaried,156399.0,360523.0,68200.0,40813.0,20,8,56.9,1,Defaulted,27.7,Low,Loan-to-income mismatch
CUST-11623,TXN-202464,2025-08-24,Agriculture,Nairobi,Fintech Agent,Salaried,117516.0,206843.0,5031.0,11302.0,24,84,63.9,0,Repaid,9.1,Low,Loan-to-income mismatch
CUST-10684,TXN-202465,2025-02-17,SME,Accra,Transport,Informal,200826.0,306946.0,126796.0,164320.0,31,4,91.3,0,Repaid,15.0,Low,Unusually high amount
CUST-11054,TXN-202466,2025-08-08,Retail,Lagos,Food,Self-employed,189076.0,382072.0,20399.0,59538.0,33,66,36.4,1,Defaulted,18.9,Low,Loan-to-income mismatch
CUST-12378,TXN-202467,2025-06-12,Market Trader,Kumasi,Health,Salaried,103044.0,68802.0,17158.0,93245.0,23,74,76.6,0,Repaid,1.7,Low,Normal
CUST-10094,TXN-202468,2025-02-23,Agriculture,Abuja,Food,Informal,269053.0,426365.0,170641.0,12781.0,28,70,100.0,0,Repaid,6.2,Low,Loan-to-income mismatch
CUST-10749,TXN-202469,2026-03-31,Retail,Accra,Shop,Self-employed,169901.0,177835.0,85928.0,19957.0,24,53,100.0,0,Repaid,1.9,Low,Normal
CUST-13123,TXN-202470,2025-06-27,Retail,Kano,Shop,Informal,78731.0,144173.0,48029.0,23671.0,19,57,82.3,0,Repaid,30.4,Low,Loan-to-income mismatch
CUST-10347,TXN-202471,2025-01-09,Agriculture,Lagos,Fintech Agent,Salaried,159283.0,37324.0,84129.0,105183.0,29,49,95.7,0,Repaid,1.0,Low,Normal
CUST-11451,TXN-202472,2026-01-16,Market Trader,Kumasi,Fintech Agent,Salaried,183158.0,206881.0,78867.0,38809.0,35,73,95.5,0,Repaid,1.5,Low,Normal
CUST-10724,TXN-202473,2025-11-25,Retail,Kumasi,Transport,Salaried,244892.0,398385.0,48799.0,38787.0,28,10,69.7,0,Repaid,9.8,Low,Loan-to-income mismatch
CUST-10366,TXN-202474,2025-07-01,Market Trader,Abuja,Transport,Self-employed,141246.0,169865.0,31912.0,4056.0,22,85,88.6,0,Repaid,1.8,Low,Normal
CUST-11479,TXN-202475,2025-07-18,SME,Lagos,Transport,Self-employed,230437.0,163218.0,142129.0,42161.0,27,74,100.0,0,Repaid,1.5,Low,Normal
CUST-11825,TXN-202476,2025-04-13,Retail,Kigali,Fintech Agent,Self-employed,176063.0,213187.0,98982.0,34729.0,21,93,49.3,1,Defaulted,9.0,Low,Normal
CUST-10616,TXN-202477,2025-06-13,Agriculture,Kano,Shop,Self-employed,93683.0,193590.0,23091.0,41980.0,28,10,82.4,0,Repaid,5.0,Low,Loan-to-income mismatch
CUST-10272,TXN-202478,2025-03-27,Market Trader,Nairobi,Shop,Self-employed,89826.0,57415.0,22920.0,106235.0,19,21,78.5,0,Repaid,1.3,Low,Normal
CUST-10471,TXN-202479,2025-03-30,Retail,Kano,Food,Self-employed,260791.0,259519.0,54127.0,95236.0,31,22,73.9,0,Repaid,1.0,Low,Normal
CUST-12280,TXN-202480,2025-07-20,Services,Nairobi,Fintech Agent,Salaried,268959.0,639731.0,60640.0,28479.0,30,40,72.3,1,Defaulted,10.6,Low,Loan-to-income mismatch
CUST-13010,TXN-202481,2026-03-06,SME,Nairobi,Shop,Self-employed,186395.0,411272.0,104795.0,26686.0,26,78,76.2,0,Repaid,28.8,Low,Loan-to-income mismatch
CUST-10631,TXN-202482,2025-03-30,Services,Kumasi,Transport,Informal,305040.0,77910.0,8120.0,28115.0,26,75,77.7,0,Repaid,1.0,Low,Normal
CUST-11121,TXN-202483,2026-03-01,Market Trader,Kigali,Transport,Unemployed,253667.0,344312.0,74759.0,36409.0,31,67,92.1,0,Repaid,3.7,Low,Normal
CUST-11203,TXN-202484,2026-03-04,Market Trader,Lagos,Transport,Salaried,216885.0,70535.0,133165.0,49773.0,22,39,80.6,0,Repaid,2.9,Low,Normal
CUST-11262,TXN-202485,2025-01-22,SME,Nairobi,Health,Self-employed,110996.0,247640.0,40165.0,2931.0,32,10,68.8,0,Repaid,11.9,Low,Loan-to-income mismatch
CUST-10855,TXN-202486,2025-05-23,Services,Nairobi,Transport,Salaried,336785.0,390748.0,102309.0,28441.0,21,67,56.9,0,Repaid,5.9,Low,Normal
CUST-10193,TXN-202487,2025-10-25,Agriculture,Nairobi,Food,Self-employed,203872.0,226080.0,44198.0,30002.0,38,8,63.5,1,Defaulted,4.7,Low,Normal
CUST-11838,TXN-202488,2025-03-25,SME,Kumasi,Shop,Self-employed,138406.0,108779.0,9213.0,44902.0,33,21,76.7,0,Repaid,1.0,Low,Normal
CUST-11250,TXN-202489,2025-08-03,Agriculture,Abuja,Shop,Informal,122925.0,177354.0,19843.0,105755.0,29,40,59.3,1,Defaulted,23.9,Low,Normal
CUST-11197,TXN-202490,2025-12-28,Retail,Kumasi,Food,Informal,181289.0,90988.0,13957.0,36420.0,17,74,89.0,0,Repaid,2.0,Low,Normal
CUST-10926,TXN-202491,2025-01-04,Agriculture,Nairobi,Transport,Salaried,80673.0,157609.0,8053.0,34332.0,32,58,79.7,0,Repaid,5.3,Low,Loan-to-income mismatch
CUST-13252,TXN-202492,2025-11-26,SME,Kigali,Health,Salaried,218352.0,277413.0,26861.0,157987.0,13,11,92.6,0,Repaid,2.8,Low,Unusually high amount
CUST-12136,TXN-202493,2025-06-07,Retail,Nairobi,Shop,Self-employed,109043.0,156755.0,22929.0,94307.0,24,25,60.5,0,Repaid,4.7,Low,Normal
CUST-11465,TXN-202494,2026-02-10,Retail,Nairobi,Shop,Self-employed,190167.0,389193.0,5123.0,85954.0,27,81,57.0,0,Repaid,14.3,Low,Loan-to-income mismatch
CUST-10718,TXN-202495,2025-04-08,Market Trader,Nairobi,Fintech Agent,Contract,130734.0,77268.0,80871.0,40737.0,34,57,92.4,0,Repaid,1.0,Low,Normal
CUST-12803,TXN-202496,2025-12-28,Retail,Lagos,Food,Salaried,145647.0,82860.0,14274.0,29077.0,18,63,74.3,0,Repaid,1.0,Low,Normal
CUST-13109,TXN-202497,2026-01-29,Retail,Nairobi,Fintech Agent,Salaried,118432.0,131955.0,30956.0,18909.0,30,35,68.4,0,Repaid,8.6,Low,Normal
CUST-10113,TXN-202498,2025-08-14,Retail,Kumasi,Shop,Self-employed,152099.0,292822.0,87320.0,74356.0,33,78,84.6,0,Repaid,9.1,Low,Loan-to-income mismatch
CUST-13253,TXN-202499,2025-08-19,SME,Abuja,Food,Self-employed,359885.0,111554.0,31360.0,149491.0,25,57,83.9,0,Repaid,1.1,Low,Unusually high amount
CUST-12447,TXN-202500,2025-07-28,Market Trader,Abuja,Health,Self-employed,,566442.0,94540.0,49829.0,25,9,49.4,0,Repaid,17.5,Low,Loan-to-income mismatch
CUST-10349,TXN-202501,2026-02-16,Retail,Abuja,Transport,Salaried,188883.0,243976.0,104304.0,16509.0,18,70,96.9,0,Repaid,1.8,Low,Normal
CUST-12636,TXN-202502,2025-07-31,SME,Kumasi,Transport,Salaried,161035.0,229815.0,59726.0,62325.0,30,29,64.6,0,Repaid,2.5,Low,Normal
CUST-10375,TXN-202503,2026-05-15,Retail,Nairobi,Shop,Salaried,232017.0,332466.0,35386.0,84282.0,20,81,100.0,0,Repaid,1.7,Low,Normal
CUST-10178,TXN-202504,2025-03-21,Market Trader,Kigali,Food,Contract,261604.0,79709.0,126452.0,17529.0,21,62,48.0,0,Repaid,2.1,Low,Normal
CUST-10403,TXN-202505,2025-07-27,Services,Abuja,Health,Self-employed,114861.0,84364.0,51601.0,18215.0,18,20,77.7,0,Repaid,2.4,Low,Normal
CUST-11609,TXN-202506,2025-10-09,Agriculture,Kigali,Transport,Salaried,157546.0,292525.0,39099.0,47461.0,29,4,68.7,0,Repaid,6.2,Low,Loan-to-income mismatch
CUST-12168,TXN-202507,2025-10-14,SME,Lagos,Shop,Salaried,75718.0,82929.0,3723.0,81049.0,22,10,36.4,0,Repaid,11.1,Low,High-risk repayment pattern
CUST-11425,TXN-202508,2025-08-24,SME,Kumasi,Education,Informal,260851.0,371543.0,6509.0,74226.0,42,25,83.8,0,Repaid,14.3,Low,Normal
CUST-10426,TXN-202509,2026-05-18,Retail,Kigali,Health,Self-employed,387438.0,882432.0,209216.0,90931.0,27,13,37.4,1,Defaulted,68.5,High,Loan-to-income mismatch
CUST-10697,TXN-202510,2025-09-09,Market Trader,Kano,Food,Informal,168322.0,47589.0,37465.0,33909.0,16,63,66.7,0,Repaid,4.4,Low,Normal
CUST-12983,TXN-202511,2025-03-27,Market Trader,Kigali,Transport,Informal,66669.0,78555.0,7120.0,23493.0,25,17,91.9,0,Repaid,4.4,Low,Normal
CUST-13369,TXN-202512,2025-07-16,Market Trader,Kumasi,Health,Salaried,210183.0,206406.0,72868.0,60582.0,16,43,62.5,0,Repaid,3.7,Low,Normal
CUST-12639,TXN-202513,2025-01-28,Services,Kano,Health,Informal,111333.0,46350.0,66814.0,119741.0,17,32,55.7,0,Repaid,7.3,Low,Normal
CUST-10361,TXN-202514,2025-05-30,Agriculture,Kigali,Education,Self-employed,123179.0,282174.0,3122.0,24675.0,24,63,86.4,0,Repaid,5.3,Low,Loan-to-income mismatch
CUST-12869,TXN-202515,2025-08-31,SME,Lagos,Food,Contract,,490083.0,11725.0,89153.0,29,4,67.5,0,Repaid,22.3,Low,Loan-to-income mismatch
CUST-12421,TXN-202516,2025-02-10,SME,Nairobi,Education,Self-employed,181120.0,157847.0,51210.0,135675.0,31,39,64.7,0,Repaid,3.1,Low,Normal
CUST-11841,TXN-202517,2025-09-09,Agriculture,Kano,Shop,Self-employed,132587.0,302525.0,59115.0,42931.0,28,80,94.9,0,Repaid,17.1,Low,Loan-to-income mismatch
CUST-10501,TXN-202518,2025-04-24,Market Trader,Nairobi,Shop,Self-employed,123892.0,31975.0,39638.0,14617.0,37,25,51.0,0,Repaid,2.0,Low,Normal
CUST-13488,TXN-202519,2026-04-25,Services,Lagos,Transport,Salaried,171588.0,404534.0,100457.0,43706.0,20,81,63.7,0,Repaid,24.6,Low,Loan-to-income mismatch
CUST-11549,TXN-202520,2025-03-13,SME,Kigali,Education,Self-employed,137039.0,278980.0,6547.0,78212.0,31,18,87.6,0,Repaid,3.4,Low,Loan-to-income mismatch
CUST-10154,TXN-202521,2025-08-24,Agriculture,Abuja,Health,Salaried,102142.0,66986.0,23931.0,29108.0,15,69,49.8,1,Defaulted,5.3,Low,Normal
CUST-10734,TXN-202522,2025-04-05,Retail,Kumasi,Transport,Salaried,141538.0,213863.0,34160.0,33235.0,14,28,100.0,0,Repaid,2.1,Low,Normal
CUST-11404,TXN-202523,2025-08-18,SME,Abuja,Health,Self-employed,187705.0,366442.0,43976.0,18792.0,23,35,68.1,1,Defaulted,10.8,Low,Loan-to-income mismatch
CUST-10218,TXN-202524,2025-09-05,Market Trader,Kigali,Transport,Self-employed,151024.0,134237.0,49421.0,20658.0,14,51,87.7,0,Repaid,1.6,Low,Normal
CUST-11133,TXN-202525,2025-09-15,Retail,Nairobi,Education,Salaried,89889.0,86772.0,46568.0,26500.0,28,68,87.7,0,Repaid,2.9,Low,Normal
CUST-11639,TXN-202526,2025-09-02,SME,Nairobi,Shop,Salaried,246571.0,388675.0,54311.0,29360.0,30,51,69.3,0,Repaid,8.6,Low,Loan-to-income mismatch
CUST-13320,TXN-202527,2025-08-18,Services,Kano,Transport,Unemployed,65000.0,32926.0,31787.0,32619.0,27,56,63.4,0,Repaid,9.9,Low,Normal
CUST-10302,TXN-202528,2025-05-29,Agriculture,Abuja,Transport,Self-employed,134932.0,59698.0,15149.0,66441.0,31,29,71.2,0,Repaid,1.0,Low,Normal
CUST-12019,TXN-202529,2026-04-09,Retail,Lagos,Education,Self-employed,125432.0,92138.0,46818.0,25700.0,26,64,84.8,0,Repaid,1.9,Low,Normal
CUST-13205,TXN-202530,2025-12-02,Retail,Abuja,Health,Salaried,173206.0,316204.0,44394.0,103131.0,29,8,54.2,0,Repaid,12.6,Low,Loan-to-income mismatch
CUST-12821,TXN-202531,2025-11-15,Market Trader,Kumasi,Shop,Self-employed,206055.0,204788.0,74119.0,46804.0,27,10,50.3,1,Defaulted,11.6,Low,Normal
CUST-13237,TXN-202532,2025-07-30,Retail,Kano,Food,Contract,261252.0,341283.0,22959.0,168845.0,33,16,98.7,0,Repaid,1.7,Low,Unusually high amount
CUST-10596,TXN-202533,2026-02-15,Retail,Lagos,Education,Salaried,120667.0,74077.0,74896.0,65070.0,33,84,58.8,0,Repaid,5.1,Low,Normal
CUST-12804,TXN-202534,2025-12-18,Retail,Kigali,Health,Self-employed,208223.0,127206.0,123042.0,11375.0,29,59,78.4,0,Repaid,2.1,Low,Normal
CUST-13425,TXN-202535,2025-03-21,Market Trader,Kigali,Health,Salaried,176706.0,286971.0,95533.0,78771.0,29,34,68.4,0,Repaid,7.5,Low,Loan-to-income mismatch
CUST-11141,TXN-202536,2025-08-12,Retail,Accra,Health,Salaried,79313.0,33358.0,46196.0,7435.0,31,60,69.2,0,Repaid,2.5,Low,Normal
CUST-11745,TXN-202537,2026-03-29,Retail,Abuja,Shop,Self-employed,361576.0,601159.0,40646.0,9614.0,26,27,97.7,0,Repaid,4.1,Low,Loan-to-income mismatch
CUST-11857,TXN-202538,2026-03-30,Services,Accra,Education,Self-employed,88940.0,95126.0,30003.0,66431.0,28,70,70.5,0,Repaid,3.0,Low,Normal
CUST-11727,TXN-202539,2026-05-16,Services,Abuja,Health,Self-employed,194112.0,324210.0,42760.0,110847.0,24,38,65.6,0,Repaid,13.3,Low,Loan-to-income mismatch
CUST-11014,TXN-202540,2026-01-23,Agriculture,Lagos,Education,Self-employed,191718.0,196979.0,111015.0,111095.0,26,60,67.1,0,Repaid,6.7,Low,Normal
CUST-13398,TXN-202541,2026-05-09,Retail,Kano,Fintech Agent,Self-employed,182730.0,376101.0,25463.0,51140.0,41,25,62.9,0,Repaid,6.6,Low,Duplicate customer details
CUST-13347,TXN-202542,2025-05-11,Retail,Abuja,Health,Self-employed,132227.0,40109.0,20967.0,32888.0,26,5,59.9,0,Repaid,1.3,Low,Normal
CUST-11332,TXN-202543,2026-05-23,SME,Lagos,Fintech Agent,Salaried,230371.0,498320.0,104273.0,53890.0,22,95,63.0,0,Repaid,36.4,Medium,Loan-to-income mismatch
CUST-12818,TXN-202544,2026-05-05,Agriculture,Kigali,Fintech Agent,Salaried,84512.0,65617.0,6423.0,33882.0,36,63,100.0,0,Repaid,1.0,Low,Normal
CUST-11391,TXN-202545,2025-12-26,SME,Lagos,Shop,Salaried,158317.0,43449.0,76212.0,61213.0,38,62,84.8,0,Repaid,1.0,Low,Normal
CUST-12781,TXN-202546,2025-12-17,Agriculture,Nairobi,Food,Informal,128434.0,183473.0,24264.0,19876.0,23,58,65.8,0,Repaid,10.9,Low,Normal
CUST-12046,TXN-202547,2025-12-13,Market Trader,Kigali,Fintech Agent,Salaried,122459.0,83035.0,53440.0,36808.0,22,86,89.7,0,Repaid,1.4,Low,Normal
CUST-11645,TXN-202548,2025-02-26,Services,Accra,Shop,Self-employed,194867.0,233730.0,111077.0,24787.0,30,3,43.4,1,Defaulted,18.7,Low,Normal
CUST-10448,TXN-202549,2025-02-04,Agriculture,Kigali,Shop,Self-employed,255900.0,501855.0,103398.0,18214.0,26,91,96.8,0,Repaid,4.6,Low,Loan-to-income mismatch
CUST-12291,TXN-202550,2025-05-04,Retail,Accra,Transport,Contract,140904.0,272964.0,21698.0,105385.0,19,45,95.3,0,Repaid,3.1,Low,Loan-to-income mismatch
CUST-11123,TXN-202551,2025-05-26,Market Trader,Kigali,Food,Contract,225909.0,341768.0,11516.0,50109.0,34,56,100.0,0,Repaid,1.0,Low,Normal
CUST-10759,TXN-202552,2025-01-31,SME,Nairobi,Education,Contract,166191.0,390694.0,7995.0,79961.0,13,90,90.2,0,Repaid,5.1,Low,Loan-to-income mismatch
CUST-10676,TXN-202553,2026-02-11,Retail,Kumasi,Education,Salaried,111865.0,135304.0,8496.0,45070.0,17,77,79.9,0,Repaid,2.0,Low,Normal
CUST-13436,TXN-202554,2025-01-18,Market Trader,Kumasi,Health,Salaried,146044.0,39058.0,56269.0,19921.0,19,34,95.2,0,Repaid,1.0,Low,Normal
CUST-10361,TXN-202555,2025-07-06,SME,Lagos,Transport,Contract,143518.0,286910.0,34355.0,58288.0,31,87,60.7,0,Repaid,16.5,Low,Loan-to-income mismatch
CUST-12794,TXN-202556,2025-02-24,SME,Abuja,Food,Informal,121468.0,81538.0,21033.0,174836.0,37,9,64.9,0,Repaid,10.4,Low,Unusually high amount
CUST-13031,TXN-202557,2025-11-17,Services,Kigali,Food,Informal,194846.0,111306.0,30817.0,50198.0,21,16,70.8,1,Defaulted,2.9,Low,Normal
CUST-10108,TXN-202558,2026-05-06,Retail,Kigali,Fintech Agent,Informal,179611.0,60245.0,110929.0,37880.0,30,23,96.6,0,Repaid,2.4,Low,Normal
CUST-12062,TXN-202559,2025-10-30,Services,Kumasi,Fintech Agent,Self-employed,83444.0,75762.0,7915.0,45717.0,22,27,56.6,0,Repaid,4.4,Low,Normal
CUST-12020,TXN-202560,2025-10-16,Market Trader,Accra,Health,Salaried,81337.0,73535.0,17246.0,27860.0,25,65,54.7,0,Repaid,3.4,Low,Normal
CUST-11255,TXN-202561,2025-10-27,Services,Kano,Transport,Self-employed,194535.0,165774.0,61674.0,26832.0,22,39,76.3,0,Repaid,3.5,Low,Normal
CUST-12333,TXN-202562,2025-05-20,Retail,Kano,Shop,Self-employed,115564.0,172986.0,2344.0,80144.0,27,81,84.9,0,Repaid,5.6,Low,Normal
CUST-11430,TXN-202563,2025-07-11,Market Trader,Nairobi,Education,Salaried,184768.0,341530.0,110898.0,38771.0,32,60,59.3,0,Repaid,17.9,Low,Loan-to-income mismatch
CUST-11538,TXN-202564,2025-06-12,Services,Abuja,Health,Self-employed,225932.0,511023.0,18624.0,51681.0,18,58,84.1,0,Repaid,6.8,Low,Loan-to-income mismatch
CUST-11510,TXN-202565,2026-04-02,Retail,Accra,Health,Unemployed,95435.0,37104.0,42942.0,43558.0,37,74,96.6,1,Defaulted,3.5,Low,Normal
CUST-12802,TXN-202566,2025-07-07,Agriculture,Kumasi,Health,Salaried,89963.0,46227.0,37441.0,58913.0,36,40,93.6,0,Repaid,1.2,Low,Normal
CUST-12216,TXN-202567,2025-05-09,Market Trader,Kumasi,Transport,Self-employed,328819.0,489760.0,174179.0,26571.0,25,34,78.4,0,Repaid,4.0,Low,Normal
CUST-11326,TXN-202568,2025-09-19,Market Trader,Abuja,Food,Self-employed,188652.0,75057.0,81191.0,29893.0,36,12,70.4,0,Repaid,1.8,Low,Normal
CUST-13243,TXN-202569,2026-02-02,SME,Nairobi,Fintech Agent,Salaried,136478.0,136901.0,68882.0,164776.0,33,81,100.0,0,Repaid,1.4,Low,Unusually high amount
CUST-12807,TXN-202570,2025-07-13,Retail,Accra,Health,Contract,109946.0,172231.0,31377.0,9560.0,44,23,72.3,0,Repaid,4.8,Low,Loan-to-income mismatch
CUST-13264,TXN-202571,2025-01-14,SME,Kigali,Fintech Agent,Contract,131349.0,251246.0,43067.0,93280.0,20,63,88.9,0,Repaid,4.4,Low,Loan-to-income mismatch
CUST-12556,TXN-202572,2025-07-30,Retail,Accra,Transport,Salaried,98712.0,65453.0,45610.0,48155.0,38,76,100.0,0,Repaid,1.0,Low,Normal
CUST-11370,TXN-202573,2026-03-09,Agriculture,Nairobi,Transport,Informal,235869.0,392233.0,89184.0,30983.0,28,36,87.0,0,Repaid,15.3,Low,Loan-to-income mismatch
CUST-12705,TXN-202574,2026-03-20,SME,Lagos,Education,Self-employed,117450.0,189544.0,40200.0,32946.0,24,17,54.1,0,Repaid,11.6,Low,Loan-to-income mismatch
CUST-11152,TXN-202575,2026-01-27,Retail,Kigali,Food,Self-employed,257631.0,538023.0,38516.0,88958.0,30,65,49.7,0,Repaid,20.8,Low,Loan-to-income mismatch
CUST-10948,TXN-202576,2025-09-30,Retail,Lagos,Fintech Agent,Self-employed,137549.0,120564.0,25118.0,128541.0,38,32,66.6,0,Repaid,4.4,Low,Normal
CUST-11578,TXN-202577,2026-05-21,SME,Accra,Shop,Informal,105008.0,193761.0,25817.0,47694.0,32,82,84.8,0,Repaid,12.3,Low,Loan-to-income mismatch
CUST-13392,TXN-202578,2025-02-24,Retail,Nairobi,Education,Salaried,136074.0,251661.0,3517.0,63392.0,32,43,80.0,0,Repaid,3.5,Low,Loan-to-income mismatch
CUST-11987,TXN-202579,2025-03-04,SME,Kano,Fintech Agent,Self-employed,65000.0,46216.0,18391.0,85365.0,23,33,100.0,0,Repaid,1.3,Low,Normal
CUST-11342,TXN-202580,2026-01-03,Services,Kigali,Education,Self-employed,154705.0,241181.0,3364.0,55594.0,21,70,79.8,0,Repaid,3.3,Low,Loan-to-income mismatch
CUST-11616,TXN-202581,2026-02-19,Retail,Kumasi,Shop,Informal,151532.0,254401.0,56970.0,16106.0,14,38,66.1,1,Defaulted,35.6,Medium,Loan-to-income mismatch
CUST-11019,TXN-202582,2025-04-19,Market Trader,Kigali,Shop,Contract,230128.0,181624.0,106673.0,71485.0,31,76,51.6,0,Repaid,8.7,Low,Normal
CUST-12305,TXN-202583,2025-06-09,Services,Accra,Food,Informal,73700.0,87187.0,27575.0,10302.0,36,67,93.2,0,Repaid,6.7,Low,Normal
CUST-11226,TXN-202584,2025-04-29,Services,Kumasi,Health,Salaried,265132.0,304219.0,121143.0,52546.0,25,85,71.9,0,Repaid,5.1,Low,Normal
CUST-11940,TXN-202585,2025-05-08,Retail,Lagos,Health,Self-employed,229728.0,435838.0,4596.0,95083.0,25,42,44.9,1,Defaulted,24.0,Low,Loan-to-income mismatch
CUST-11294,TXN-202586,2025-01-10,Agriculture,Lagos,Shop,Salaried,275367.0,49989.0,15819.0,25404.0,32,10,72.4,0,Repaid,1.0,Low,Normal
CUST-11122,TXN-202587,2025-04-16,Retail,Kumasi,Education,Self-employed,159191.0,205719.0,73233.0,47400.0,39,18,54.1,1,Defaulted,4.7,Low,Normal
CUST-13395,TXN-202588,2025-12-22,Agriculture,Kano,Fintech Agent,Contract,249157.0,146812.0,131014.0,59797.0,35,2,64.3,0,Repaid,3.2,Low,Normal
CUST-11210,TXN-202589,2026-01-06,Market Trader,Kano,Education,Self-employed,87735.0,141779.0,41424.0,30592.0,36,82,72.1,1,Defaulted,10.1,Low,Loan-to-income mismatch
CUST-10246,TXN-202590,2026-03-30,Retail,Kumasi,Transport,Salaried,219582.0,371186.0,96111.0,22113.0,28,24,55.7,0,Repaid,10.4,Low,Loan-to-income mismatch
CUST-11325,TXN-202591,2026-05-02,Market Trader,Kano,Shop,Self-employed,117726.0,152161.0,54819.0,55302.0,17,20,63.2,0,Repaid,17.9,Low,Normal
CUST-11862,TXN-202592,2025-04-20,Retail,Kigali,Education,Salaried,81341.0,112519.0,39527.0,18742.0,23,58,58.6,1,Defaulted,9.4,Low,Normal
CUST-10331,TXN-202593,2025-12-03,Market Trader,Nairobi,Health,Salaried,101505.0,89266.0,48353.0,6822.0,33,25,59.1,0,Repaid,6.6,Low,Normal
CUST-11069,TXN-202594,2025-07-25,Market Trader,Kumasi,Fintech Agent,Contract,163133.0,142835.0,79111.0,39269.0,32,94,53.9,0,Repaid,9.6,Low,Normal
CUST-10581,TXN-202595,2025-05-18,Services,Kigali,Health,Informal,115127.0,211161.0,7671.0,30711.0,31,83,63.3,0,Repaid,25.5,Low,Loan-to-income mismatch
CUST-11752,TXN-202596,2025-12-19,SME,Lagos,Food,Salaried,190604.0,90050.0,11410.0,89953.0,21,44,55.9,0,Repaid,2.3,Low,Normal
CUST-12530,TXN-202597,2025-07-26,SME,Abuja,Education,Self-employed,76156.0,144143.0,18849.0,66567.0,19,62,82.6,0,Repaid,7.5,Low,Loan-to-income mismatch
CUST-13389,TXN-202598,2025-11-08,Retail,Nairobi,Transport,Self-employed,66611.0,108851.0,23473.0,141465.0,33,38,75.6,0,Repaid,6.3,Low,Loan-to-income mismatch
CUST-11361,TXN-202599,2025-05-05,Services,Nairobi,Health,Salaried,289643.0,620860.0,144952.0,77998.0,15,42,93.5,0,Repaid,7.6,Low,Loan-to-income mismatch
CUST-13021,TXN-202600,2025-08-08,Market Trader,Kumasi,Education,Self-employed,237898.0,180213.0,54923.0,44466.0,16,47,100.0,0,Repaid,1.0,Low,Normal
CUST-10750,TXN-202601,2025-02-06,Retail,Abuja,Shop,Salaried,104746.0,136559.0,20250.0,84249.0,21,37,84.2,0,Repaid,2.6,Low,Normal
CUST-12731,TXN-202602,2025-01-19,SME,Kano,Transport,,162550.0,43329.0,83276.0,137762.0,35,43,80.1,0,Repaid,1.0,Low,Normal
CUST-11969,TXN-202603,2026-01-31,Market Trader,Kumasi,Shop,Contract,249744.0,550876.0,44225.0,85505.0,29,19,85.3,0,Repaid,8.0,Low,Loan-to-income mismatch
CUST-12653,TXN-202604,2026-04-05,Market Trader,Lagos,Fintech Agent,Salaried,194087.0,325944.0,104250.0,17386.0,35,63,80.4,0,Repaid,6.3,Low,Loan-to-income mismatch
CUST-12644,TXN-202605,2025-02-23,Market Trader,Nairobi,Shop,Salaried,173209.0,270688.0,22793.0,20424.0,34,8,72.9,0,Repaid,6.5,Low,Loan-to-income mismatch
CUST-11863,TXN-202606,2025-12-14,Market Trader,Kano,Education,Salaried,257807.0,465746.0,63541.0,95120.0,34,87,71.5,0,Repaid,5.0,Low,Loan-to-income mismatch
CUST-10900,TXN-202607,2025-12-02,Market Trader,Kigali,Transport,Unemployed,119743.0,97137.0,32651.0,40147.0,30,87,53.6,0,Repaid,8.5,Low,Normal
CUST-11841,TXN-202608,2025-05-23,Agriculture,Accra,Fintech Agent,Informal,164900.0,250742.0,34413.0,41874.0,24,21,87.1,1,Defaulted,6.1,Low,Normal
CUST-12893,TXN-202609,2025-08-09,Retail,Kano,Transport,Informal,161539.0,316301.0,3572.0,59688.0,31,6,71.4,0,Repaid,18.5,Low,Loan-to-income mismatch
CUST-13397,TXN-202610,2025-06-01,Retail,Lagos,Fintech Agent,Self-employed,145138.0,55218.0,24437.0,39751.0,38,47,98.1,0,Repaid,1.0,Low,Normal
CUST-13246,TXN-202611,2025-02-07,Retail,Nairobi,Transport,Contract,138176.0,318989.0,32157.0,117764.0,34,7,88.5,0,Repaid,12.4,Low,Loan-to-income mismatch
CUST-10635,TXN-202612,2026-02-28,Market Trader,Kumasi,Shop,Self-employed,167813.0,362474.0,36513.0,46962.0,27,39,60.7,0,Repaid,17.1,Low,Loan-to-income mismatch
CUST-12090,TXN-202613,2025-06-05,Retail,Kigali,Food,Salaried,165124.0,382741.0,85022.0,78896.0,27,72,94.4,0,Repaid,9.4,Low,Loan-to-income mismatch
CUST-10366,TXN-202614,2025-09-30,Retail,Abuja,Food,Self-employed,104784.0,206900.0,5223.0,33706.0,26,31,25.9,0,Repaid,23.4,Low,Loan-to-income mismatch
CUST-12341,TXN-202615,2025-02-08,Market Trader,Abuja,Education,Self-employed,227921.0,189943.0,60408.0,32056.0,23,86,100.0,0,Repaid,1.0,Low,Normal
CUST-13473,TXN-202616,2025-01-22,Services,Abuja,Education,Salaried,108003.0,158878.0,4713.0,19909.0,22,3,47.9,0,Repaid,6.3,Low,Normal
CUST-10184,TXN-202617,2025-11-21,Retail,Kano,Education,Salaried,148500.0,66344.0,90037.0,72670.0,14,68,80.9,0,Repaid,2.1,Low,Normal
CUST-12298,TXN-202618,2025-08-03,Retail,Kano,Transport,Self-employed,143772.0,266589.0,74450.0,41665.0,26,49,79.7,0,Repaid,11.8,Low,Loan-to-income mismatch
CUST-13309,TXN-202619,2025-12-11,SME,Nairobi,Fintech Agent,Self-employed,189170.0,98573.0,120835.0,100473.0,38,24,92.2,0,Repaid,1.0,Low,Normal
CUST-12965,TXN-202620,2026-03-31,Market Trader,Kigali,Education,Salaried,66835.0,140644.0,39660.0,58516.0,21,42,66.1,0,Repaid,19.1,Low,Loan-to-income mismatch
CUST-11373,TXN-202621,2026-04-07,Retail,Lagos,Food,Salaried,236613.0,168950.0,51809.0,21542.0,40,27,33.4,0,Repaid,7.7,Low,High-risk repayment pattern
CUST-10363,TXN-202622,2025-02-08,Services,Accra,Shop,Contract,122475.0,65661.0,55812.0,32918.0,36,60,66.1,1,Defaulted,4.3,Low,Normal
CUST-13233,TXN-202623,2025-05-28,SME,Kumasi,Food,Self-employed,271681.0,91667.0,57903.0,27115.0,41,92,68.1,0,Repaid,1.1,Low,Normal
CUST-13224,TXN-202624,2025-04-16,Market Trader,Abuja,Food,Salaried,133142.0,234227.0,77166.0,18745.0,18,49,35.1,0,Repaid,24.8,Low,Loan-to-income mismatch
CUST-12026,TXN-202625,2025-04-01,SME,Kano,Shop,Informal,159450.0,94613.0,44451.0,25183.0,27,67,72.8,0,Repaid,5.4,Low,Normal
CUST-13426,TXN-202626,2025-08-24,Agriculture,Nairobi,Health,Self-employed,363593.0,225000.0,93374.0,21210.0,28,59,52.6,0,Repaid,3.3,Low,Normal
CUST-10016,TXN-202627,2025-09-02,Retail,Accra,Health,Salaried,144859.0,80647.0,86316.0,28254.0,27,79,83.7,0,Repaid,1.5,Low,Normal
CUST-12158,TXN-202628,2026-05-15,Services,Lagos,Transport,Salaried,273845.0,235196.0,149833.0,137996.0,27,54,67.6,0,Repaid,3.6,Low,Normal
CUST-10134,TXN-202629,2026-02-25,Retail,Kano,Education,Salaried,165446.0,375478.0,104039.0,35583.0,29,43,100.0,0,Repaid,9.9,Low,Loan-to-income mismatch
CUST-13274,TXN-202630,2025-01-31,Market Trader,Kano,Shop,Salaried,193779.0,244220.0,11992.0,64753.0,17,13,67.4,0,Repaid,6.4,Low,Normal
CUST-12381,TXN-202631,2025-10-19,Retail,Abuja,Shop,Informal,167608.0,127239.0,29047.0,62532.0,31,74,79.7,0,Repaid,4.1,Low,Normal
CUST-13197,TXN-202632,2025-04-24,SME,Lagos,Health,Informal,232373.0,129726.0,48692.0,75310.0,17,86,68.2,0,Repaid,4.6,Low,Normal
CUST-11969,TXN-202633,2026-05-03,Agriculture,Kano,Transport,Self-employed,122037.0,27087.0,35066.0,69961.0,38,94,42.8,0,Repaid,4.5,Low,Normal
CUST-10291,TXN-202634,2025-05-12,SME,Kigali,Fintech Agent,Salaried,107656.0,106610.0,34242.0,71716.0,16,70,68.3,0,Repaid,4.1,Low,Normal
CUST-10092,TXN-202635,2025-02-15,Retail,Kigali,Transport,Salaried,124467.0,52816.0,25345.0,23270.0,26,35,85.6,1,Defaulted,1.0,Low,Normal
CUST-11174,TXN-202636,2026-05-01,Agriculture,Abuja,Education,Contract,169715.0,40726.0,87910.0,50242.0,29,68,82.8,0,Repaid,1.8,Low,Normal
CUST-12602,TXN-202637,2026-01-07,Services,Kumasi,Food,Informal,148339.0,60614.0,23830.0,58405.0,22,32,66.7,0,Repaid,2.9,Low,Normal
CUST-10528,TXN-202638,2025-12-27,Retail,Nairobi,Shop,Self-employed,219326.0,194568.0,100628.0,19277.0,29,86,45.8,0,Repaid,7.5,Low,Normal
CUST-12982,TXN-202639,2025-12-09,Retail,Accra,Shop,Informal,281528.0,519959.0,156702.0,51427.0,21,6,83.6,0,Repaid,13.5,Low,Loan-to-income mismatch
CUST-10838,TXN-202640,2026-01-10,SME,Lagos,Shop,Salaried,108028.0,35510.0,43247.0,109265.0,36,86,79.6,0,Repaid,1.0,Low,Normal
CUST-11737,TXN-202641,2025-05-06,Agriculture,Kumasi,Health,Self-employed,119580.0,201690.0,29072.0,37781.0,18,71,87.2,0,Repaid,2.7,Low,Loan-to-income mismatch
CUST-10710,TXN-202642,2025-12-12,Retail,Abuja,Fintech Agent,Salaried,89035.0,138681.0,12320.0,131390.0,34,85,67.1,0,Repaid,5.7,Low,Loan-to-income mismatch
CUST-11630,TXN-202643,2025-04-18,Retail,Abuja,Transport,Self-employed,381840.0,816381.0,39955.0,29221.0,39,24,41.7,1,Defaulted,28.2,Low,Loan-to-income mismatch
CUST-11582,TXN-202644,2026-04-13,SME,Abuja,Transport,Self-employed,184972.0,108847.0,90420.0,50175.0,32,49,81.6,0,Repaid,1.0,Low,Normal
CUST-10019,TXN-202645,2025-07-17,Agriculture,Lagos,Fintech Agent,Self-employed,199091.0,386888.0,62824.0,51685.0,27,25,71.8,0,Repaid,9.3,Low,Loan-to-income mismatch
CUST-11987,TXN-202646,2026-04-26,Market Trader,Kigali,Food,Contract,92699.0,194668.0,4559.0,26416.0,31,68,97.1,0,Repaid,4.1,Low,Loan-to-income mismatch
CUST-12753,TXN-202647,2025-06-16,SME,Accra,Transport,Salaried,162675.0,381928.0,104083.0,41810.0,25,61,72.5,0,Repaid,19.2,Low,Loan-to-income mismatch
CUST-13276,TXN-202648,2025-04-07,Agriculture,Nairobi,Education,Salaried,201568.0,398093.0,89279.0,81277.0,23,67,71.2,0,Repaid,6.9,Low,Duplicate customer details
CUST-11157,TXN-202649,2025-06-22,Retail,Lagos,Food,Contract,146363.0,66561.0,80768.0,36720.0,33,71,79.5,0,Repaid,2.5,Low,Normal
CUST-13082,TXN-202650,2025-10-14,Market Trader,Abuja,Transport,Self-employed,255709.0,583688.0,75705.0,68222.0,22,6,61.3,0,Repaid,26.4,Low,Loan-to-income mismatch
CUST-13075,TXN-202651,2026-01-08,Market Trader,Abuja,Fintech Agent,Informal,429754.0,854902.0,267275.0,18113.0,20,40,60.4,1,Defaulted,50.3,Medium,Loan-to-income mismatch
CUST-13459,TXN-202652,2025-01-13,Agriculture,Lagos,Health,Contract,109342.0,71221.0,15931.0,30934.0,16,25,70.2,0,Repaid,1.6,Low,Normal
CUST-11305,TXN-202653,2025-02-16,SME,Nairobi,Transport,Self-employed,105950.0,57927.0,14477.0,48319.0,29,90,55.4,0,Repaid,3.1,Low,Normal
CUST-12978,TXN-202654,2025-05-25,Agriculture,Abuja,Education,Self-employed,112571.0,254280.0,65394.0,31564.0,26,51,67.9,0,Repaid,16.5,Low,Loan-to-income mismatch
CUST-11977,TXN-202655,2026-01-22,SME,Kigali,Fintech Agent,Self-employed,319529.0,167961.0,185896.0,29302.0,29,17,100.0,0,Repaid,1.0,Low,Normal
CUST-10203,TXN-202656,2025-05-30,Retail,Nairobi,Food,Salaried,252152.0,480392.0,84315.0,33344.0,36,38,90.8,0,Repaid,3.7,Low,Loan-to-income mismatch
CUST-10946,TXN-202657,2025-09-15,Market Trader,Abuja,Shop,Self-employed,153749.0,165999.0,15259.0,37480.0,20,51,77.5,0,Repaid,2.7,Low,Normal
CUST-12352,TXN-202658,2026-05-27,Market Trader,Abuja,Food,Salaried,165273.0,295318.0,35085.0,8960.0,29,32,99.9,0,Repaid,4.2,Low,Loan-to-income mismatch
CUST-10562,TXN-202659,2025-03-31,SME,Kano,Food,Salaried,115503.0,44343.0,57187.0,41070.0,25,60,57.2,0,Repaid,5.1,Low,Normal
CUST-11521,TXN-202660,2025-04-11,Services,Accra,Transport,Informal,236526.0,423294.0,130793.0,51339.0,28,74,100.0,0,Repaid,10.4,Low,Loan-to-income mismatch
CUST-12712,TXN-202661,2025-12-12,Market Trader,Kumasi,Fintech Agent,Self-employed,138752.0,182659.0,33165.0,22549.0,27,60,63.7,0,Repaid,4.8,Low,Normal
CUST-10524,TXN-202662,2026-02-06,SME,Accra,Shop,Informal,145913.0,317921.0,8547.0,69458.0,28,56,100.0,0,Repaid,10.0,Low,Loan-to-income mismatch
CUST-11738,TXN-202663,2025-07-12,Retail,Nairobi,Shop,Informal,210174.0,125735.0,92352.0,24939.0,26,63,100.0,0,Repaid,3.3,Low,Normal
CUST-10752,TXN-202664,2025-04-11,SME,Nairobi,Shop,Contract,150398.0,63584.0,73076.0,56993.0,21,29,40.4,0,Repaid,10.4,Low,High-risk repayment pattern
CUST-11877,TXN-202665,2025-03-10,Agriculture,Abuja,Shop,Contract,147460.0,90778.0,42340.0,6730.0,27,61,98.4,0,Repaid,1.3,Low,Normal
CUST-10842,TXN-202666,2026-05-17,Agriculture,Kano,Transport,Salaried,163479.0,57943.0,63324.0,50419.0,29,6,66.9,0,Repaid,3.0,Low,Normal
CUST-13378,TXN-202667,2025-10-31,Services,Nairobi,Transport,Salaried,227305.0,535516.0,145940.0,25967.0,26,76,61.8,0,Repaid,39.5,Medium,Loan-to-income mismatch
CUST-10268,TXN-202668,2025-07-14,Services,Nairobi,Health,Contract,324983.0,147133.0,56660.0,63395.0,25,37,81.4,0,Repaid,1.1,Low,Normal
CUST-13372,TXN-202669,2025-06-15,Market Trader,Kigali,Transport,Salaried,208127.0,130264.0,79291.0,32873.0,27,78,53.9,0,Repaid,4.8,Low,Normal
CUST-12771,TXN-202670,2025-03-23,Services,Lagos,Transport,Self-employed,228066.0,451001.0,92345.0,27614.0,26,25,81.0,0,Repaid,12.6,Low,Loan-to-income mismatch
CUST-12994,TXN-202671,2025-05-27,Agriculture,Lagos,Food,Informal,149651.0,108915.0,54763.0,23426.0,25,93,55.1,0,Repaid,13.1,Low,Normal
CUST-12980,TXN-202672,2026-02-07,SME,Accra,Shop,Contract,120901.0,81426.0,68618.0,41571.0,35,50,75.2,0,Repaid,3.7,Low,Normal
CUST-10656,TXN-202673,2025-09-04,Retail,Abuja,Health,Salaried,214202.0,358259.0,85928.0,29305.0,35,90,96.0,0,Repaid,3.0,Low,Loan-to-income mismatch
CUST-13258,TXN-202674,2026-04-14,Services,Nairobi,Health,Contract,174892.0,186305.0,59458.0,21076.0,25,29,79.0,0,Repaid,5.0,Low,Normal
CUST-12079,TXN-202675,2025-09-26,Services,Nairobi,Shop,Contract,89545.0,182203.0,8731.0,22428.0,31,50,65.5,1,Defaulted,9.7,Low,Loan-to-income mismatch
CUST-13367,TXN-202676,2025-11-09,Market Trader,Accra,Education,Informal,141805.0,226457.0,65659.0,108088.0,31,69,81.7,1,Defaulted,19.7,Low,Loan-to-income mismatch
CUST-13073,TXN-202677,2025-12-29,Market Trader,Lagos,Education,Self-employed,157186.0,128867.0,16226.0,33523.0,20,68,46.7,0,Repaid,5.0,Low,Normal
CUST-12028,TXN-202678,2025-04-03,Retail,Kano,Fintech Agent,Salaried,131348.0,197993.0,4826.0,10629.0,32,25,56.9,0,Repaid,6.5,Low,Normal
CUST-11310,TXN-202679,2025-09-11,Retail,Abuja,Health,Contract,303255.0,637910.0,99399.0,10680.0,28,39,64.3,0,Repaid,8.1,Low,Loan-to-income mismatch
CUST-10410,TXN-202680,2026-03-25,Agriculture,Kano,Fintech Agent,Self-employed,199094.0,196934.0,75783.0,109766.0,25,23,86.2,0,Repaid,2.1,Low,Normal
CUST-10353,TXN-202681,2025-10-03,Market Trader,Nairobi,Health,Self-employed,289738.0,525864.0,188157.0,32633.0,35,63,79.3,0,Repaid,6.3,Low,Loan-to-income mismatch
CUST-11363,TXN-202682,2025-05-10,SME,Nairobi,Education,Contract,181796.0,200548.0,85220.0,24960.0,25,41,81.6,0,Repaid,2.3,Low,Normal
CUST-12838,TXN-202683,2025-10-22,Market Trader,Kumasi,Fintech Agent,Self-employed,168414.0,233358.0,93404.0,67988.0,33,2,71.5,0,Repaid,8.4,Low,Normal
CUST-11768,TXN-202684,2025-12-09,SME,Lagos,Education,Informal,109823.0,198649.0,26163.0,36853.0,20,29,57.8,0,Repaid,17.7,Low,Loan-to-income mismatch
CUST-11686,TXN-202685,2026-04-24,Agriculture,Kumasi,Health,Informal,163572.0,51422.0,55715.0,36551.0,29,36,98.8,0,Repaid,2.4,Low,Normal
CUST-10855,TXN-202686,2026-01-29,Services,Accra,Food,Salaried,163650.0,194742.0,103720.0,40503.0,23,54,59.4,0,Repaid,20.3,Low,Normal
CUST-11975,TXN-202687,2025-02-22,Market Trader,Kumasi,Shop,Self-employed,91657.0,35872.0,25935.0,16446.0,25,87,79.5,0,Repaid,1.0,Low,Normal
CUST-12233,TXN-202688,2025-10-29,Market Trader,Kano,Education,Salaried,129754.0,232196.0,68587.0,23273.0,25,94,70.0,0,Repaid,16.8,Low,Loan-to-income mismatch
CUST-13437,TXN-202689,2025-12-09,Retail,Accra,Transport,Salaried,142091.0,217304.0,49927.0,64756.0,29,65,82.1,0,Repaid,2.9,Low,Normal
CUST-12552,TXN-202690,2026-01-20,Services,Kano,Education,Salaried,193622.0,175380.0,31192.0,81887.0,23,87,61.1,0,Repaid,4.4,Low,Normal
CUST-12125,TXN-202691,2025-01-20,Services,Nairobi,Health,Self-employed,197554.0,69014.0,76189.0,59163.0,25,3,90.9,0,Repaid,1.0,Low,Normal
CUST-13185,TXN-202692,2025-05-26,Market Trader,Kano,Fintech Agent,Salaried,127497.0,284992.0,20065.0,44842.0,34,82,96.8,0,Repaid,16.0,Low,Loan-to-income mismatch
CUST-11487,TXN-202693,2025-05-14,Retail,Kigali,Transport,Contract,198179.0,174260.0,4342.0,32073.0,33,51,89.8,0,Repaid,1.0,Low,Normal
CUST-13272,TXN-202694,2025-04-13,SME,Kigali,Fintech Agent,Salaried,150772.0,119311.0,25422.0,78314.0,22,37,74.8,0,Repaid,2.5,Low,Normal
CUST-11294,TXN-202695,2026-02-13,Agriculture,Nairobi,Transport,Salaried,65000.0,26275.0,9209.0,54354.0,23,36,64.2,0,Repaid,1.7,Low,Normal
CUST-10447,TXN-202696,2025-08-26,Agriculture,Accra,Health,Salaried,132777.0,194083.0,33683.0,80537.0,29,34,100.0,0,Repaid,1.9,Low,Normal
CUST-11461,TXN-202697,2025-07-06,Retail,Accra,Fintech Agent,Salaried,256062.0,197104.0,148469.0,41342.0,40,78,54.2,0,Repaid,5.8,Low,Normal
CUST-10450,TXN-202698,2025-10-10,Services,Accra,Education,Salaried,80309.0,164725.0,21229.0,132299.0,30,45,87.9,0,Repaid,6.3,Low,Loan-to-income mismatch
CUST-10414,TXN-202699,2025-01-14,SME,Nairobi,Food,Informal,170643.0,289367.0,94275.0,104419.0,32,12,78.0,0,Repaid,15.2,Low,Loan-to-income mismatch
CUST-13084,TXN-202700,2025-05-01,SME,Kigali,Education,Self-employed,316732.0,59765.0,117202.0,53290.0,36,86,70.9,0,Repaid,1.5,Low,Normal
CUST-12781,TXN-202701,2025-09-22,Retail,Nairobi,Food,Informal,118248.0,169780.0,2932.0,84553.0,22,58,75.3,0,Repaid,6.9,Low,Normal
CUST-10774,TXN-202702,2025-04-15,Retail,Nairobi,Shop,Salaried,162902.0,113164.0,22628.0,33018.0,19,38,62.8,0,Repaid,2.3,Low,Normal
CUST-12932,TXN-202703,2025-08-14,Retail,Accra,Food,Salaried,94119.0,20152.0,57102.0,26857.0,42,68,79.7,1,Defaulted,2.8,Low,Normal
CUST-10241,TXN-202704,2025-06-15,Market Trader,Abuja,Shop,Informal,322364.0,501274.0,129148.0,9347.0,34,34,77.7,1,Defaulted,13.6,Low,Loan-to-income mismatch
CUST-10995,TXN-202705,2026-04-24,Services,Kano,Transport,Self-employed,157157.0,99781.0,95177.0,106734.0,22,57,100.0,0,Repaid,1.6,Low,Normal
CUST-12471,TXN-202706,2026-03-30,Agriculture,Kigali,Fintech Agent,Salaried,165973.0,361355.0,35747.0,27634.0,18,2,91.3,0,Repaid,6.4,Low,Loan-to-income mismatch
CUST-11063,TXN-202707,2026-05-02,Services,Kano,Shop,Salaried,287451.0,417639.0,135514.0,53902.0,30,27,81.3,1,Defaulted,6.6,Low,Normal
CUST-12556,TXN-202708,2025-07-15,SME,Accra,Shop,Informal,214877.0,138465.0,108809.0,105348.0,19,34,82.4,0,Repaid,4.5,Low,Normal
CUST-13060,TXN-202709,2025-05-24,Retail,Accra,Fintech Agent,Salaried,112672.0,265192.0,71512.0,33117.0,36,76,100.0,0,Repaid,3.6,Low,Duplicate customer details
CUST-10231,TXN-202710,2025-09-23,SME,Kano,Health,Self-employed,124013.0,172763.0,3900.0,48834.0,30,72,54.5,0,Repaid,7.3,Low,Normal
CUST-10083,TXN-202711,2026-02-28,SME,Abuja,Transport,Informal,200360.0,109667.0,124205.0,14735.0,32,76,68.7,0,Repaid,5.2,Low,Normal
CUST-13290,TXN-202712,2026-02-20,Services,Abuja,Shop,Self-employed,125225.0,166334.0,33398.0,17178.0,17,47,37.7,0,Repaid,13.1,Low,High-risk repayment pattern
CUST-11821,TXN-202713,2025-09-23,SME,Abuja,Education,Contract,66887.0,154493.0,36650.0,18917.0,26,35,82.1,0,Repaid,17.5,Low,Loan-to-income mismatch
CUST-11772,TXN-202714,2025-10-19,Retail,Abuja,Fintech Agent,Self-employed,159156.0,178533.0,57801.0,143793.0,28,51,87.3,1,Defaulted,4.8,Low,Unusually high amount
CUST-11622,TXN-202715,2025-10-06,Agriculture,Lagos,Shop,Contract,87405.0,98267.0,32841.0,31791.0,29,27,54.1,0,Repaid,4.6,Low,Normal
CUST-11517,TXN-202716,2025-08-28,Agriculture,Kigali,Fintech Agent,Self-employed,320885.0,386250.0,79069.0,22386.0,27,51,97.8,0,Repaid,1.6,Low,Normal
CUST-12415,TXN-202717,2025-02-28,Market Trader,Lagos,Shop,Salaried,175299.0,140560.0,95001.0,26724.0,35,64,59.1,0,Repaid,5.3,Low,Normal
CUST-12029,TXN-202718,2025-06-22,Retail,Lagos,Fintech Agent,Self-employed,111282.0,59999.0,20735.0,42294.0,30,93,65.8,0,Repaid,2.2,Low,Normal
CUST-10571,TXN-202719,2026-03-08,Market Trader,Accra,Shop,Informal,121367.0,177829.0,40065.0,20023.0,20,36,74.2,1,Defaulted,13.6,Low,Normal
CUST-12193,TXN-202720,2026-03-23,Agriculture,Kigali,Transport,Salaried,73604.0,159362.0,27448.0,52873.0,29,12,100.0,0,Repaid,7.0,Low,Loan-to-income mismatch
CUST-12339,TXN-202721,2025-11-09,Market Trader,Kumasi,Shop,Self-employed,102562.0,185978.0,50029.0,65424.0,20,34,56.6,0,Repaid,14.6,Low,Loan-to-income mismatch
CUST-10397,TXN-202722,2026-05-20,Agriculture,Lagos,Food,Self-employed,249411.0,98152.0,79096.0,32245.0,33,79,77.2,0,Repaid,1.3,Low,Normal
CUST-11318,TXN-202723,2026-05-08,Retail,Kumasi,Education,Self-employed,415547.0,444587.0,186405.0,27860.0,32,44,85.9,0,Repaid,3.1,Low,Normal
CUST-12766,TXN-202724,2025-09-16,Market Trader,Kumasi,Shop,Self-employed,220816.0,42343.0,71928.0,28042.0,36,41,82.2,0,Repaid,1.0,Low,Normal
CUST-12165,TXN-202725,2026-02-08,Market Trader,Nairobi,Shop,Self-employed,156583.0,135229.0,68172.0,17685.0,19,45,82.9,0,Repaid,1.8,Low,Normal
CUST-10477,TXN-202726,2025-04-19,Retail,Kano,Shop,Salaried,135751.0,226163.0,60370.0,35660.0,32,25,85.7,0,Repaid,5.3,Low,Loan-to-income mismatch
CUST-10140,TXN-202727,2025-08-29,Market Trader,Kano,Food,Salaried,108909.0,89776.0,50855.0,56329.0,21,79,62.0,0,Repaid,3.6,Low,Normal
CUST-12034,TXN-202728,2025-08-02,Agriculture,Kigali,Education,Salaried,386583.0,790964.0,208244.0,92814.0,28,65,100.0,0,Repaid,4.1,Low,Loan-to-income mismatch
CUST-11616,TXN-202729,2026-03-19,Market Trader,Nairobi,Education,Contract,150351.0,186404.0,54225.0,44785.0,36,91,70.0,0,Repaid,3.4,Low,Normal
CUST-13363,TXN-202730,2025-08-03,Market Trader,Abuja,Fintech Agent,Self-employed,395761.0,659161.0,56105.0,55518.0,37,11,67.6,0,Repaid,7.2,Low,Loan-to-income mismatch
CUST-11827,TXN-202731,2025-06-14,SME,Nairobi,Food,Self-employed,292225.0,625999.0,130968.0,52645.0,30,69,96.3,0,Repaid,10.9,Low,Loan-to-income mismatch
CUST-13260,TXN-202732,2025-07-18,Market Trader,Kigali,Education,Self-employed,78344.0,132859.0,5373.0,69701.0,21,9,60.6,0,Repaid,10.2,Low,Loan-to-income mismatch
CUST-10750,TXN-202733,2026-03-22,Market Trader,Kumasi,Shop,Self-employed,,267259.0,19434.0,20810.0,35,10,77.8,0,Repaid,6.9,Low,Loan-to-income mismatch
CUST-11565,TXN-202734,2025-11-17,Agriculture,Kumasi,Food,Contract,122885.0,242563.0,63785.0,13911.0,38,81,59.0,1,Defaulted,29.6,Low,Loan-to-income mismatch
CUST-10488,TXN-202735,2025-03-01,Market Trader,Nairobi,Transport,Self-employed,157387.0,226461.0,46287.0,31583.0,25,33,100.0,0,Repaid,1.8,Low,Normal
CUST-12009,TXN-202736,2025-01-14,SME,Accra,Transport,Contract,158684.0,133272.0,52964.0,77593.0,18,31,100.0,0,Repaid,2.0,Low,Normal
CUST-10659,TXN-202737,2025-06-23,Retail,Abuja,Shop,Salaried,572874.0,482289.0,367820.0,15388.0,30,19,70.0,0,Repaid,4.1,Low,Normal
CUST-11722,TXN-202738,2026-02-28,Market Trader,Accra,Shop,Contract,103525.0,219808.0,17409.0,102912.0,41,12,81.4,0,Repaid,9.0,Low,Loan-to-income mismatch
CUST-11204,TXN-202739,2026-03-25,Retail,Accra,Transport,Salaried,179184.0,53688.0,5791.0,21065.0,26,64,72.1,0,Repaid,1.0,Low,Normal
CUST-10650,TXN-202740,2025-03-22,Services,Nairobi,Shop,Salaried,210857.0,478643.0,19012.0,26187.0,21,51,65.7,0,Repaid,13.2,Low,Loan-to-income mismatch
CUST-10338,TXN-202741,2025-01-13,Retail,Nairobi,Food,Self-employed,162647.0,147370.0,28306.0,56285.0,27,58,74.2,0,Repaid,4.1,Low,Normal
CUST-11792,TXN-202742,2025-05-16,SME,Lagos,Shop,Salaried,170463.0,310293.0,81367.0,70618.0,24,16,71.3,0,Repaid,10.1,Low,Loan-to-income mismatch
CUST-13315,TXN-202743,2026-03-25,Agriculture,Lagos,Food,Salaried,104944.0,95779.0,53392.0,71119.0,30,94,44.6,1,Defaulted,12.7,Low,Normal
CUST-10695,TXN-202744,2025-08-09,Market Trader,Abuja,Health,Salaried,170199.0,390833.0,64039.0,57339.0,27,2,76.7,0,Repaid,14.2,Low,Loan-to-income mismatch
CUST-11417,TXN-202745,2025-01-21,Retail,Abuja,Transport,Self-employed,201751.0,52651.0,36452.0,21556.0,35,44,71.2,0,Repaid,1.2,Low,Normal
CUST-10786,TXN-202746,2025-09-16,Retail,Abuja,Shop,Salaried,186762.0,180107.0,65123.0,31377.0,29,51,77.6,0,Repaid,3.5,Low,Normal
CUST-12831,TXN-202747,2025-12-06,Retail,Accra,Transport,Contract,206795.0,435461.0,6085.0,59570.0,32,11,70.6,0,Repaid,9.5,Low,Loan-to-income mismatch
CUST-11452,TXN-202748,2025-02-20,Services,Nairobi,Food,Salaried,294577.0,232246.0,132423.0,32521.0,22,56,65.5,0,Repaid,2.8,Low,Normal
CUST-13410,TXN-202749,2025-11-26,Retail,Kano,Education,Salaried,241235.0,191028.0,98184.0,21175.0,28,58,87.7,0,Repaid,1.3,Low,Normal
CUST-10858,TXN-202750,2026-02-17,Market Trader,Accra,Education,Self-employed,167702.0,364790.0,5657.0,6734.0,33,51,81.6,0,Repaid,9.3,Low,Loan-to-income mismatch
CUST-10282,TXN-202751,2025-01-30,Retail,Kigali,Shop,Contract,99495.0,201367.0,53202.0,95115.0,36,36,97.1,0,Repaid,2.8,Low,Loan-to-income mismatch
CUST-12038,TXN-202752,2025-01-28,SME,Nairobi,Fintech Agent,Contract,126500.0,52474.0,63371.0,41802.0,30,89,80.9,0,Repaid,1.7,Low,Normal
CUST-12280,TXN-202753,2026-03-09,Market Trader,Nairobi,Food,Salaried,148413.0,217870.0,31787.0,50691.0,36,18,68.4,0,Repaid,3.6,Low,Normal
CUST-13467,TXN-202754,2025-08-29,Market Trader,Nairobi,Transport,Contract,180952.0,122312.0,76052.0,19180.0,34,71,83.1,0,Repaid,1.9,Low,Normal
CUST-13049,TXN-202755,2025-02-14,Retail,Lagos,Fintech Agent,Self-employed,133133.0,87549.0,53112.0,52558.0,20,36,36.3,0,Repaid,12.8,Low,High-risk repayment pattern
CUST-13094,TXN-202756,2025-03-11,Services,Nairobi,Transport,Unemployed,109863.0,169870.0,12107.0,8044.0,29,38,100.0,0,Repaid,3.8,Low,Normal
CUST-12219,TXN-202757,2026-03-16,SME,Accra,Health,Self-employed,98810.0,44957.0,14007.0,30538.0,28,24,76.9,0,Repaid,1.5,Low,Normal
CUST-11259,TXN-202758,2026-03-18,Retail,Kumasi,Fintech Agent,Salaried,81349.0,99482.0,36641.0,33656.0,37,65,100.0,0,Repaid,3.0,Low,Normal
CUST-11501,TXN-202759,2026-05-23,Agriculture,Nairobi,Transport,Contract,147461.0,110290.0,89677.0,20839.0,23,20,56.4,0,Repaid,4.7,Low,Normal
CUST-10468,TXN-202760,2025-12-23,Agriculture,Lagos,Food,Salaried,87793.0,182233.0,33630.0,23181.0,27,37,51.9,1,Defaulted,18.8,Low,Loan-to-income mismatch
CUST-11508,TXN-202761,2025-12-13,Market Trader,Kumasi,Education,Contract,106914.0,150853.0,40384.0,58748.0,23,47,78.6,0,Repaid,5.5,Low,Normal
CUST-11275,TXN-202762,2026-04-10,Services,Kigali,Health,Self-employed,137938.0,90700.0,58956.0,25786.0,26,2,78.5,0,Repaid,3.2,Low,Normal
CUST-10125,TXN-202763,2026-04-26,Retail,Accra,Fintech Agent,Salaried,92866.0,207718.0,27634.0,19093.0,31,78,78.1,0,Repaid,23.9,Low,Loan-to-income mismatch
CUST-10715,TXN-202764,2025-01-14,Agriculture,Kumasi,Education,Salaried,190898.0,383100.0,10333.0,26133.0,26,33,75.3,0,Repaid,6.0,Low,Loan-to-income mismatch
CUST-11871,TXN-202765,2025-11-19,Agriculture,Lagos,Health,Salaried,222102.0,170785.0,59923.0,6493.0,30,85,60.7,0,Repaid,4.6,Low,Normal
CUST-11292,TXN-202766,2026-01-26,SME,Nairobi,Fintech Agent,Salaried,129216.0,298945.0,75870.0,47846.0,29,62,45.3,0,Repaid,34.1,Low,Loan-to-income mismatch
CUST-13477,TXN-202767,2026-05-22,SME,Kigali,Education,Self-employed,135462.0,104899.0,71404.0,45185.0,20,26,77.1,0,Repaid,1.8,Low,Normal
CUST-11674,TXN-202768,2025-01-28,Retail,Kano,Health,Contract,203968.0,169226.0,123253.0,34516.0,36,64,48.9,0,Repaid,7.4,Low,Normal
CUST-13355,TXN-202769,2026-02-16,Retail,Kano,Education,Salaried,120586.0,125028.0,14022.0,14100.0,13,44,47.2,0,Repaid,6.2,Low,Normal
CUST-12312,TXN-202770,2025-10-14,Market Trader,Accra,Education,Salaried,117155.0,63951.0,39687.0,40798.0,37,47,65.1,0,Repaid,2.6,Low,Normal
CUST-10141,TXN-202771,2025-12-17,Services,Abuja,Fintech Agent,Contract,269017.0,458721.0,104480.0,31275.0,24,81,79.8,0,Repaid,7.6,Low,Loan-to-income mismatch
CUST-10712,TXN-202772,2026-05-31,Retail,Lagos,Food,Salaried,235946.0,334404.0,35924.0,93316.0,13,62,100.0,0,Repaid,2.0,Low,Normal
CUST-12470,TXN-202773,2026-05-26,Market Trader,Lagos,Transport,Informal,209536.0,453794.0,30720.0,61768.0,26,94,89.6,0,Repaid,22.0,Low,Loan-to-income mismatch
CUST-11907,TXN-202774,2025-04-05,Retail,Abuja,Health,Salaried,240090.0,171603.0,123090.0,22601.0,31,89,97.8,0,Repaid,2.5,Low,Normal
CUST-11056,TXN-202775,2025-09-07,Market Trader,Nairobi,Education,Informal,70937.0,39577.0,31444.0,18850.0,32,81,83.8,0,Repaid,3.9,Low,Normal
CUST-11827,TXN-202776,2025-08-02,Market Trader,Kumasi,Education,Contract,287394.0,280538.0,122927.0,63037.0,30,45,78.6,0,Repaid,2.5,Low,Normal
CUST-13160,TXN-202777,2025-09-07,Services,Kumasi,Food,Salaried,191888.0,96781.0,36114.0,16867.0,21,48,100.0,0,Repaid,1.0,Low,Normal
CUST-11360,TXN-202778,2025-08-05,Retail,Lagos,Health,Salaried,248831.0,567448.0,84420.0,20807.0,33,84,48.2,0,Repaid,27.5,Low,Loan-to-income mismatch
CUST-10157,TXN-202779,2026-03-16,Retail,Abuja,Food,Salaried,191493.0,339466.0,6613.0,50072.0,29,83,64.6,0,Repaid,6.7,Low,Loan-to-income mismatch
CUST-11088,TXN-202780,2026-04-05,Retail,Kigali,Education,Salaried,166134.0,323554.0,16923.0,26898.0,16,36,66.0,1,Defaulted,6.1,Low,Loan-to-income mismatch
CUST-13275,TXN-202781,2025-12-14,SME,Accra,Shop,Self-employed,144983.0,266864.0,50236.0,69546.0,33,68,88.1,0,Repaid,3.5,Low,Loan-to-income mismatch
CUST-12666,TXN-202782,2025-11-30,Market Trader,Lagos,Fintech Agent,Self-employed,189890.0,136542.0,40844.0,8632.0,28,58,54.4,0,Repaid,5.1,Low,Normal
CUST-12931,TXN-202783,2025-03-16,Retail,Kigali,Health,Contract,142781.0,70285.0,89720.0,30324.0,27,12,85.7,0,Repaid,2.1,Low,Normal
CUST-13190,TXN-202784,2025-06-28,Retail,Accra,Food,Salaried,234335.0,265582.0,74292.0,78201.0,33,13,82.4,0,Repaid,3.2,Low,Normal
CUST-10411,TXN-202785,2025-06-08,Market Trader,Accra,Transport,Contract,83591.0,168889.0,6073.0,18470.0,20,9,86.6,0,Repaid,5.1,Low,Loan-to-income mismatch
CUST-10989,TXN-202786,2025-03-01,Retail,Kumasi,Fintech Agent,Salaried,129643.0,118461.0,4050.0,27732.0,19,26,86.3,0,Repaid,1.2,Low,Normal
CUST-10209,TXN-202787,2025-10-29,Agriculture,Kano,Education,Salaried,384164.0,77305.0,183213.0,29193.0,32,90,99.7,0,Repaid,1.0,Low,Normal
CUST-10016,TXN-202788,2025-11-28,Agriculture,Kumasi,Food,Salaried,125122.0,205868.0,16022.0,24644.0,23,31,71.1,0,Repaid,5.0,Low,Loan-to-income mismatch
CUST-12921,TXN-202789,2025-01-09,Market Trader,Kano,Fintech Agent,Salaried,147230.0,91892.0,20365.0,8642.0,36,88,81.5,0,Repaid,1.0,Low,Duplicate customer details
CUST-13279,TXN-202790,2025-08-26,SME,Kano,Fintech Agent,Salaried,112343.0,155606.0,32242.0,102669.0,16,43,58.7,0,Repaid,4.9,Low,Normal
CUST-10545,TXN-202791,2025-09-21,Market Trader,Abuja,Transport,Salaried,187410.0,39925.0,34925.0,30787.0,33,45,54.6,0,Repaid,2.3,Low,Normal
CUST-12527,TXN-202792,2025-08-24,Retail,Abuja,Health,,119464.0,156456.0,48794.0,52873.0,26,26,100.0,0,Repaid,1.6,Low,Normal
CUST-11872,TXN-202793,2025-05-01,SME,Kigali,Transport,Informal,150549.0,158650.0,49077.0,112456.0,32,64,57.4,0,Repaid,14.4,Low,Normal
CUST-10242,TXN-202794,2025-01-13,Agriculture,Abuja,Shop,Self-employed,232472.0,496215.0,20972.0,23607.0,36,57,83.5,0,Repaid,4.2,Low,Loan-to-income mismatch
CUST-13205,TXN-202795,2025-05-03,Market Trader,Abuja,Food,Informal,121360.0,216315.0,62426.0,41281.0,36,30,81.6,0,Repaid,21.2,Low,Loan-to-income mismatch
CUST-13049,TXN-202796,2026-05-25,Retail,Accra,Transport,Salaried,226662.0,58928.0,65345.0,2709.0,32,75,93.1,0,Repaid,1.0,Low,Normal
CUST-11986,TXN-202797,2026-04-07,Retail,Lagos,Education,Informal,229885.0,444308.0,93063.0,5197.0,26,67,42.2,1,Defaulted,43.0,Medium,Loan-to-income mismatch
CUST-12477,TXN-202798,2025-12-26,Market Trader,Kano,Food,Salaried,253490.0,490890.0,5699.0,33624.0,25,68,88.0,0,Repaid,7.5,Low,Loan-to-income mismatch
CUST-11390,TXN-202799,2025-05-26,Market Trader,Lagos,Transport,Salaried,172651.0,285352.0,71587.0,10706.0,34,43,71.0,0,Repaid,8.2,Low,Loan-to-income mismatch
CUST-12774,TXN-202800,2025-01-11,Agriculture,Abuja,Food,Salaried,634967.0,1424256.0,125848.0,45976.0,40,62,61.2,0,Repaid,18.6,Low,Loan-to-income mismatch
CUST-11557,TXN-202801,2026-04-09,Retail,Abuja,Health,Self-employed,253446.0,497571.0,84006.0,60278.0,37,34,67.5,1,Defaulted,7.2,Low,Loan-to-income mismatch
CUST-13462,TXN-202802,2025-08-09,SME,Kigali,Education,Salaried,186549.0,124233.0,38721.0,33071.0,39,95,90.7,0,Repaid,1.0,Low,Normal
CUST-10220,TXN-202803,2025-10-03,Services,Kano,Education,Contract,112658.0,115703.0,72962.0,49362.0,18,43,85.2,0,Repaid,2.5,Low,Normal
CUST-10602,TXN-202804,2026-05-15,Retail,Lagos,Shop,Contract,156254.0,149508.0,25849.0,32040.0,25,27,69.7,0,Repaid,4.0,Low,Duplicate customer details
CUST-13390,TXN-202805,2026-04-24,Market Trader,Kigali,Shop,Salaried,296279.0,385428.0,176316.0,77027.0,31,44,51.5,0,Repaid,17.0,Low,Normal
CUST-11010,TXN-202806,2025-10-12,Market Trader,Kigali,Education,Contract,333702.0,766595.0,199660.0,12923.0,27,90,52.8,0,Repaid,27.6,Low,Loan-to-income mismatch
CUST-11087,TXN-202807,2026-01-12,SME,Lagos,Education,Salaried,302821.0,468352.0,86374.0,49366.0,25,90,85.6,0,Repaid,4.3,Low,Normal
CUST-12769,TXN-202808,2025-10-16,Services,Lagos,Education,Salaried,226337.0,197983.0,47875.0,39589.0,33,35,49.0,0,Repaid,7.8,Low,Normal
CUST-10662,TXN-202809,2025-08-02,Services,Abuja,Food,Salaried,96050.0,218050.0,24978.0,56595.0,35,85,69.9,0,Repaid,13.4,Low,Loan-to-income mismatch
CUST-11797,TXN-202810,2025-05-04,Market Trader,Abuja,Shop,Salaried,199707.0,346412.0,128468.0,53773.0,31,30,100.0,0,Repaid,2.6,Low,Loan-to-income mismatch
CUST-11001,TXN-202811,2025-01-19,Agriculture,Accra,Food,Salaried,96627.0,74470.0,39602.0,25150.0,19,20,80.3,0,Repaid,2.8,Low,Normal
CUST-10692,TXN-202812,2026-05-01,Market Trader,Nairobi,Education,Salaried,87139.0,191049.0,31650.0,28199.0,20,22,85.4,0,Repaid,10.9,Low,Loan-to-income mismatch
CUST-13375,TXN-202813,2026-04-06,Agriculture,Kigali,Fintech Agent,Salaried,179952.0,169902.0,7671.0,18015.0,30,28,52.9,0,Repaid,5.1,Low,Normal
CUST-10699,TXN-202814,2025-07-22,Services,Kigali,Education,Informal,202753.0,268848.0,112354.0,71800.0,28,29,49.9,0,Repaid,35.6,Medium,Normal
CUST-10330,TXN-202815,2025-12-31,Agriculture,Kigali,Food,Informal,237855.0,295862.0,17315.0,91153.0,28,30,86.3,0,Repaid,8.0,Low,Normal
CUST-12358,TXN-202816,2025-02-22,Retail,Lagos,Food,Unemployed,200546.0,447310.0,9946.0,8634.0,34,38,66.9,1,Defaulted,32.8,Low,Loan-to-income mismatch
CUST-13035,TXN-202817,2025-03-11,Retail,Kigali,Shop,Salaried,203468.0,156624.0,39302.0,72718.0,27,3,93.1,0,Repaid,1.0,Low,Normal
CUST-10446,TXN-202818,2026-03-20,Agriculture,Kumasi,Transport,Salaried,107629.0,99012.0,34414.0,51729.0,37,37,74.6,0,Repaid,1.6,Low,Normal
CUST-12477,TXN-202819,2026-04-28,Retail,Lagos,Food,Self-employed,155735.0,256271.0,90954.0,4451.0,25,51,100.0,0,Repaid,4.3,Low,Loan-to-income mismatch
CUST-11892,TXN-202820,2025-11-11,Market Trader,Kigali,Education,Self-employed,86423.0,185661.0,44745.0,59136.0,29,39,63.5,0,Repaid,20.3,Low,Loan-to-income mismatch
CUST-12905,TXN-202821,2025-09-10,SME,Kumasi,Education,Salaried,70164.0,30524.0,10139.0,128000.0,24,47,79.0,0,Repaid,1.2,Low,Normal
CUST-10444,TXN-202822,2025-12-01,Agriculture,Nairobi,Transport,Contract,222142.0,143491.0,56515.0,55507.0,23,23,57.7,0,Repaid,6.3,Low,Normal
CUST-13415,TXN-202823,2025-01-16,Agriculture,Kumasi,Education,Unemployed,118621.0,271006.0,60681.0,17016.0,41,13,92.4,0,Repaid,28.0,Low,Loan-to-income mismatch
CUST-12166,TXN-202824,2025-06-15,Retail,Nairobi,Transport,Salaried,234791.0,447418.0,82662.0,117881.0,32,86,81.7,0,Repaid,7.1,Low,Loan-to-income mismatch
CUST-12947,TXN-202825,2025-06-02,SME,Lagos,Shop,Informal,259239.0,245830.0,33683.0,104297.0,40,95,56.5,0,Repaid,8.4,Low,Normal
CUST-11266,TXN-202826,2025-09-28,Agriculture,Accra,Transport,Salaried,125478.0,122209.0,33818.0,17825.0,30,40,68.1,0,Repaid,4.6,Low,Normal
CUST-13301,TXN-202827,2026-03-20,Retail,Kumasi,Transport,Self-employed,208549.0,254923.0,86410.0,54761.0,27,73,98.5,0,Repaid,2.4,Low,Normal
CUST-12192,TXN-202828,2025-02-13,Market Trader,Kigali,Education,Salaried,123292.0,206617.0,78060.0,45093.0,31,15,96.3,0,Repaid,4.3,Low,Loan-to-income mismatch
CUST-10444,TXN-202829,2025-08-05,SME,Kumasi,Health,Self-employed,74962.0,106859.0,32754.0,20235.0,23,19,48.3,0,Repaid,5.3,Low,Normal
CUST-13230,TXN-202830,2026-01-31,Market Trader,Abuja,Transport,Salaried,171406.0,326183.0,5177.0,36820.0,26,50,65.4,0,Repaid,6.6,Low,Loan-to-income mismatch
CUST-12785,TXN-202831,2026-02-21,Market Trader,Kumasi,Shop,Self-employed,133550.0,40098.0,61988.0,43550.0,29,68,100.0,0,Repaid,1.0,Low,Normal
CUST-11050,TXN-202832,2026-03-19,Retail,Abuja,Shop,Salaried,135288.0,270342.0,24087.0,28307.0,15,67,70.8,0,Repaid,6.4,Low,Loan-to-income mismatch
CUST-11909,TXN-202833,2025-07-27,Agriculture,Abuja,Transport,Self-employed,373116.0,115246.0,210124.0,85026.0,31,34,77.1,0,Repaid,2.0,Low,Normal
CUST-11358,TXN-202834,2026-05-04,Retail,Kumasi,Shop,Self-employed,85746.0,183133.0,22453.0,34259.0,27,84,92.3,0,Repaid,7.5,Low,Loan-to-income mismatch
CUST-11902,TXN-202835,2025-03-11,Market Trader,Kano,Fintech Agent,Salaried,191148.0,52762.0,27861.0,49492.0,21,61,49.8,0,Repaid,1.8,Low,Normal
CUST-13378,TXN-202836,2026-02-26,Market Trader,Kano,Transport,Self-employed,107171.0,49705.0,33738.0,35601.0,29,31,56.9,0,Repaid,4.2,Low,Normal
CUST-13146,TXN-202837,2025-04-11,Retail,Accra,Education,Unemployed,238344.0,138242.0,43087.0,23792.0,18,46,68.0,0,Repaid,5.0,Low,Normal
CUST-10754,TXN-202838,2025-12-16,Market Trader,Abuja,Health,Informal,184488.0,124561.0,31099.0,41488.0,22,30,95.5,0,Repaid,2.1,Low,Normal
CUST-13401,TXN-202839,2026-03-31,Retail,Lagos,Transport,Unemployed,190866.0,204592.0,72750.0,38330.0,24,15,92.2,0,Repaid,3.3,Low,Normal
CUST-11532,TXN-202840,2025-12-22,Retail,Accra,Shop,Salaried,109442.0,178956.0,55096.0,116625.0,21,2,86.8,0,Repaid,8.5,Low,Loan-to-income mismatch
CUST-12466,TXN-202841,2025-04-04,Market Trader,Abuja,Transport,Self-employed,118002.0,255071.0,64432.0,62823.0,23,45,71.3,0,Repaid,11.2,Low,Loan-to-income mismatch
CUST-12674,TXN-202842,2026-03-29,Market Trader,Nairobi,Fintech Agent,Contract,240252.0,322994.0,64996.0,9808.0,25,2,94.1,0,Repaid,1.5,Low,Normal
CUST-11690,TXN-202843,2026-04-28,Market Trader,Kumasi,Food,Informal,342400.0,466392.0,21258.0,19784.0,33,92,71.1,0,Repaid,10.7,Low,Normal
CUST-11598,TXN-202844,2025-09-09,Retail,Kigali,Shop,Salaried,199133.0,177001.0,64699.0,20530.0,26,84,84.2,0,Repaid,1.4,Low,Normal
CUST-11597,TXN-202845,2025-05-29,Market Trader,Abuja,Education,Unemployed,111645.0,218546.0,32744.0,3729.0,25,72,90.2,0,Repaid,25.6,Low,Loan-to-income mismatch
CUST-13018,TXN-202846,2025-11-28,Retail,Nairobi,Food,Self-employed,187654.0,79805.0,27040.0,61249.0,28,72,100.0,0,Repaid,1.0,Low,Normal
CUST-11352,TXN-202847,2026-05-17,Retail,Lagos,Transport,Contract,451142.0,382771.0,263725.0,53753.0,23,60,72.8,0,Repaid,4.9,Low,Normal
CUST-10979,TXN-202848,2026-05-15,Retail,Kumasi,Shop,Self-employed,169909.0,67165.0,107674.0,17389.0,12,70,67.3,0,Repaid,4.9,Low,Normal
CUST-11265,TXN-202849,2025-02-19,Retail,Abuja,Health,Salaried,300732.0,197124.0,15819.0,17939.0,27,81,97.1,0,Repaid,1.0,Low,Normal
CUST-10682,TXN-202850,2025-03-13,Market Trader,Nairobi,Transport,Salaried,119260.0,176773.0,62173.0,6056.0,33,50,98.5,0,Repaid,2.3,Low,Normal
CUST-11370,TXN-202851,2025-10-10,Services,Lagos,Shop,Salaried,159903.0,73497.0,68247.0,18659.0,35,79,64.0,0,Repaid,3.0,Low,Normal
CUST-10399,TXN-202852,2026-03-21,Retail,Lagos,Health,Self-employed,211127.0,85163.0,38996.0,52112.0,29,24,53.9,0,Repaid,4.4,Low,Normal
CUST-10314,TXN-202853,2025-01-19,Agriculture,Abuja,Transport,Self-employed,192313.0,387226.0,80800.0,107287.0,21,85,95.7,0,Repaid,3.4,Low,Loan-to-income mismatch
CUST-12533,TXN-202854,2025-12-21,Retail,Kano,Fintech Agent,Self-employed,117962.0,52213.0,11919.0,11833.0,35,68,44.2,0,Repaid,5.4,Low,Normal
CUST-10271,TXN-202855,2025-05-13,Market Trader,Nairobi,Education,Self-employed,115844.0,177227.0,7382.0,42031.0,29,12,43.3,0,Repaid,14.8,Low,Normal
CUST-11988,TXN-202856,2025-06-02,Market Trader,Abuja,Education,Self-employed,246491.0,236992.0,159208.0,116844.0,28,19,69.0,1,Defaulted,9.8,Low,Normal
CUST-12729,TXN-202857,2026-03-18,Retail,Nairobi,Health,Salaried,268458.0,582536.0,112997.0,36042.0,22,14,73.8,0,Repaid,15.9,Low,Loan-to-income mismatch
CUST-12535,TXN-202858,2025-05-29,SME,Accra,Transport,Salaried,307153.0,537752.0,55143.0,48919.0,39,24,52.9,0,Repaid,14.0,Low,Loan-to-income mismatch
CUST-11561,TXN-202859,2025-04-07,Retail,Lagos,Health,Self-employed,347198.0,108303.0,105382.0,40856.0,12,77,76.0,0,Repaid,1.6,Low,Normal
CUST-10677,TXN-202860,2026-05-13,Agriculture,Kigali,Transport,Self-employed,172222.0,373367.0,106529.0,32128.0,37,79,76.8,0,Repaid,10.0,Low,Loan-to-income mismatch
CUST-13257,TXN-202861,2026-04-06,SME,Accra,Transport,Informal,142814.0,156932.0,42330.0,87384.0,26,95,63.4,0,Repaid,9.2,Low,Normal
CUST-12923,TXN-202862,2026-04-23,Agriculture,Nairobi,Education,Informal,287051.0,241716.0,168579.0,139764.0,26,14,100.0,0,Repaid,3.7,Low,Normal
CUST-12142,TXN-202863,2025-11-01,Retail,Lagos,Food,Self-employed,219584.0,367491.0,124581.0,23720.0,20,54,79.7,1,Defaulted,6.3,Low,Loan-to-income mismatch
CUST-10303,TXN-202864,2025-05-16,Market Trader,Accra,Fintech Agent,Salaried,107728.0,191099.0,25512.0,11843.0,24,79,92.3,0,Repaid,3.2,Low,Loan-to-income mismatch
CUST-10123,TXN-202865,2026-01-10,SME,Abuja,Shop,Contract,105437.0,89961.0,48341.0,25376.0,28,92,45.8,0,Repaid,15.7,Low,Normal
CUST-11103,TXN-202866,2026-01-28,Market Trader,Accra,Shop,Salaried,200108.0,192239.0,87270.0,56976.0,15,11,45.6,1,Defaulted,16.0,Low,Normal
CUST-10551,TXN-202867,2025-07-05,SME,Nairobi,Shop,Self-employed,151077.0,79626.0,76424.0,63208.0,19,64,80.3,0,Repaid,1.0,Low,Normal
CUST-13011,TXN-202868,2025-10-27,Market Trader,Nairobi,Fintech Agent,Unemployed,160958.0,241026.0,40326.0,63289.0,20,9,100.0,0,Repaid,5.7,Low,Normal
CUST-10720,TXN-202869,2026-05-24,SME,Kigali,Food,Informal,255369.0,588457.0,13511.0,11976.0,22,10,53.8,1,Defaulted,29.9,Low,Loan-to-income mismatch
CUST-10989,TXN-202870,2025-10-24,SME,Abuja,Fintech Agent,Informal,223864.0,247349.0,28600.0,47558.0,31,80,74.6,0,Repaid,10.8,Low,Normal
CUST-13415,TXN-202871,2026-03-03,Market Trader,Abuja,Education,Salaried,284517.0,680445.0,116205.0,53040.0,15,89,49.8,0,Repaid,34.5,Low,Loan-to-income mismatch
CUST-12863,TXN-202872,2025-01-16,Services,Nairobi,Fintech Agent,Self-employed,72313.0,41337.0,36758.0,7227.0,25,19,59.1,0,Repaid,6.5,Low,Normal
CUST-10765,TXN-202873,2026-04-16,Agriculture,Nairobi,Health,Contract,181032.0,352531.0,89848.0,41770.0,30,80,75.5,1,Defaulted,8.2,Low,Loan-to-income mismatch
CUST-11342,TXN-202874,2026-05-13,Retail,Kano,Shop,Salaried,217895.0,488172.0,84482.0,35349.0,23,87,63.1,0,Repaid,14.7,Low,Loan-to-income mismatch
CUST-11805,TXN-202875,2025-03-17,Retail,Kano,Fintech Agent,Contract,85719.0,146364.0,6292.0,106614.0,42,52,48.5,0,Repaid,12.2,Low,Loan-to-income mismatch
CUST-12324,TXN-202876,2025-08-12,Agriculture,Abuja,Education,Salaried,123617.0,52253.0,3819.0,10938.0,28,18,48.1,0,Repaid,2.3,Low,Normal
CUST-13276,TXN-202877,2025-05-18,SME,Nairobi,Education,Informal,114347.0,103475.0,58631.0,107508.0,32,71,38.1,0,Repaid,24.1,Low,High-risk repayment pattern
CUST-13048,TXN-202878,2025-10-13,Services,Lagos,Transport,Self-employed,164245.0,60800.0,60131.0,24836.0,30,53,80.6,0,Repaid,1.9,Low,Normal
CUST-13420,TXN-202879,2026-03-10,SME,Accra,Health,Salaried,322448.0,488793.0,165451.0,11252.0,21,35,82.8,0,Repaid,6.4,Low,Normal
CUST-10142,TXN-202880,2025-04-07,Retail,Kano,Shop,Informal,380594.0,911861.0,46644.0,24820.0,37,83,82.7,0,Repaid,20.9,Low,Loan-to-income mismatch
CUST-10827,TXN-202881,2025-12-12,Retail,Accra,Shop,Contract,115612.0,116994.0,31987.0,71860.0,28,59,55.6,1,Defaulted,5.9,Low,Normal
CUST-11970,TXN-202882,2025-03-08,SME,Kigali,Transport,Self-employed,203039.0,109994.0,121636.0,93716.0,38,26,90.1,0,Repaid,1.0,Low,Normal
CUST-10171,TXN-202883,2025-07-18,Market Trader,Nairobi,Health,Unemployed,205807.0,159785.0,26365.0,49269.0,30,40,84.7,0,Repaid,1.7,Low,Normal
CUST-11243,TXN-202884,2025-10-10,Services,Kigali,Health,Self-employed,191531.0,277180.0,11255.0,15780.0,36,31,72.1,0,Repaid,7.0,Low,Normal
CUST-10537,TXN-202885,2025-08-28,SME,Kumasi,Transport,Self-employed,192446.0,277718.0,83076.0,149670.0,26,51,69.2,0,Repaid,5.4,Low,Unusually high amount
CUST-13265,TXN-202886,2025-03-04,Services,Kano,Education,Self-employed,184900.0,127618.0,72954.0,34781.0,34,27,60.3,0,Repaid,6.4,Low,Normal
CUST-10221,TXN-202887,2025-08-15,Agriculture,Kigali,Food,Informal,330638.0,610544.0,204923.0,29450.0,23,61,75.5,0,Repaid,22.3,Low,Loan-to-income mismatch
CUST-10519,TXN-202888,2025-06-22,SME,Accra,Education,Self-employed,258600.0,97075.0,152852.0,55704.0,23,44,100.0,0,Repaid,1.0,Low,Normal
CUST-10682,TXN-202889,2025-10-15,SME,Kano,Shop,Self-employed,104270.0,162990.0,51316.0,19542.0,31,7,92.5,0,Repaid,5.5,Low,Loan-to-income mismatch
CUST-10520,TXN-202890,2025-06-21,SME,Nairobi,Food,Informal,227340.0,255769.0,7291.0,11986.0,22,2,67.4,0,Repaid,11.8,Low,Normal
CUST-11989,TXN-202891,2025-09-10,Market Trader,Kigali,Food,Salaried,236759.0,109460.0,76389.0,30796.0,25,11,81.7,0,Repaid,1.1,Low,Normal
CUST-11275,TXN-202892,2026-05-08,Agriculture,Accra,Shop,Contract,185774.0,295071.0,108593.0,5601.0,38,17,52.2,0,Repaid,16.8,Low,Loan-to-income mismatch
CUST-13193,TXN-202893,2025-08-23,Retail,Nairobi,Education,Contract,261764.0,438237.0,76749.0,69829.0,15,9,85.1,0,Repaid,4.8,Low,Loan-to-income mismatch
CUST-10912,TXN-202894,2026-01-14,Services,Accra,Food,Salaried,176132.0,203757.0,110285.0,82219.0,16,64,57.0,0,Repaid,10.5,Low,Normal
CUST-11880,TXN-202895,2025-06-19,SME,Accra,Transport,Contract,177052.0,345525.0,76321.0,216473.0,23,57,84.4,0,Repaid,8.4,Low,Loan-to-income mismatch
CUST-12310,TXN-202896,2025-12-14,Market Trader,Accra,Health,Informal,171257.0,224464.0,15235.0,19754.0,15,3,100.0,0,Repaid,2.9,Low,Normal
CUST-12190,TXN-202897,2025-08-20,Retail,Accra,Health,Self-employed,69727.0,56784.0,23766.0,67958.0,22,40,61.7,0,Repaid,4.2,Low,Normal
CUST-12787,TXN-202898,2025-11-18,Retail,Kigali,Transport,Salaried,157351.0,361434.0,72104.0,3679.0,28,29,100.0,0,Repaid,4.3,Low,Loan-to-income mismatch
CUST-10706,TXN-202899,2025-04-02,SME,Kigali,Fintech Agent,Salaried,122926.0,279752.0,7521.0,90599.0,37,49,80.8,0,Repaid,9.0,Low,Loan-to-income mismatch
CUST-11776,TXN-202900,2026-03-07,Retail,Nairobi,Shop,Salaried,98883.0,38790.0,23448.0,36656.0,29,57,58.5,0,Repaid,2.5,Low,Normal
CUST-12802,TXN-202901,2025-04-09,Retail,Kumasi,Education,Self-employed,297238.0,677792.0,140225.0,55222.0,39,49,57.7,0,Repaid,19.1,Low,Loan-to-income mismatch
CUST-13020,TXN-202902,2025-03-29,Retail,Lagos,Health,Self-employed,201142.0,382486.0,23927.0,87131.0,20,39,100.0,0,Repaid,2.9,Low,Loan-to-income mismatch
CUST-12162,TXN-202903,2025-12-22,Market Trader,Kano,Transport,Self-employed,160728.0,66983.0,38487.0,26349.0,32,5,80.9,0,Repaid,1.0,Low,Normal
CUST-12281,TXN-202904,2025-06-02,Services,Lagos,Food,Self-employed,,171123.0,58369.0,50442.0,34,76,61.8,0,Repaid,6.9,Low,Normal
CUST-13024,TXN-202905,2026-05-13,SME,Lagos,Health,Self-employed,184313.0,47478.0,93740.0,74830.0,23,76,68.3,0,Repaid,2.5,Low,Normal
CUST-12187,TXN-202906,2025-12-18,Market Trader,Kumasi,Food,Self-employed,246817.0,367082.0,85562.0,40415.0,42,82,79.8,0,Repaid,5.8,Low,Normal
CUST-13320,TXN-202907,2025-04-20,Services,Kano,Transport,Informal,114998.0,258938.0,71623.0,17857.0,21,67,71.8,0,Repaid,46.8,Medium,Loan-to-income mismatch
CUST-10446,TXN-202908,2026-05-18,Market Trader,Lagos,Education,Informal,162425.0,162007.0,97936.0,14964.0,24,32,78.2,0,Repaid,18.0,Low,Normal
CUST-11217,TXN-202909,2026-04-17,Services,Abuja,Shop,Contract,234354.0,306804.0,74587.0,26567.0,28,66,100.0,0,Repaid,2.9,Low,Normal
CUST-10392,TXN-202910,2025-06-02,Services,Lagos,Education,Salaried,72177.0,49455.0,8731.0,60348.0,30,86,51.7,0,Repaid,2.2,Low,Normal
CUST-10317,TXN-202911,2025-11-19,SME,Lagos,Transport,Informal,158867.0,219380.0,80537.0,65389.0,25,5,83.6,0,Repaid,8.6,Low,Normal
CUST-11651,TXN-202912,2025-08-16,SME,Accra,Transport,Informal,135903.0,266603.0,23535.0,80126.0,16,49,70.7,0,Repaid,31.4,Low,Loan-to-income mismatch
CUST-10790,TXN-202913,2026-05-07,Agriculture,Kumasi,Food,Informal,153859.0,101220.0,84773.0,47256.0,26,63,63.0,0,Repaid,8.3,Low,Normal
CUST-11425,TXN-202914,2026-05-12,Market Trader,Nairobi,Health,Self-employed,131836.0,185723.0,51403.0,128222.0,30,94,91.3,0,Repaid,2.7,Low,Normal
CUST-11532,TXN-202915,2025-07-23,Market Trader,Kano,Transport,Salaried,172440.0,166803.0,46262.0,56426.0,32,49,45.7,0,Repaid,8.5,Low,Normal
CUST-12173,TXN-202916,2026-04-13,Retail,Nairobi,Health,Self-employed,365099.0,671883.0,135277.0,20787.0,31,84,29.4,0,Repaid,30.0,Low,Loan-to-income mismatch
CUST-13309,TXN-202917,2025-12-23,Retail,Lagos,Food,Salaried,142053.0,246963.0,50524.0,36101.0,32,73,76.0,0,Repaid,13.4,Low,Loan-to-income mismatch
CUST-12972,TXN-202918,2025-02-17,Retail,Lagos,Fintech Agent,Salaried,183968.0,318506.0,110856.0,74551.0,29,76,69.5,0,Repaid,10.9,Low,Loan-to-income mismatch
CUST-11324,TXN-202919,2025-10-08,Services,Kano,Food,Self-employed,376169.0,383212.0,58325.0,6374.0,34,11,47.6,0,Repaid,15.3,Low,Normal
CUST-11139,TXN-202920,2025-07-21,Retail,Kumasi,Food,Informal,129184.0,195120.0,78123.0,39375.0,29,49,41.2,0,Repaid,35.9,Medium,High-risk repayment pattern
CUST-12697,TXN-202921,2026-05-20,Market Trader,Lagos,Health,Self-employed,348768.0,566891.0,13862.0,25505.0,28,72,100.0,0,Repaid,1.7,Low,Loan-to-income mismatch
CUST-10432,TXN-202922,2025-04-11,Market Trader,Lagos,Shop,Self-employed,163119.0,275901.0,82310.0,15960.0,28,13,80.3,0,Repaid,5.3,Low,Loan-to-income mismatch
CUST-11891,TXN-202923,2025-02-01,Market Trader,Kumasi,Fintech Agent,Self-employed,344000.0,501232.0,206190.0,15208.0,34,92,72.4,0,Repaid,5.8,Low,Normal
CUST-11480,TXN-202924,2025-03-15,Agriculture,Kano,Transport,Salaried,223035.0,469334.0,59830.0,54917.0,19,66,100.0,0,Repaid,6.2,Low,Loan-to-income mismatch
CUST-10639,TXN-202925,2025-01-31,Agriculture,Kano,Health,Salaried,185162.0,135600.0,12227.0,60169.0,36,81,90.4,0,Repaid,1.0,Low,Normal
CUST-12157,TXN-202926,2025-09-15,SME,Kano,Food,Contract,158330.0,48115.0,83430.0,42002.0,40,61,100.0,0,Repaid,1.0,Low,Normal
CUST-11122,TXN-202927,2026-03-22,SME,Kigali,Transport,Salaried,125229.0,290125.0,69002.0,44666.0,23,86,50.8,0,Repaid,37.6,Medium,Loan-to-income mismatch
CUST-10649,TXN-202928,2025-09-12,Agriculture,Lagos,Shop,Salaried,168019.0,52897.0,38954.0,31880.0,30,86,50.1,0,Repaid,1.3,Low,Normal
CUST-12286,TXN-202929,2025-01-28,Market Trader,Kumasi,Health,Self-employed,237255.0,518298.0,82260.0,3115.0,32,9,83.1,0,Repaid,5.9,Low,Loan-to-income mismatch
CUST-10609,TXN-202930,2026-03-22,Market Trader,Nairobi,Shop,Salaried,161861.0,249148.0,85781.0,101809.0,33,90,79.5,1,Defaulted,6.2,Low,Normal
CUST-12354,TXN-202931,2026-04-14,Retail,Nairobi,Education,Salaried,142489.0,316269.0,20089.0,61558.0,31,51,94.5,0,Repaid,6.7,Low,Loan-to-income mismatch
CUST-10567,TXN-202932,2026-01-28,Retail,Lagos,Education,Self-employed,146484.0,210087.0,60975.0,74429.0,23,47,42.6,0,Repaid,14.3,Low,Normal
CUST-11521,TXN-202933,2025-02-18,Services,Kano,Transport,Unemployed,246925.0,494502.0,71929.0,26360.0,31,25,84.7,0,Repaid,19.2,Low,Loan-to-income mismatch
CUST-12827,TXN-202934,2025-04-27,Agriculture,Kigali,Health,Salaried,272275.0,484994.0,35364.0,52284.0,16,40,89.8,0,Repaid,2.9,Low,Loan-to-income mismatch
CUST-10800,TXN-202935,2025-02-28,Market Trader,Nairobi,Food,Self-employed,122982.0,165503.0,66879.0,12550.0,32,53,88.9,0,Repaid,6.4,Low,Normal
CUST-12686,TXN-202936,2025-12-09,Retail,Kigali,Health,Self-employed,122908.0,121258.0,27599.0,58914.0,46,52,64.7,1,Defaulted,5.5,Low,Normal
CUST-12526,TXN-202937,2025-06-20,Agriculture,Nairobi,Food,Contract,190867.0,35567.0,116179.0,35261.0,33,68,81.3,0,Repaid,1.0,Low,Normal
CUST-13159,TXN-202938,2025-01-27,Services,Lagos,Health,Self-employed,309144.0,227842.0,116989.0,12907.0,31,65,58.0,1,Defaulted,4.0,Low,Normal
CUST-10591,TXN-202939,2026-01-11,Services,Kigali,Food,Contract,263370.0,603887.0,90636.0,89695.0,35,72,66.7,0,Repaid,9.5,Low,Loan-to-income mismatch
CUST-12502,TXN-202940,2026-01-19,Agriculture,Nairobi,Food,Informal,96204.0,76148.0,27580.0,53913.0,39,56,53.2,0,Repaid,15.9,Low,Normal
CUST-13278,TXN-202941,2025-10-25,SME,Kumasi,Fintech Agent,Salaried,145668.0,269357.0,39683.0,219231.0,38,95,58.3,0,Repaid,8.9,Low,Loan-to-income mismatch
CUST-12670,TXN-202942,2025-03-30,Retail,Lagos,Shop,Informal,110100.0,144106.0,58939.0,20564.0,27,84,67.7,0,Repaid,13.9,Low,Normal
CUST-10657,TXN-202943,2026-04-15,Retail,Kigali,Food,Salaried,145458.0,125807.0,64994.0,35101.0,18,92,63.2,0,Repaid,4.0,Low,Normal
CUST-12877,TXN-202944,2025-07-25,Retail,Kigali,Shop,Contract,319289.0,759980.0,162015.0,63684.0,24,70,58.3,0,Repaid,18.9,Low,Loan-to-income mismatch
CUST-10375,TXN-202945,2025-11-21,SME,Kigali,Shop,Self-employed,89546.0,25456.0,25546.0,8497.0,34,25,48.6,0,Repaid,2.3,Low,Normal
CUST-12060,TXN-202946,2025-01-07,Services,Kano,Shop,Self-employed,82461.0,121400.0,15231.0,41384.0,24,92,100.0,0,Repaid,2.4,Low,Normal
CUST-11741,TXN-202947,2025-11-04,Services,Kigali,Health,Self-employed,114922.0,138432.0,8588.0,55144.0,32,88,63.0,0,Repaid,3.9,Low,Normal
CUST-11858,TXN-202948,2026-04-06,Market Trader,Lagos,Health,Self-employed,183629.0,64250.0,93521.0,15541.0,35,29,77.9,0,Repaid,2.1,Low,Normal
CUST-11818,TXN-202949,2025-10-22,Market Trader,Kumasi,Health,Salaried,211233.0,138420.0,59488.0,36039.0,21,85,40.3,0,Repaid,8.2,Low,High-risk repayment pattern
CUST-10110,TXN-202950,2025-05-25,Market Trader,Nairobi,Fintech Agent,Self-employed,195581.0,336637.0,66656.0,20461.0,30,51,96.4,0,Repaid,2.7,Low,Loan-to-income mismatch
CUST-11778,TXN-202951,2025-07-29,SME,Abuja,Education,Self-employed,266676.0,112134.0,84186.0,71760.0,30,70,75.0,0,Repaid,1.3,Low,Normal
CUST-13278,TXN-202952,2025-05-17,Agriculture,Kigali,Transport,Self-employed,77614.0,151990.0,22634.0,51509.0,26,34,64.0,0,Repaid,11.3,Low,Loan-to-income mismatch
CUST-11528,TXN-202953,2025-11-26,Agriculture,Kumasi,Food,Self-employed,268096.0,420277.0,120873.0,34871.0,28,26,64.2,0,Repaid,8.6,Low,Loan-to-income mismatch
CUST-10969,TXN-202954,2025-10-02,Services,Abuja,Education,Salaried,142760.0,57661.0,57604.0,59516.0,25,39,87.6,0,Repaid,1.8,Low,Normal
CUST-13481,TXN-202955,2026-05-18,SME,Kigali,Health,Contract,221290.0,180734.0,139942.0,20174.0,33,19,18.8,0,Repaid,21.4,Low,High-risk repayment pattern
CUST-10346,TXN-202956,2025-01-13,SME,Lagos,Food,Self-employed,93355.0,45234.0,10037.0,98072.0,23,15,57.2,0,Repaid,1.3,Low,Normal
CUST-11701,TXN-202957,2026-05-17,Services,Kigali,Shop,Self-employed,163094.0,318143.0,62191.0,101627.0,16,42,69.9,0,Repaid,9.5,Low,Loan-to-income mismatch
CUST-11794,TXN-202958,2025-05-24,SME,Kigali,Fintech Agent,Unemployed,179734.0,245008.0,10756.0,22926.0,25,91,69.6,0,Repaid,9.2,Low,Normal
CUST-11672,TXN-202959,2025-02-27,Retail,Kigali,Education,Salaried,264452.0,49263.0,139892.0,15882.0,27,5,100.0,0,Repaid,1.0,Low,Normal
CUST-13226,TXN-202960,2025-05-15,Market Trader,Kano,Shop,Salaried,83633.0,115852.0,34145.0,82734.0,25,32,65.9,1,Defaulted,13.5,Low,Normal
CUST-11476,TXN-202961,2025-08-24,Retail,Accra,Fintech Agent,Informal,164871.0,206390.0,47793.0,47179.0,29,28,89.8,0,Repaid,8.1,Low,Normal
CUST-13406,TXN-202962,2026-01-22,Retail,Nairobi,Food,Contract,103177.0,165870.0,54210.0,65510.0,43,21,100.0,0,Repaid,3.3,Low,Loan-to-income mismatch
CUST-10233,TXN-202963,2025-11-02,Market Trader,Nairobi,Health,Self-employed,201251.0,51793.0,61714.0,21135.0,18,8,84.1,0,Repaid,1.0,Low,Normal
CUST-12568,TXN-202964,2025-04-29,Agriculture,Abuja,Health,Salaried,225580.0,58345.0,36884.0,25081.0,36,18,59.9,0,Repaid,3.0,Low,Normal
CUST-12075,TXN-202965,2026-01-05,Retail,Accra,Transport,Self-employed,279459.0,267050.0,88777.0,84344.0,31,51,48.9,0,Repaid,6.3,Low,Normal
CUST-10841,TXN-202966,2025-01-20,Market Trader,Kano,Fintech Agent,Contract,130000.0,222112.0,8401.0,27939.0,27,42,85.4,0,Repaid,2.4,Low,Loan-to-income mismatch
CUST-10797,TXN-202967,2025-06-05,Market Trader,Kumasi,Fintech Agent,Self-employed,240250.0,398757.0,140703.0,23043.0,33,59,100.0,0,Repaid,4.4,Low,Loan-to-income mismatch
CUST-12518,TXN-202968,2026-05-11,Agriculture,Nairobi,Fintech Agent,Informal,288249.0,229949.0,138505.0,7236.0,36,82,81.8,0,Repaid,3.6,Low,Normal
CUST-12231,TXN-202969,2026-05-23,Retail,Accra,Transport,Salaried,81621.0,53843.0,40729.0,28946.0,31,12,94.2,0,Repaid,1.6,Low,Normal
CUST-12139,TXN-202970,2025-06-13,Retail,Kigali,Shop,Self-employed,210488.0,357101.0,120174.0,16052.0,23,33,100.0,0,Repaid,3.5,Low,Loan-to-income mismatch
CUST-10177,TXN-202971,2025-08-03,SME,Kano,Education,Salaried,243428.0,58469.0,126264.0,26048.0,33,84,87.1,0,Repaid,1.0,Low,Normal
CUST-12092,TXN-202972,2025-07-02,SME,Nairobi,Transport,Self-employed,145996.0,206739.0,42641.0,31377.0,32,24,52.2,0,Repaid,3.9,Low,Normal
CUST-13434,TXN-202973,2025-05-28,Retail,Accra,Education,Informal,97878.0,109770.0,9273.0,73773.0,20,11,72.9,0,Repaid,11.0,Low,Normal
CUST-10060,TXN-202974,2025-04-08,Agriculture,Lagos,Health,Salaried,241842.0,171895.0,61723.0,6781.0,24,24,96.7,0,Repaid,1.0,Low,Normal
CUST-11641,TXN-202975,2026-02-07,Market Trader,Kano,Shop,Self-employed,98342.0,131293.0,59838.0,37418.0,13,39,67.5,0,Repaid,6.1,Low,Normal
CUST-11730,TXN-202976,2025-12-03,SME,Nairobi,Health,Salaried,151009.0,99985.0,93313.0,41656.0,28,26,99.1,0,Repaid,1.3,Low,Normal
CUST-13138,TXN-202977,2025-10-31,SME,Kano,Shop,Salaried,160035.0,229297.0,80619.0,68678.0,23,49,70.8,0,Repaid,6.8,Low,Normal
CUST-10989,TXN-202978,2026-02-04,Retail,Nairobi,Education,Salaried,219812.0,112263.0,32706.0,54951.0,30,21,78.0,0,Repaid,3.0,Low,Normal
CUST-11664,TXN-202979,2026-04-12,Retail,Kumasi,Education,Self-employed,125093.0,135180.0,17826.0,22494.0,30,56,65.7,0,Repaid,2.1,Low,Normal
CUST-12510,TXN-202980,2026-03-17,Market Trader,Kano,Shop,Unemployed,122085.0,160315.0,70108.0,65091.0,31,83,74.9,0,Repaid,12.2,Low,Normal
CUST-10211,TXN-202981,2025-02-24,Retail,Abuja,Transport,Salaried,169659.0,42479.0,18562.0,122131.0,36,31,75.8,0,Repaid,1.3,Low,Normal
CUST-12803,TXN-202982,2026-02-01,Retail,Nairobi,Education,Salaried,248372.0,381448.0,96370.0,15120.0,27,52,43.0,0,Repaid,14.9,Low,Normal
CUST-12877,TXN-202983,2025-01-29,Market Trader,Kumasi,Food,Salaried,425376.0,785116.0,109874.0,53174.0,33,69,64.1,0,Repaid,11.2,Low,Loan-to-income mismatch
CUST-12518,TXN-202984,2026-01-03,Market Trader,Kano,Food,Self-employed,86410.0,198958.0,18169.0,31697.0,25,8,49.8,1,Defaulted,48.5,Medium,Loan-to-income mismatch
CUST-12268,TXN-202985,2026-05-02,Agriculture,Lagos,Health,Salaried,185803.0,117231.0,83008.0,35393.0,28,34,64.7,0,Repaid,3.3,Low,Normal
CUST-12616,TXN-202986,2026-04-26,SME,Kano,Health,Unemployed,103121.0,66338.0,64402.0,106792.0,29,61,57.7,0,Repaid,18.6,Low,Normal
CUST-12736,TXN-202987,2025-08-19,Services,Lagos,Education,Contract,249671.0,213899.0,127310.0,52896.0,33,25,90.2,0,Repaid,2.4,Low,Normal
CUST-13161,TXN-202988,2026-05-16,Market Trader,Nairobi,Health,Self-employed,109734.0,236751.0,35804.0,27620.0,30,40,90.4,0,Repaid,9.6,Low,Loan-to-income mismatch
CUST-11498,TXN-202989,2025-04-22,Market Trader,Abuja,Fintech Agent,Salaried,122596.0,132799.0,36490.0,71608.0,31,44,82.1,0,Repaid,2.5,Low,Normal
CUST-11596,TXN-202990,2026-04-21,Market Trader,Kano,Transport,Self-employed,127072.0,108009.0,75205.0,32363.0,31,90,49.2,0,Repaid,4.5,Low,Normal
CUST-12232,TXN-202991,2026-01-19,Retail,Abuja,Fintech Agent,Contract,157629.0,287739.0,60562.0,22700.0,20,12,70.2,0,Repaid,14.7,Low,Loan-to-income mismatch
CUST-10675,TXN-202992,2026-02-14,Retail,Kigali,Food,Self-employed,186417.0,49277.0,62055.0,45554.0,18,61,47.8,0,Repaid,4.0,Low,Normal
CUST-12996,TXN-202993,2026-05-30,Retail,Nairobi,Fintech Agent,Contract,199417.0,278858.0,89775.0,90481.0,23,92,69.3,0,Repaid,8.3,Low,Normal
CUST-12696,TXN-202994,2026-01-31,SME,Kigali,Education,Self-employed,162361.0,191492.0,27505.0,15807.0,36,87,83.7,0,Repaid,2.3,Low,Normal
CUST-12208,TXN-202995,2026-05-31,Market Trader,Nairobi,Food,Informal,93102.0,145908.0,5600.0,50176.0,14,53,89.9,0,Repaid,5.6,Low,Loan-to-income mismatch
CUST-11055,TXN-202996,2025-08-13,Retail,Lagos,Shop,Self-employed,220945.0,398373.0,123446.0,6669.0,34,38,80.5,0,Repaid,13.3,Low,Loan-to-income mismatch
CUST-11216,TXN-202997,2026-05-12,Agriculture,Kumasi,Shop,Informal,159175.0,143492.0,64080.0,56034.0,35,15,94.7,0,Repaid,4.3,Low,Normal
CUST-11522,TXN-202998,2026-02-25,Retail,Accra,Education,Salaried,265118.0,422292.0,32841.0,52476.0,31,26,76.7,0,Repaid,2.5,Low,Loan-to-income mismatch
CUST-12318,TXN-202999,2025-03-22,Services,Kumasi,Health,Self-employed,120904.0,162496.0,25120.0,87907.0,25,76,67.8,0,Repaid,5.2,Low,Normal
CUST-12723,TXN-203000,2025-07-12,Agriculture,Kumasi,Shop,Self-employed,83037.0,39643.0,53447.0,11444.0,29,4,87.7,0,Repaid,1.3,Low,Normal
CUST-12351,TXN-203001,2026-03-15,Market Trader,Kumasi,Fintech Agent,Self-employed,160445.0,342940.0,67337.0,41477.0,19,69,88.3,0,Repaid,3.3,Low,Loan-to-income mismatch
CUST-13254,TXN-203002,2025-11-15,Retail,Kumasi,Transport,Salaried,280492.0,520366.0,118017.0,22024.0,21,89,62.6,0,Repaid,10.8,Low,Loan-to-income mismatch
CUST-13362,TXN-203003,2025-03-06,Services,Nairobi,Health,Self-employed,174137.0,387642.0,11400.0,26612.0,32,42,78.8,0,Repaid,21.1,Low,Loan-to-income mismatch
CUST-12467,TXN-203004,2025-11-04,Agriculture,Kigali,Health,Salaried,149663.0,266295.0,94357.0,97538.0,26,78,66.7,0,Repaid,6.0,Low,Loan-to-income mismatch
CUST-11298,TXN-203005,2025-07-04,Services,Accra,Health,Self-employed,112922.0,81696.0,65772.0,43112.0,29,94,35.8,0,Repaid,7.1,Low,High-risk repayment pattern
CUST-12096,TXN-203006,2025-03-01,Retail,Lagos,Fintech Agent,Salaried,340531.0,386764.0,124329.0,58296.0,23,73,79.9,0,Repaid,1.3,Low,Normal
CUST-11487,TXN-203007,2025-04-03,SME,Lagos,Health,Self-employed,105616.0,109719.0,22698.0,41619.0,30,49,48.7,0,Repaid,4.0,Low,Normal
CUST-12201,TXN-203008,2025-04-17,Retail,Lagos,Shop,Self-employed,120010.0,31146.0,55178.0,39920.0,21,55,77.9,0,Repaid,1.0,Low,Normal
CUST-12842,TXN-203009,2025-07-03,Market Trader,Kigali,Food,Salaried,206781.0,225684.0,112701.0,67361.0,15,21,44.4,0,Repaid,7.8,Low,Normal
CUST-11292,TXN-203010,2026-04-07,Retail,Accra,Education,Self-employed,74643.0,70699.0,38460.0,102316.0,28,14,59.0,0,Repaid,11.0,Low,Normal
CUST-11770,TXN-203011,2025-05-08,Agriculture,Accra,Education,Salaried,277987.0,52459.0,176672.0,34601.0,31,76,64.2,0,Repaid,3.2,Low,Normal
CUST-10159,TXN-203012,2025-04-02,SME,Abuja,Education,Self-employed,211538.0,435898.0,89104.0,124216.0,42,50,93.6,0,Repaid,6.0,Low,Loan-to-income mismatch
CUST-12578,TXN-203013,2026-04-08,Agriculture,Kigali,Transport,Informal,237442.0,118579.0,52800.0,33870.0,26,89,62.4,0,Repaid,10.5,Low,Normal
CUST-11714,TXN-203014,2025-09-11,Retail,Abuja,Fintech Agent,Informal,205748.0,265850.0,68657.0,23332.0,21,71,52.7,0,Repaid,18.1,Low,Normal
CUST-11608,TXN-203015,2026-05-25,Services,Kigali,Health,Self-employed,152105.0,292343.0,81267.0,40020.0,29,26,78.6,0,Repaid,7.2,Low,Loan-to-income mismatch
CUST-11863,TXN-203016,2025-06-08,Market Trader,Kumasi,Health,Self-employed,104139.0,158494.0,19491.0,18359.0,31,92,68.1,0,Repaid,5.5,Low,Normal
CUST-10754,TXN-203017,2025-03-31,Services,Kano,Food,Self-employed,153456.0,85315.0,25441.0,42096.0,40,2,86.2,0,Repaid,1.0,Low,Normal
CUST-12092,TXN-203018,2026-03-20,SME,Kumasi,Education,Self-employed,108056.0,167749.0,51504.0,20874.0,21,10,53.8,0,Repaid,7.2,Low,Loan-to-income mismatch
CUST-12608,TXN-203019,2025-03-08,Retail,Kigali,Transport,Salaried,199623.0,371671.0,59885.0,63217.0,12,59,75.8,0,Repaid,10.3,Low,Loan-to-income mismatch
CUST-11223,TXN-203020,2026-01-16,Agriculture,Lagos,Education,Salaried,228399.0,474517.0,122065.0,13732.0,32,58,100.0,0,Repaid,6.8,Low,Loan-to-income mismatch
CUST-10459,TXN-203021,2025-03-26,SME,Lagos,Transport,Informal,302628.0,268556.0,33447.0,32380.0,26,70,67.7,0,Repaid,4.4,Low,Normal
CUST-11353,TXN-203022,2026-03-16,Retail,Abuja,Fintech Agent,Salaried,190259.0,48574.0,44043.0,26551.0,22,62,75.4,0,Repaid,1.3,Low,Normal
CUST-10695,TXN-203023,2025-10-19,Retail,Kumasi,Education,Salaried,239983.0,367089.0,45333.0,17495.0,27,26,42.1,0,Repaid,17.2,Low,Normal
CUST-11308,TXN-203024,2025-03-14,Services,Accra,Food,Salaried,143659.0,97861.0,66034.0,33458.0,30,15,56.6,0,Repaid,3.6,Low,Normal
CUST-12193,TXN-203025,2026-04-01,Services,Kumasi,Education,Salaried,133136.0,254767.0,66352.0,2720.0,14,92,80.3,0,Repaid,6.6,Low,Loan-to-income mismatch
CUST-10396,TXN-203026,2025-05-25,SME,Kano,Transport,Salaried,198579.0,335467.0,61020.0,49229.0,24,33,66.1,0,Repaid,12.1,Low,Loan-to-income mismatch
CUST-12615,TXN-203027,2026-01-20,Retail,Nairobi,Health,Self-employed,138369.0,262413.0,44438.0,1343.0,16,17,83.1,0,Repaid,8.1,Low,Loan-to-income mismatch
CUST-10786,TXN-203028,2025-04-06,Market Trader,Accra,Transport,Self-employed,182236.0,424231.0,18803.0,43132.0,26,8,79.6,0,Repaid,18.1,Low,Loan-to-income mismatch
CUST-13131,TXN-203029,2025-08-06,Retail,Accra,Fintech Agent,Informal,104224.0,154011.0,48167.0,14754.0,24,77,48.3,0,Repaid,34.5,Low,Normal
CUST-12563,TXN-203030,2025-05-13,SME,Accra,Fintech Agent,Self-employed,112388.0,245857.0,72508.0,73435.0,20,81,90.3,0,Repaid,5.6,Low,Loan-to-income mismatch
CUST-10954,TXN-203031,2026-05-10,Market Trader,Abuja,Transport,Contract,,341123.0,108413.0,75289.0,15,84,49.6,0,Repaid,10.2,Low,Loan-to-income mismatch
CUST-11971,TXN-203032,2025-03-01,Market Trader,Kigali,Education,Self-employed,236194.0,137813.0,37923.0,23049.0,34,82,58.2,0,Repaid,2.6,Low,Normal
CUST-10387,TXN-203033,2025-10-05,Agriculture,Lagos,Transport,Salaried,107584.0,210269.0,44386.0,36144.0,26,18,76.1,1,Defaulted,13.2,Low,Loan-to-income mismatch
CUST-10349,TXN-203034,2025-05-20,Services,Lagos,Shop,Informal,215703.0,371012.0,44397.0,10859.0,20,3,100.0,0,Repaid,7.9,Low,Loan-to-income mismatch
CUST-13346,TXN-203035,2026-02-09,Retail,Accra,Transport,Self-employed,130125.0,305927.0,5076.0,53484.0,28,49,53.9,0,Repaid,17.6,Low,Loan-to-income mismatch
CUST-12808,TXN-203036,2025-10-13,Market Trader,Kumasi,Fintech Agent,Contract,163887.0,118067.0,21844.0,52764.0,31,49,74.7,0,Repaid,1.0,Low,Normal
CUST-10540,TXN-203037,2025-09-15,SME,Accra,Transport,Salaried,295114.0,271369.0,24977.0,15395.0,28,4,74.8,1,Defaulted,3.8,Low,Normal
CUST-10989,TXN-203038,2026-02-20,Retail,Nairobi,Fintech Agent,Self-employed,228466.0,457780.0,32771.0,62526.0,32,84,83.8,0,Repaid,10.5,Low,Loan-to-income mismatch
CUST-10691,TXN-203039,2025-12-10,Market Trader,Kano,Health,Salaried,227355.0,72666.0,118504.0,115921.0,32,62,93.3,0,Repaid,1.0,Low,Normal
CUST-11383,TXN-203040,2025-12-06,Retail,Abuja,Food,Salaried,362831.0,575342.0,74193.0,31984.0,32,66,64.7,0,Repaid,9.8,Low,Loan-to-income mismatch
CUST-11019,TXN-203041,2025-07-14,Retail,Kumasi,Education,Self-employed,121100.0,165756.0,60179.0,27799.0,16,53,90.2,0,Repaid,3.8,Low,Normal
CUST-11148,TXN-203042,2025-04-30,Agriculture,Abuja,Fintech Agent,Informal,107574.0,59680.0,66457.0,65514.0,31,95,95.9,0,Repaid,3.9,Low,Normal
CUST-11852,TXN-203043,2025-01-28,Market Trader,Accra,Shop,Informal,120176.0,65685.0,45882.0,22322.0,34,75,100.0,0,Repaid,3.6,Low,Normal
CUST-10661,TXN-203044,2025-10-15,SME,Kumasi,Health,Contract,146255.0,289386.0,47651.0,18530.0,24,56,81.0,0,Repaid,13.3,Low,Loan-to-income mismatch
CUST-13089,TXN-203045,2025-11-13,Retail,Lagos,Education,Contract,65000.0,13929.0,32018.0,36509.0,27,49,74.8,0,Repaid,1.7,Low,Normal
CUST-12546,TXN-203046,2025-05-05,SME,Abuja,Fintech Agent,Informal,149176.0,274184.0,12108.0,92544.0,20,80,63.5,1,Defaulted,20.1,Low,Loan-to-income mismatch
CUST-12661,TXN-203047,2025-05-30,SME,Lagos,Fintech Agent,Contract,129480.0,233908.0,37520.0,52191.0,31,35,45.7,0,Repaid,17.5,Low,Loan-to-income mismatch
CUST-10593,TXN-203048,2025-01-30,Agriculture,Abuja,Fintech Agent,Contract,226201.0,366964.0,75610.0,27553.0,37,82,67.0,0,Repaid,7.9,Low,Loan-to-income mismatch
CUST-12478,TXN-203049,2025-10-12,Retail,Kigali,Shop,Salaried,188719.0,205539.0,102581.0,55850.0,24,14,74.0,0,Repaid,11.7,Low,Normal
CUST-12926,TXN-203050,2026-05-04,SME,Lagos,Food,Unemployed,126463.0,30714.0,67399.0,28035.0,35,5,70.0,1,Defaulted,4.7,Low,Normal
CUST-10613,TXN-203051,2025-12-03,Services,Nairobi,Fintech Agent,Self-employed,208519.0,408686.0,115604.0,37351.0,28,6,82.8,0,Repaid,12.2,Low,Loan-to-income mismatch
CUST-12629,TXN-203052,2025-02-06,Retail,Abuja,Transport,Salaried,220526.0,101237.0,101367.0,6951.0,32,36,45.8,1,Defaulted,5.8,Low,Normal
CUST-11251,TXN-203053,2025-08-22,Retail,Accra,Transport,Self-employed,117855.0,94679.0,41750.0,53745.0,27,51,68.7,0,Repaid,2.2,Low,Normal
CUST-12756,TXN-203054,2026-04-20,Market Trader,Lagos,Health,Informal,132314.0,301922.0,71656.0,68473.0,29,86,100.0,0,Repaid,20.6,Low,Loan-to-income mismatch
CUST-11674,TXN-203055,2025-03-23,Services,Accra,Transport,Contract,65000.0,55259.0,37061.0,85191.0,24,88,89.9,0,Repaid,1.6,Low,Normal
CUST-12807,TXN-203056,2025-05-15,Retail,Kigali,Education,Salaried,102942.0,76837.0,33220.0,70878.0,29,4,83.1,0,Repaid,1.2,Low,Normal
CUST-10515,TXN-203057,2026-02-20,Retail,Lagos,Food,Self-employed,119153.0,278923.0,76373.0,60871.0,26,74,79.0,1,Defaulted,20.7,Low,Loan-to-income mismatch
CUST-11361,TXN-203058,2025-12-15,Services,Kano,Food,Contract,167904.0,62254.0,95896.0,32101.0,30,20,65.4,0,Repaid,1.6,Low,Normal
CUST-10957,TXN-203059,2025-03-30,Market Trader,Abuja,Shop,Contract,109419.0,58729.0,37377.0,54214.0,34,38,40.4,0,Repaid,7.9,Low,High-risk repayment pattern
CUST-10869,TXN-203060,2025-01-04,Retail,Kumasi,Fintech Agent,Salaried,131183.0,151263.0,8350.0,40939.0,18,82,80.2,0,Repaid,3.0,Low,Normal
CUST-11079,TXN-203061,2025-03-08,SME,Nairobi,Shop,Contract,97281.0,187619.0,15704.0,20455.0,27,94,27.9,0,Repaid,42.2,Medium,Loan-to-income mismatch
CUST-11338,TXN-203062,2025-10-16,Retail,Abuja,Transport,Self-employed,174882.0,374821.0,89038.0,82397.0,29,76,66.1,1,Defaulted,21.1,Low,Loan-to-income mismatch
CUST-10445,TXN-203063,2025-06-13,Market Trader,Lagos,Transport,Salaried,194619.0,361507.0,17521.0,5965.0,11,19,71.9,0,Repaid,5.4,Low,Loan-to-income mismatch
CUST-12474,TXN-203064,2025-04-01,Retail,Kigali,Transport,Salaried,192720.0,452335.0,60895.0,28395.0,18,5,64.0,0,Repaid,27.9,Low,Loan-to-income mismatch
CUST-11925,TXN-203065,2025-01-31,SME,Lagos,Shop,Self-employed,163602.0,35567.0,65614.0,30920.0,33,95,100.0,0,Repaid,1.0,Low,Normal
CUST-12902,TXN-203066,2025-02-16,SME,Kigali,Fintech Agent,Self-employed,85199.0,132510.0,48850.0,57511.0,23,24,100.0,0,Repaid,4.7,Low,Loan-to-income mismatch
CUST-12467,TXN-203067,2025-07-02,Retail,Accra,Education,Unemployed,125445.0,54981.0,69457.0,69148.0,26,23,90.6,0,Repaid,3.9,Low,Normal
CUST-10521,TXN-203068,2025-04-29,Market Trader,Nairobi,Food,Unemployed,137164.0,301899.0,68787.0,50846.0,35,51,55.3,0,Repaid,33.9,Low,Loan-to-income mismatch
CUST-10244,TXN-203069,2026-01-26,Services,Nairobi,Shop,Self-employed,137395.0,310016.0,38037.0,8140.0,30,17,100.0,0,Repaid,7.8,Low,Loan-to-income mismatch
CUST-11479,TXN-203070,2026-01-25,Market Trader,Kumasi,Education,Self-employed,167962.0,143225.0,18411.0,12929.0,25,64,83.1,0,Repaid,1.0,Low,Normal
CUST-11683,TXN-203071,2026-02-12,Services,Kano,Shop,Salaried,296181.0,597549.0,130876.0,52434.0,32,82,55.0,0,Repaid,17.1,Low,Loan-to-income mismatch
CUST-10840,TXN-203072,2026-01-03,Services,Kano,Transport,Self-employed,228909.0,361496.0,30722.0,124573.0,25,34,72.6,0,Repaid,4.1,Low,Loan-to-income mismatch
CUST-12737,TXN-203073,2025-08-24,Retail,Kumasi,Education,Self-employed,107500.0,43332.0,40165.0,25933.0,26,46,89.3,0,Repaid,1.0,Low,Normal
CUST-12035,TXN-203074,2025-04-06,SME,Accra,Fintech Agent,Self-employed,216410.0,328542.0,138032.0,19121.0,29,86,61.2,0,Repaid,12.9,Low,Normal
CUST-12617,TXN-203075,2025-04-05,Agriculture,Kigali,Education,Unemployed,212974.0,499817.0,78097.0,25984.0,27,85,74.5,0,Repaid,32.1,Low,Loan-to-income mismatch
CUST-10381,TXN-203076,2025-11-18,SME,Nairobi,Food,Salaried,116012.0,100231.0,49502.0,16958.0,28,10,77.7,0,Repaid,4.4,Low,Normal
CUST-12852,TXN-203077,2026-05-18,Agriculture,Kigali,Education,Self-employed,232472.0,42434.0,103885.0,30154.0,40,72,52.2,0,Repaid,4.4,Low,Normal
CUST-10721,TXN-203078,2026-01-15,Retail,Kano,Health,Self-employed,152153.0,357328.0,82641.0,42219.0,20,3,67.1,0,Repaid,23.6,Low,Loan-to-income mismatch
CUST-11568,TXN-203079,2026-03-02,Services,Accra,Education,Salaried,90023.0,98939.0,26470.0,67938.0,23,16,53.5,0,Repaid,9.2,Low,Normal
CUST-11537,TXN-203080,2026-03-08,Retail,Kigali,Food,Salaried,197045.0,223975.0,65701.0,56132.0,26,60,87.6,0,Repaid,2.3,Low,Normal
CUST-12871,TXN-203081,2025-01-03,SME,Kano,Fintech Agent,Self-employed,178282.0,314133.0,23330.0,93131.0,21,13,55.7,0,Repaid,11.4,Low,Loan-to-income mismatch
CUST-10968,TXN-203082,2026-04-15,Services,Nairobi,Transport,Salaried,147912.0,225083.0,60237.0,29949.0,20,19,77.3,0,Repaid,6.1,Low,Normal
CUST-10842,TXN-203083,2025-11-10,Market Trader,Kumasi,Shop,Self-employed,160215.0,136248.0,33057.0,98834.0,31,43,47.0,0,Repaid,5.6,Low,Normal
CUST-11188,TXN-203084,2026-03-25,SME,Kano,Transport,Unemployed,120329.0,48366.0,40888.0,17019.0,27,41,51.6,0,Repaid,9.0,Low,Normal
CUST-11262,TXN-203085,2026-05-03,SME,Kigali,Health,Self-employed,210293.0,424107.0,105763.0,49725.0,33,54,50.7,0,Repaid,29.5,Low,Loan-to-income mismatch
CUST-10635,TXN-203086,2025-03-08,Services,Abuja,Shop,Salaried,159812.0,200260.0,4965.0,30038.0,15,88,66.8,0,Repaid,2.7,Low,Normal
CUST-10617,TXN-203087,2026-04-25,Market Trader,Kumasi,Food,Informal,174540.0,291987.0,65499.0,19983.0,23,41,75.2,0,Repaid,14.8,Low,Loan-to-income mismatch
CUST-10809,TXN-203088,2025-10-07,SME,Kano,Shop,Salaried,189094.0,395267.0,24444.0,122279.0,30,30,78.6,0,Repaid,10.8,Low,Loan-to-income mismatch
CUST-11636,TXN-203089,2025-07-26,Retail,Kigali,Fintech Agent,Salaried,100215.0,21982.0,19643.0,3199.0,22,21,40.1,0,Repaid,2.8,Low,High-risk repayment pattern
CUST-11201,TXN-203090,2026-05-15,Retail,Accra,Transport,Unemployed,111793.0,233405.0,4681.0,17260.0,30,84,69.0,0,Repaid,19.6,Low,Loan-to-income mismatch
CUST-11372,TXN-203091,2025-11-12,Retail,Kumasi,Transport,Contract,65000.0,120184.0,8240.0,42139.0,33,22,58.5,1,Defaulted,16.6,Low,Loan-to-income mismatch
CUST-12516,TXN-203092,2025-12-01,Market Trader,Kano,Health,Salaried,206322.0,470815.0,132371.0,27052.0,32,2,81.6,0,Repaid,11.8,Low,Loan-to-income mismatch
CUST-10843,TXN-203093,2025-11-15,SME,Lagos,Fintech Agent,Self-employed,97819.0,68334.0,63491.0,50822.0,29,49,67.2,0,Repaid,4.6,Low,Normal
CUST-13184,TXN-203094,2025-11-22,Retail,Kigali,Shop,Self-employed,172074.0,154140.0,81478.0,18666.0,28,70,70.5,0,Repaid,3.9,Low,Normal
CUST-12631,TXN-203095,2026-01-12,Retail,Accra,Fintech Agent,Informal,190197.0,313536.0,77119.0,26380.0,23,3,58.6,0,Repaid,33.7,Low,Loan-to-income mismatch
CUST-10611,TXN-203096,2025-07-02,Retail,Kumasi,Food,Self-employed,209607.0,468526.0,106798.0,76715.0,33,61,100.0,0,Repaid,6.9,Low,Loan-to-income mismatch
CUST-11098,TXN-203097,2026-05-01,Services,Kigali,Transport,Self-employed,98156.0,233977.0,57404.0,50600.0,21,43,48.9,0,Repaid,30.6,Low,Loan-to-income mismatch
CUST-10642,TXN-203098,2025-12-15,Retail,Kano,Shop,Salaried,158361.0,175014.0,54977.0,38560.0,19,74,64.8,0,Repaid,4.0,Low,Normal
CUST-10954,TXN-203099,2025-08-29,Market Trader,Lagos,Food,Salaried,328246.0,452024.0,13861.0,56079.0,25,5,73.9,1,Defaulted,7.0,Low,Normal
CUST-11279,TXN-203100,2025-10-02,Agriculture,Nairobi,Transport,Salaried,334373.0,186789.0,156125.0,63891.0,16,86,67.5,0,Repaid,2.2,Low,Normal
CUST-10458,TXN-203101,2025-02-01,Services,Kumasi,Transport,Self-employed,246391.0,423947.0,157764.0,109931.0,17,84,58.2,1,Defaulted,13.7,Low,Loan-to-income mismatch
CUST-10050,TXN-203102,2025-02-16,SME,Kumasi,Transport,Self-employed,187540.0,382387.0,34240.0,87127.0,30,66,39.4,0,Repaid,22.9,Low,Loan-to-income mismatch
CUST-11535,TXN-203103,2026-01-08,Retail,Kano,Shop,Salaried,106708.0,208401.0,33291.0,72498.0,26,60,59.6,0,Repaid,13.9,Low,Loan-to-income mismatch
CUST-12453,TXN-203104,2025-07-15,Retail,Kigali,Health,Salaried,220096.0,208601.0,54496.0,21752.0,21,68,54.7,0,Repaid,4.6,Low,Normal
CUST-11060,TXN-203105,2026-05-04,Retail,Kano,Food,Self-employed,152304.0,353109.0,40512.0,52908.0,19,17,100.0,0,Repaid,7.5,Low,Loan-to-income mismatch
CUST-13011,TXN-203106,2025-08-08,Agriculture,Lagos,Health,Salaried,205957.0,92098.0,97723.0,34879.0,24,86,100.0,0,Repaid,1.0,Low,Normal
CUST-11292,TXN-203107,2026-03-26,Market Trader,Accra,Education,Informal,124767.0,159279.0,32239.0,63389.0,15,74,71.1,0,Repaid,9.1,Low,Normal
CUST-13152,TXN-203108,2026-01-07,Market Trader,Nairobi,Shop,Informal,151353.0,213590.0,92762.0,61161.0,30,72,46.7,1,Defaulted,40.1,Medium,Normal
CUST-10825,TXN-203109,2025-01-13,Retail,Kano,Food,Self-employed,174371.0,239073.0,90234.0,69745.0,36,48,85.3,0,Repaid,4.6,Low,Normal
CUST-11887,TXN-203110,2025-06-22,Market Trader,Accra,Shop,Informal,180491.0,336168.0,6754.0,73298.0,24,15,54.3,0,Repaid,38.3,Medium,Loan-to-income mismatch
CUST-12671,TXN-203111,2026-04-01,Market Trader,Kigali,Transport,Self-employed,200258.0,307061.0,107275.0,48227.0,21,50,62.1,0,Repaid,12.2,Low,Normal
CUST-10206,TXN-203112,2026-02-13,Market Trader,Kumasi,Health,Self-employed,127611.0,44820.0,64686.0,19913.0,20,53,60.7,0,Repaid,2.7,Low,Normal
CUST-13255,TXN-203113,2025-03-18,Retail,Kano,Transport,Self-employed,92579.0,53628.0,31976.0,60092.0,18,26,63.0,0,Repaid,2.7,Low,Normal
CUST-11277,TXN-203114,2025-04-29,Market Trader,Kano,Transport,Salaried,322033.0,438471.0,107235.0,62796.0,27,88,65.6,0,Repaid,7.0,Low,Normal
CUST-11742,TXN-203115,2026-05-21,Retail,Nairobi,Shop,Salaried,463002.0,797241.0,252976.0,74852.0,36,39,48.4,0,Repaid,22.6,Low,Loan-to-income mismatch
CUST-12199,TXN-203116,2025-08-29,SME,Nairobi,Shop,Self-employed,196402.0,259539.0,56488.0,39895.0,30,91,59.4,0,Repaid,7.4,Low,Normal
CUST-12250,TXN-203117,2026-01-18,SME,Lagos,Transport,Salaried,93332.0,90460.0,11243.0,9770.0,38,84,90.4,0,Repaid,1.2,Low,Normal
CUST-10082,TXN-203118,2025-09-09,SME,Nairobi,Fintech Agent,Contract,117625.0,34525.0,25539.0,132498.0,29,9,71.4,0,Repaid,1.7,Low,Normal
CUST-13035,TXN-203119,2025-03-07,Retail,Kano,Education,Salaried,201557.0,387928.0,37707.0,26925.0,27,15,74.3,1,Defaulted,9.7,Low,Loan-to-income mismatch
CUST-12182,TXN-203120,2025-10-19,SME,Lagos,Health,Self-employed,285863.0,366983.0,128372.0,49427.0,30,38,31.8,0,Repaid,19.3,Low,High-risk repayment pattern
CUST-13495,TXN-203121,2025-02-21,Market Trader,Abuja,Shop,Self-employed,97791.0,134571.0,12976.0,26825.0,24,60,89.1,0,Repaid,3.2,Low,Normal
CUST-11650,TXN-203122,2026-04-22,Market Trader,Kigali,Education,Salaried,154474.0,188626.0,65838.0,39231.0,25,12,59.7,0,Repaid,7.3,Low,Normal
CUST-12147,TXN-203123,2025-05-24,Retail,Abuja,Health,Salaried,176715.0,135906.0,55411.0,31672.0,30,22,92.2,0,Repaid,1.3,Low,Normal
CUST-11543,TXN-203124,2026-03-07,Services,Accra,Health,Self-employed,234011.0,185699.0,128469.0,36880.0,31,82,74.8,0,Repaid,3.9,Low,Normal
CUST-13114,TXN-203125,2025-04-29,Market Trader,Accra,Health,Salaried,140883.0,45219.0,45864.0,18440.0,32,43,61.9,0,Repaid,2.9,Low,Normal
CUST-12913,TXN-203126,2025-02-07,Market Trader,Accra,Health,Salaried,84389.0,147754.0,51121.0,76031.0,37,54,41.8,0,Repaid,31.2,Low,Loan-to-income mismatch
CUST-13180,TXN-203127,2025-01-03,Retail,Kano,Fintech Agent,Salaried,211272.0,165544.0,124079.0,57772.0,31,52,100.0,0,Repaid,1.0,Low,Normal
CUST-11764,TXN-203128,2025-02-25,SME,Lagos,Food,Self-employed,261036.0,220003.0,35692.0,59060.0,31,93,86.5,0,Repaid,1.7,Low,Normal
CUST-12770,TXN-203129,2026-04-05,Market Trader,Lagos,Transport,Informal,157206.0,375026.0,71102.0,4179.0,17,13,87.5,0,Repaid,26.1,Low,Loan-to-income mismatch
CUST-11255,TXN-203130,2025-02-21,Agriculture,Accra,Shop,Contract,192953.0,199997.0,29949.0,15940.0,32,51,100.0,0,Repaid,1.3,Low,Normal
CUST-11613,TXN-203131,2025-03-07,Retail,Kigali,Transport,Salaried,133347.0,175184.0,71832.0,65236.0,33,9,76.0,0,Repaid,10.3,Low,Normal
CUST-12660,TXN-203132,2025-04-23,Market Trader,Nairobi,Food,Self-employed,114094.0,118426.0,47977.0,17803.0,25,6,96.3,0,Repaid,1.6,Low,Normal
CUST-10284,TXN-203133,2026-05-26,Agriculture,Kumasi,Shop,Unemployed,250471.0,206444.0,51420.0,46416.0,18,47,63.4,0,Repaid,8.2,Low,Normal
CUST-12486,TXN-203134,2026-02-24,Market Trader,Abuja,Health,Self-employed,191520.0,36961.0,33889.0,27767.0,37,86,85.3,0,Repaid,1.0,Low,Normal
CUST-10055,TXN-203135,2025-05-17,Retail,Kigali,Food,Informal,199976.0,415520.0,58120.0,42817.0,30,40,60.7,0,Repaid,32.2,Low,Loan-to-income mismatch
CUST-12032,TXN-203136,2025-08-11,Agriculture,Kano,Transport,Contract,305862.0,376333.0,160411.0,28575.0,20,69,62.9,0,Repaid,5.9,Low,Normal
CUST-11670,TXN-203137,2025-10-24,Services,Nairobi,Fintech Agent,Salaried,104502.0,185821.0,54506.0,30389.0,22,88,73.7,1,Defaulted,6.8,Low,Loan-to-income mismatch
CUST-11640,TXN-203138,2025-05-23,Market Trader,Lagos,Shop,Self-employed,129075.0,297933.0,5296.0,54893.0,37,2,49.2,0,Repaid,12.6,Low,Loan-to-income mismatch
CUST-11730,TXN-203139,2025-12-27,SME,Accra,Education,Informal,173917.0,32398.0,36599.0,90317.0,24,67,77.9,0,Repaid,1.8,Low,Normal
CUST-11721,TXN-203140,2025-05-18,Market Trader,Abuja,Education,Salaried,128411.0,215549.0,36776.0,39164.0,30,86,66.4,0,Repaid,7.2,Low,Loan-to-income mismatch
CUST-11425,TXN-203141,2025-06-05,SME,Accra,Fintech Agent,Salaried,226142.0,100267.0,87950.0,91695.0,29,86,36.2,0,Repaid,6.1,Low,High-risk repayment pattern
CUST-11579,TXN-203142,2026-04-20,Agriculture,Nairobi,Food,Salaried,150436.0,180024.0,17180.0,12106.0,22,71,63.8,0,Repaid,3.8,Low,Normal
CUST-11988,TXN-203143,2025-08-24,SME,Kigali,Fintech Agent,Salaried,107273.0,220967.0,24805.0,55300.0,37,89,65.8,0,Repaid,18.3,Low,Loan-to-income mismatch
CUST-12672,TXN-203144,2026-04-21,Market Trader,Lagos,Health,Salaried,167313.0,56672.0,96695.0,25320.0,20,58,87.4,0,Repaid,1.3,Low,Normal
CUST-11932,TXN-203145,2026-02-03,Retail,Kano,Food,Self-employed,174825.0,415549.0,55983.0,28780.0,37,3,77.1,0,Repaid,18.1,Low,Loan-to-income mismatch
CUST-12248,TXN-203146,2025-06-11,SME,Lagos,Education,Contract,241003.0,354143.0,117805.0,36774.0,22,94,98.1,0,Repaid,4.3,Low,Normal
CUST-12928,TXN-203147,2025-02-03,SME,Accra,Food,Salaried,191975.0,202896.0,62471.0,113416.0,29,84,81.4,0,Repaid,4.5,Low,Normal
CUST-13463,TXN-203148,2025-03-18,SME,Kigali,Education,Informal,197537.0,44113.0,61817.0,24852.0,18,19,62.0,0,Repaid,6.6,Low,Normal
CUST-10380,TXN-203149,2025-07-06,Retail,Kano,Transport,Unemployed,186190.0,276073.0,76675.0,26747.0,20,92,70.9,0,Repaid,12.1,Low,Normal
CUST-12495,TXN-203150,2026-01-23,Market Trader,Kano,Transport,Self-employed,150384.0,192290.0,27580.0,38987.0,31,63,65.7,0,Repaid,7.0,Low,Normal
CUST-10788,TXN-203151,2026-02-12,Agriculture,Abuja,Health,Unemployed,120474.0,79272.0,21369.0,23881.0,35,44,80.8,0,Repaid,4.1,Low,Normal
CUST-10688,TXN-203152,2025-07-28,Retail,Nairobi,Fintech Agent,Self-employed,183746.0,233136.0,118203.0,27563.0,37,78,73.1,0,Repaid,10.1,Low,Normal
CUST-12775,TXN-203153,2025-06-21,Services,Nairobi,Education,Salaried,141505.0,29489.0,80299.0,26237.0,20,61,60.7,0,Repaid,2.5,Low,Normal
CUST-10240,TXN-203154,2026-01-06,Market Trader,Nairobi,Transport,Salaried,330951.0,793899.0,160440.0,50222.0,28,76,72.2,1,Defaulted,27.2,Low,Loan-to-income mismatch
CUST-12967,TXN-203155,2025-01-31,Agriculture,Abuja,Shop,Self-employed,285991.0,262338.0,30430.0,73048.0,17,34,80.3,0,Repaid,2.0,Low,Normal
CUST-12696,TXN-203156,2025-07-29,Market Trader,Abuja,Fintech Agent,Informal,212308.0,264556.0,8289.0,55616.0,24,38,53.9,0,Repaid,15.6,Low,Normal
CUST-13481,TXN-203157,2025-04-07,Market Trader,Abuja,Fintech Agent,Salaried,190795.0,366748.0,24901.0,104891.0,26,11,77.7,0,Repaid,8.9,Low,Loan-to-income mismatch
CUST-11078,TXN-203696,2025-01-25,SME,Lagos,Health,Salaried,371032.0,186437.0,201428.0,42526.0,25,78,82.6,0,Repaid,1.6,Low,Normal
CUST-13055,TXN-203159,2025-12-16,SME,Nairobi,Health,Contract,95830.0,206284.0,51198.0,12531.0,24,26,91.9,0,Repaid,10.4,Low,Loan-to-income mismatch
CUST-10414,TXN-203160,2026-03-16,Retail,Accra,Health,Unemployed,148629.0,337350.0,51951.0,83229.0,23,14,81.5,0,Repaid,15.8,Low,Loan-to-income mismatch
CUST-12027,TXN-200227,2026-04-13,Retail,Accra,Education,Contract,199543.0,287301.0,97168.0,122499.0,26,36,66.6,0,Repaid,7.5,Low,Normal
CUST-10561,TXN-203162,2025-04-20,Market Trader,Kumasi,Education,Salaried,179220.0,187587.0,20135.0,48859.0,29,38,51.9,0,Repaid,3.6,Low,Normal
CUST-11100,TXN-203163,2025-04-29,Agriculture,Kigali,Transport,Salaried,198234.0,337936.0,73796.0,30645.0,32,47,92.4,0,Repaid,5.2,Low,Loan-to-income mismatch
CUST-10448,TXN-203164,2025-07-30,Retail,Lagos,Food,Salaried,239656.0,67093.0,32457.0,20982.0,26,80,88.8,0,Repaid,1.0,Low,Normal
CUST-11405,TXN-203165,2025-09-25,Services,Kumasi,Health,Salaried,121698.0,215602.0,25928.0,52863.0,27,63,68.7,0,Repaid,4.5,Low,Loan-to-income mismatch
CUST-12621,TXN-203166,2026-01-11,Services,Lagos,Transport,Informal,122163.0,23314.0,74799.0,12797.0,28,77,65.2,0,Repaid,5.6,Low,Normal
CUST-10938,TXN-203167,2025-05-05,Market Trader,Kano,Education,Self-employed,299347.0,661340.0,169734.0,37720.0,30,2,52.5,0,Repaid,29.9,Low,Loan-to-income mismatch
CUST-12877,TXN-203168,2025-10-19,Retail,Accra,Health,Informal,224990.0,399208.0,18929.0,171379.0,33,4,47.8,1,Defaulted,28.6,Low,Loan-to-income mismatch
CUST-12122,TXN-203169,2026-04-22,SME,Accra,Shop,Self-employed,138120.0,198259.0,24477.0,17255.0,31,23,58.5,0,Repaid,10.0,Low,Normal
CUST-12201,TXN-203170,2025-02-06,Retail,Abuja,Education,Self-employed,155589.0,176152.0,61386.0,44851.0,28,38,49.4,0,Repaid,12.5,Low,Normal
CUST-13285,TXN-203171,2026-04-10,Market Trader,Abuja,Transport,Salaried,155883.0,369975.0,9143.0,64202.0,35,8,100.0,0,Repaid,12.9,Low,Loan-to-income mismatch
CUST-11511,TXN-203172,2025-04-02,SME,Abuja,Food,Self-employed,164927.0,299352.0,60455.0,67177.0,19,83,45.0,1,Defaulted,21.3,Low,Loan-to-income mismatch
CUST-11206,TXN-203173,2025-07-21,Retail,Abuja,Transport,Contract,198497.0,391474.0,77062.0,62305.0,27,92,74.7,0,Repaid,14.8,Low,Loan-to-income mismatch
CUST-13480,TXN-203174,2025-03-19,Services,Kumasi,Transport,Contract,471982.0,949795.0,95958.0,10954.0,45,47,79.8,0,Repaid,5.8,Low,Duplicate customer details
CUST-11949,TXN-203175,2025-01-20,SME,Kigali,Shop,Contract,176257.0,40286.0,36074.0,165207.0,37,77,78.4,0,Repaid,1.0,Low,Unusually high amount
CUST-12151,TXN-203176,2025-05-25,Market Trader,Kano,Food,Informal,214978.0,64794.0,35325.0,40709.0,29,19,80.0,0,Repaid,1.8,Low,Normal
CUST-11037,TXN-203177,2025-11-10,Market Trader,Nairobi,Education,Salaried,80152.0,49724.0,48851.0,13263.0,30,4,89.0,0,Repaid,1.6,Low,Normal
CUST-10754,TXN-203178,2025-07-13,Agriculture,Nairobi,Transport,Salaried,132766.0,217017.0,35182.0,62190.0,35,86,64.0,0,Repaid,9.7,Low,Loan-to-income mismatch
CUST-10594,TXN-203179,2025-11-20,Market Trader,Abuja,Fintech Agent,Self-employed,272693.0,426810.0,106001.0,100982.0,27,78,73.6,0,Repaid,9.8,Low,Loan-to-income mismatch
CUST-10782,TXN-203180,2026-01-17,Services,Abuja,Education,Self-employed,192716.0,173803.0,40469.0,28541.0,35,73,66.7,0,Repaid,3.7,Low,Normal
CUST-10683,TXN-203181,2025-11-15,Retail,Kano,Fintech Agent,Salaried,65000.0,152104.0,30074.0,38796.0,26,79,95.4,0,Repaid,13.9,Low,Loan-to-income mismatch
CUST-12613,TXN-203182,2025-12-16,Retail,Lagos,Health,Salaried,216012.0,83531.0,18125.0,83636.0,22,68,100.0,0,Repaid,1.0,Low,Normal
CUST-10202,TXN-203183,2025-06-02,Market Trader,Kigali,Transport,Informal,364262.0,693671.0,23726.0,60239.0,33,77,50.5,0,Repaid,32.0,Low,Loan-to-income mismatch
CUST-12202,TXN-203184,2026-02-23,Retail,Nairobi,Education,Informal,70384.0,87807.0,34411.0,23291.0,39,92,35.4,0,Repaid,34.2,Low,High-risk repayment pattern
CUST-13322,TXN-203185,2025-01-13,Market Trader,Kano,Health,Salaried,308089.0,341921.0,147205.0,5942.0,40,84,82.2,0,Repaid,1.9,Low,Normal
CUST-12679,TXN-203186,2026-03-14,Market Trader,Accra,Food,Self-employed,65000.0,15389.0,12152.0,102275.0,23,85,91.3,0,Repaid,1.0,Low,Normal
CUST-11410,TXN-203187,2025-01-17,Retail,Kano,Shop,Salaried,241339.0,433376.0,58809.0,30793.0,21,46,100.0,0,Repaid,2.4,Low,Loan-to-income mismatch
CUST-10207,TXN-203188,2025-11-22,Retail,Lagos,Transport,Salaried,162165.0,306962.0,101041.0,17232.0,22,78,85.3,0,Repaid,6.6,Low,Loan-to-income mismatch
CUST-12919,TXN-203189,2026-02-06,Retail,Abuja,Transport,Salaried,65000.0,57726.0,5572.0,24635.0,26,24,97.1,0,Repaid,1.0,Low,Normal
CUST-10011,TXN-203190,2026-04-11,Retail,Lagos,Food,Salaried,196296.0,260614.0,26575.0,95548.0,19,31,100.0,0,Repaid,2.0,Low,Normal
CUST-12384,TXN-203191,2025-10-02,Retail,Kano,Fintech Agent,Unemployed,263907.0,402802.0,76777.0,1987.0,21,83,98.4,1,Defaulted,7.1,Low,Normal
CUST-12348,TXN-203192,2026-02-22,Retail,Kano,Shop,Salaried,189630.0,188904.0,37494.0,82272.0,31,36,87.9,0,Repaid,2.5,Low,Normal
CUST-10671,TXN-203193,2025-05-20,Services,Kano,Fintech Agent,Self-employed,208070.0,321799.0,89236.0,49013.0,32,80,48.9,0,Repaid,17.1,Low,Normal
CUST-12589,TXN-203194,2025-05-30,Retail,Kumasi,Education,Informal,136912.0,156595.0,62306.0,34816.0,25,48,71.8,0,Repaid,9.3,Low,Normal
CUST-10614,TXN-203195,2026-04-17,Retail,Nairobi,Fintech Agent,Salaried,74475.0,158581.0,26187.0,45253.0,32,27,77.4,0,Repaid,14.3,Low,Loan-to-income mismatch
CUST-10789,TXN-203196,2025-10-10,Services,Accra,Health,Self-employed,217637.0,386327.0,88155.0,57801.0,29,40,70.2,0,Repaid,6.1,Low,Loan-to-income mismatch
CUST-12841,TXN-203197,2026-04-02,Agriculture,Kano,Food,Self-employed,339387.0,144345.0,99459.0,27497.0,30,56,71.3,0,Repaid,2.4,Low,Normal
CUST-13426,TXN-203198,2025-09-22,Retail,Kano,Shop,Salaried,261561.0,511383.0,130530.0,24621.0,30,7,100.0,0,Repaid,3.8,Low,Loan-to-income mismatch
CUST-10926,TXN-203199,2026-02-26,Services,Accra,Health,Salaried,70622.0,65626.0,3285.0,55661.0,25,54,58.4,0,Repaid,1.6,Low,Normal
CUST-13224,TXN-203200,2025-04-02,Services,Nairobi,Education,Contract,86141.0,194417.0,18703.0,41848.0,21,11,86.4,0,Repaid,10.3,Low,Loan-to-income mismatch
CUST-13196,TXN-203201,2025-11-17,Agriculture,Kano,Food,Self-employed,114084.0,173349.0,51474.0,85301.0,26,47,77.7,0,Repaid,5.4,Low,Normal
CUST-12692,TXN-203202,2025-04-18,SME,Kumasi,Health,Salaried,83362.0,20109.0,18980.0,130189.0,29,32,56.6,0,Repaid,3.2,Low,Normal
CUST-10490,TXN-203203,2025-11-14,SME,Kano,Health,Self-employed,165804.0,300153.0,11520.0,48201.0,26,59,52.6,0,Repaid,17.7,Low,Loan-to-income mismatch
CUST-11047,TXN-203204,2025-06-18,Services,Accra,Transport,Contract,191997.0,90283.0,45572.0,35343.0,24,80,41.4,0,Repaid,3.3,Low,High-risk repayment pattern
CUST-12371,TXN-203205,2025-10-01,Market Trader,Abuja,Shop,Self-employed,89259.0,189902.0,41795.0,77733.0,36,9,80.7,1,Defaulted,18.3,Low,Loan-to-income mismatch
CUST-13497,TXN-203206,2026-04-14,Agriculture,Lagos,Education,Unemployed,225572.0,515498.0,21847.0,64783.0,32,9,70.9,0,Repaid,15.6,Low,Loan-to-income mismatch
CUST-12850,TXN-203207,2025-04-05,Retail,Accra,Shop,Contract,209497.0,361061.0,99829.0,58536.0,30,44,57.1,0,Repaid,17.3,Low,Loan-to-income mismatch
CUST-11470,TXN-203208,2026-01-10,SME,Kumasi,Education,Salaried,129285.0,176213.0,65746.0,116596.0,35,72,38.2,0,Repaid,27.7,Low,High-risk repayment pattern
CUST-10823,TXN-203209,2026-01-11,Services,Accra,Fintech Agent,Salaried,151379.0,229578.0,63615.0,11866.0,23,28,79.8,0,Repaid,3.8,Low,Normal
CUST-13361,TXN-203210,2025-06-11,Retail,Nairobi,Health,Self-employed,71760.0,81237.0,12477.0,58101.0,29,75,68.9,0,Repaid,8.2,Low,Normal
CUST-10966,TXN-203211,2025-09-26,Retail,Lagos,Transport,Self-employed,141556.0,51746.0,74648.0,21896.0,31,2,59.2,0,Repaid,3.2,Low,Normal
CUST-11197,TXN-203212,2026-04-11,Agriculture,Lagos,Fintech Agent,Self-employed,163260.0,366034.0,25321.0,61582.0,25,29,54.6,1,Defaulted,23.1,Low,Loan-to-income mismatch
CUST-13375,TXN-203213,2025-10-09,Agriculture,Kigali,Fintech Agent,Self-employed,174708.0,159123.0,103194.0,49274.0,30,50,67.7,0,Repaid,7.1,Low,Normal
CUST-11965,TXN-203214,2025-03-13,Agriculture,Accra,Food,Salaried,190828.0,166883.0,88771.0,70374.0,30,60,80.5,0,Repaid,3.0,Low,Normal
CUST-10926,TXN-203215,2025-12-22,Services,Kano,Shop,Unemployed,180337.0,109057.0,9824.0,82052.0,39,36,66.1,0,Repaid,3.1,Low,Normal
CUST-10018,TXN-203216,2025-02-28,Retail,Kumasi,Fintech Agent,Self-employed,145652.0,347110.0,76256.0,16257.0,25,84,50.6,0,Repaid,13.4,Low,Loan-to-income mismatch
CUST-11504,TXN-203217,2025-07-11,SME,Nairobi,Health,Contract,183543.0,417100.0,62231.0,81030.0,23,42,71.0,0,Repaid,11.3,Low,Loan-to-income mismatch
CUST-13451,TXN-203218,2026-03-09,SME,Kigali,Fintech Agent,Self-employed,247918.0,236945.0,75657.0,39554.0,33,61,90.8,0,Repaid,1.2,Low,Normal
CUST-11513,TXN-203219,2025-12-30,Retail,Kigali,Fintech Agent,Self-employed,156356.0,118395.0,44549.0,67435.0,27,12,72.7,0,Repaid,1.7,Low,Normal
CUST-12448,TXN-203220,2025-12-15,Retail,Kano,Food,Unemployed,185979.0,365992.0,74796.0,27768.0,23,89,73.2,0,Repaid,20.3,Low,Loan-to-income mismatch
CUST-10885,TXN-203221,2025-05-09,SME,Lagos,Shop,Salaried,150514.0,168304.0,71718.0,40513.0,43,49,66.1,0,Repaid,2.0,Low,Normal
CUST-12714,TXN-203222,2025-01-09,SME,Kano,Food,Self-employed,124040.0,288826.0,72497.0,65500.0,33,46,56.0,0,Repaid,21.6,Low,Loan-to-income mismatch
CUST-12715,TXN-203223,2026-03-23,SME,Lagos,Food,Contract,202726.0,442085.0,38914.0,21635.0,25,27,55.4,0,Repaid,23.1,Low,Loan-to-income mismatch
CUST-12129,TXN-203224,2025-05-03,Market Trader,Accra,Transport,Informal,128902.0,240529.0,53802.0,18987.0,29,59,42.1,1,Defaulted,56.1,Medium,Loan-to-income mismatch
CUST-12701,TXN-203225,2026-05-24,SME,Abuja,Health,Self-employed,191412.0,72666.0,86594.0,85739.0,29,2,93.3,0,Repaid,1.0,Low,Normal
CUST-12025,TXN-203226,2025-06-13,Market Trader,Kumasi,Health,Salaried,164698.0,286364.0,73311.0,94285.0,33,44,80.3,0,Repaid,9.1,Low,Loan-to-income mismatch
CUST-11324,TXN-203227,2025-11-02,Retail,Kigali,Shop,Self-employed,143250.0,339747.0,47357.0,9257.0,26,75,73.5,0,Repaid,6.6,Low,Loan-to-income mismatch
CUST-12582,TXN-203228,2026-01-02,SME,Abuja,Fintech Agent,Self-employed,141801.0,143036.0,37768.0,36535.0,24,75,77.3,0,Repaid,3.0,Low,Normal
CUST-12922,TXN-203229,2025-07-16,SME,Accra,Transport,Salaried,131477.0,280977.0,65778.0,75813.0,14,61,78.1,0,Repaid,18.4,Low,Loan-to-income mismatch
CUST-12943,TXN-203230,2026-02-15,Agriculture,Kigali,Transport,Self-employed,81533.0,88551.0,17041.0,9687.0,19,37,58.8,0,Repaid,6.4,Low,Normal
CUST-10745,TXN-203231,2025-05-29,Market Trader,Kano,Transport,Self-employed,191150.0,446591.0,28878.0,30649.0,18,51,66.1,0,Repaid,16.2,Low,Loan-to-income mismatch
CUST-12368,TXN-203232,2025-08-19,Agriculture,Nairobi,Shop,Salaried,179378.0,292561.0,65271.0,43754.0,24,17,63.5,0,Repaid,4.0,Low,Loan-to-income mismatch
CUST-10015,TXN-203233,2026-04-06,Services,Lagos,Shop,Salaried,232550.0,91678.0,43858.0,36388.0,29,60,100.0,0,Repaid,1.1,Low,Normal
CUST-12001,TXN-203234,2025-06-10,Market Trader,Kumasi,Transport,Contract,130195.0,161895.0,5330.0,26326.0,27,22,90.4,1,Defaulted,3.8,Low,Normal
CUST-11999,TXN-203235,2025-06-18,SME,Lagos,Shop,Salaried,360794.0,104774.0,18939.0,19252.0,28,32,75.0,0,Repaid,1.3,Low,Normal
CUST-11272,TXN-203236,2025-02-16,Services,Lagos,Transport,Salaried,138761.0,146680.0,63533.0,131946.0,21,71,96.6,1,Defaulted,3.0,Low,Normal
CUST-13479,TXN-203237,2026-02-25,Market Trader,Kumasi,Transport,Contract,112697.0,249302.0,71346.0,21907.0,22,13,94.3,0,Repaid,9.4,Low,Loan-to-income mismatch
CUST-13090,TXN-203238,2025-02-04,Agriculture,Kigali,Health,Salaried,107222.0,74572.0,32859.0,60434.0,22,33,47.2,0,Repaid,7.1,Low,Normal
CUST-10135,TXN-203239,2025-07-30,SME,Kumasi,Transport,Salaried,78571.0,179948.0,8851.0,86969.0,30,35,68.0,0,Repaid,18.5,Low,Loan-to-income mismatch
CUST-10730,TXN-203240,2025-05-26,Market Trader,Kano,Fintech Agent,Unemployed,309807.0,124489.0,165868.0,30871.0,11,90,71.7,0,Repaid,5.1,Low,Normal
CUST-10727,TXN-203241,2026-03-30,Services,Kano,Fintech Agent,Self-employed,289482.0,479348.0,53469.0,26698.0,18,76,83.0,0,Repaid,3.4,Low,Loan-to-income mismatch
CUST-13141,TXN-203242,2025-09-01,Retail,Accra,Food,Salaried,209465.0,486759.0,135575.0,14852.0,35,37,68.0,0,Repaid,29.7,Low,Loan-to-income mismatch
CUST-11816,TXN-203243,2025-08-11,Retail,Kano,Shop,Salaried,111708.0,182332.0,41874.0,77620.0,19,59,70.2,1,Defaulted,15.3,Low,Loan-to-income mismatch
CUST-12551,TXN-203244,2025-09-30,Retail,Lagos,Transport,Salaried,348270.0,757762.0,58007.0,81873.0,35,24,63.7,1,Defaulted,22.0,Low,Loan-to-income mismatch
CUST-12834,TXN-203245,2025-10-26,Services,Nairobi,Shop,,140404.0,334174.0,46682.0,31870.0,25,76,90.9,0,Repaid,10.6,Low,Loan-to-income mismatch
CUST-12686,TXN-203246,2025-04-23,Market Trader,Accra,Shop,Salaried,145366.0,233297.0,33622.0,23046.0,36,34,46.0,0,Repaid,16.0,Low,Loan-to-income mismatch
CUST-10311,TXN-203247,2025-03-05,SME,Kigali,Health,Salaried,297643.0,570470.0,152116.0,28168.0,15,86,64.3,0,Repaid,16.9,Low,Loan-to-income mismatch
CUST-10491,TXN-203248,2025-04-01,Retail,Kumasi,Shop,Informal,214645.0,53877.0,18602.0,39216.0,28,85,38.8,0,Repaid,3.7,Low,High-risk repayment pattern
CUST-11383,TXN-203249,2026-05-19,Market Trader,Kano,Health,Contract,410226.0,462993.0,229690.0,19800.0,37,25,53.5,0,Repaid,9.0,Low,Normal
CUST-11184,TXN-203250,2025-01-24,SME,Lagos,Health,Contract,180676.0,148145.0,90956.0,65167.0,16,40,77.7,0,Repaid,2.5,Low,Normal
CUST-12614,TXN-203251,2025-10-18,Retail,Nairobi,Food,Self-employed,137757.0,276849.0,77510.0,51896.0,24,87,78.1,0,Repaid,7.7,Low,Loan-to-income mismatch
CUST-10546,TXN-203252,2026-01-21,Market Trader,Kumasi,Transport,Informal,125875.0,212002.0,73492.0,44716.0,21,11,66.4,0,Repaid,34.2,Low,Loan-to-income mismatch
CUST-11300,TXN-203253,2025-11-16,Retail,Kigali,Food,Salaried,74926.0,115686.0,12345.0,20943.0,24,64,92.2,0,Repaid,3.2,Low,Normal
CUST-10828,TXN-203254,2026-02-25,Retail,Abuja,Transport,Salaried,144783.0,325481.0,50418.0,22578.0,36,50,96.4,0,Repaid,2.7,Low,Loan-to-income mismatch
CUST-10660,TXN-203255,2025-03-06,Market Trader,Kano,Food,Salaried,263216.0,99308.0,146204.0,31569.0,27,54,70.8,0,Repaid,2.3,Low,Normal
CUST-10604,TXN-203256,2025-07-21,SME,Abuja,Transport,Salaried,209297.0,480866.0,53947.0,105584.0,19,55,76.5,1,Defaulted,19.0,Low,Loan-to-income mismatch
CUST-10684,TXN-203257,2025-12-23,Retail,Abuja,Fintech Agent,Informal,164149.0,66267.0,9530.0,52006.0,27,49,63.9,0,Repaid,3.4,Low,Normal
CUST-11975,TXN-203258,2025-01-30,Market Trader,Kigali,Fintech Agent,Self-employed,107165.0,101847.0,21833.0,16886.0,18,34,83.3,0,Repaid,1.3,Low,Normal
CUST-11435,TXN-203259,2025-08-09,Market Trader,Kano,Fintech Agent,Salaried,179026.0,282719.0,30866.0,45442.0,22,46,50.5,0,Repaid,7.6,Low,Loan-to-income mismatch
CUST-11523,TXN-203260,2026-02-15,Services,Lagos,Fintech Agent,Salaried,249043.0,233622.0,141491.0,719.0,30,93,100.0,0,Repaid,1.6,Low,Normal
CUST-11677,TXN-203261,2025-08-07,SME,Lagos,Transport,Contract,195029.0,330619.0,60893.0,91135.0,29,8,92.5,0,Repaid,3.0,Low,Loan-to-income mismatch
CUST-12593,TXN-203262,2026-02-12,Services,Kano,Fintech Agent,Self-employed,174561.0,331915.0,78663.0,72172.0,22,17,50.4,0,Repaid,13.3,Low,Loan-to-income mismatch
CUST-13016,TXN-203263,2025-09-02,SME,Lagos,Food,Contract,116457.0,235160.0,72918.0,40881.0,16,7,57.8,0,Repaid,34.8,Low,Loan-to-income mismatch
CUST-11842,TXN-203264,2025-02-25,Agriculture,Kigali,Shop,Informal,234267.0,135440.0,48842.0,37758.0,24,60,79.6,0,Repaid,3.9,Low,Normal
CUST-12247,TXN-203265,2025-10-04,Retail,Nairobi,Health,Contract,65000.0,37974.0,32471.0,22012.0,17,33,65.9,0,Repaid,2.5,Low,Normal
CUST-12584,TXN-203266,2025-07-31,SME,Kigali,Fintech Agent,Salaried,191146.0,56605.0,6564.0,24442.0,38,6,81.8,0,Repaid,1.4,Low,Normal
CUST-12416,TXN-203267,2026-02-19,Market Trader,Nairobi,Health,Self-employed,479038.0,608230.0,41002.0,64069.0,20,21,65.5,0,Repaid,5.2,Low,Normal
CUST-10469,TXN-203268,2026-03-09,Agriculture,Lagos,Shop,Self-employed,86378.0,41921.0,10536.0,19525.0,25,26,99.4,0,Repaid,1.0,Low,Normal
CUST-13440,TXN-203269,2025-06-26,Services,Kumasi,Shop,Informal,147064.0,130488.0,31887.0,36928.0,31,10,72.1,0,Repaid,7.2,Low,Normal
CUST-10576,TXN-203270,2026-04-13,Agriculture,Nairobi,Shop,,162215.0,331854.0,44428.0,50753.0,37,74,100.0,0,Repaid,3.7,Low,Loan-to-income mismatch
CUST-11441,TXN-203271,2026-03-31,Retail,Nairobi,Fintech Agent,Contract,134016.0,306364.0,42955.0,47383.0,27,4,82.8,1,Defaulted,10.4,Low,Loan-to-income mismatch
CUST-12284,TXN-203272,2025-09-07,SME,Accra,Education,Self-employed,251520.0,504300.0,43905.0,18519.0,30,84,47.7,1,Defaulted,23.9,Low,Loan-to-income mismatch
CUST-11411,TXN-203273,2025-02-27,Agriculture,Kigali,Health,Self-employed,198477.0,36012.0,12249.0,32178.0,38,93,100.0,0,Repaid,1.0,Low,Normal
CUST-10850,TXN-203274,2026-01-02,Retail,Abuja,Shop,Salaried,173506.0,250025.0,77529.0,64853.0,37,88,91.8,0,Repaid,2.8,Low,Normal
CUST-13231,TXN-203275,2025-10-01,Retail,Kumasi,Education,Salaried,227488.0,125115.0,7941.0,37834.0,23,21,78.8,0,Repaid,1.5,Low,Normal
CUST-10250,TXN-203276,2025-12-07,SME,Abuja,Food,Contract,163904.0,166225.0,86864.0,53936.0,20,23,83.6,0,Repaid,1.7,Low,Normal
CUST-10860,TXN-203277,2025-12-16,Market Trader,Kigali,Education,Salaried,618804.0,699236.0,374604.0,61023.0,28,94,50.6,0,Repaid,12.7,Low,Normal
CUST-13475,TXN-203278,2026-01-30,Retail,Kigali,Health,Self-employed,173436.0,394277.0,81087.0,61329.0,30,60,39.5,0,Repaid,55.9,Medium,Loan-to-income mismatch
CUST-12554,TXN-203279,2026-05-16,Services,Kigali,Education,Self-employed,176666.0,280351.0,69863.0,25745.0,29,53,71.2,0,Repaid,7.7,Low,Loan-to-income mismatch
CUST-10304,TXN-203280,2025-06-16,Services,Lagos,Shop,Salaried,79348.0,61431.0,34431.0,82944.0,22,83,96.8,0,Repaid,1.0,Low,Normal
CUST-12641,TXN-203281,2025-07-25,Market Trader,Abuja,Health,Self-employed,129541.0,208173.0,55819.0,20211.0,30,20,79.1,0,Repaid,5.2,Low,Loan-to-income mismatch
CUST-13393,TXN-203282,2025-04-01,Services,Kano,Fintech Agent,Salaried,263524.0,604298.0,159952.0,24796.0,24,40,100.0,1,Defaulted,9.9,Low,Loan-to-income mismatch
CUST-10342,TXN-203283,2025-12-17,Services,Kigali,Education,Self-employed,92884.0,28918.0,58286.0,36578.0,29,15,95.8,0,Repaid,1.0,Low,Normal
CUST-11449,TXN-203284,2025-12-31,SME,Kumasi,Transport,Salaried,65764.0,130969.0,18995.0,81918.0,26,77,72.4,0,Repaid,9.2,Low,Loan-to-income mismatch
CUST-11638,TXN-203285,2026-02-10,Agriculture,Kigali,Health,Self-employed,164979.0,109136.0,67437.0,75494.0,25,20,93.3,0,Repaid,1.5,Low,Normal
CUST-10458,TXN-203286,2025-03-20,Services,Kigali,Education,Self-employed,289443.0,150481.0,152180.0,25428.0,30,14,99.4,0,Repaid,1.0,Low,Normal
CUST-10701,TXN-203287,2026-03-06,Agriculture,Abuja,Fintech Agent,Informal,165678.0,360430.0,3422.0,37434.0,24,36,70.6,0,Repaid,29.9,Low,Loan-to-income mismatch
CUST-10608,TXN-203288,2025-11-08,Market Trader,Abuja,Education,Salaried,141326.0,26019.0,49750.0,83098.0,27,55,68.2,0,Repaid,1.3,Low,Normal
CUST-10648,TXN-203289,2026-04-19,Retail,Kumasi,Health,Salaried,74566.0,136099.0,32161.0,74323.0,33,21,74.5,0,Repaid,11.7,Low,Loan-to-income mismatch
CUST-11412,TXN-203290,2025-01-01,Market Trader,Nairobi,Health,Salaried,196801.0,73534.0,92858.0,45944.0,34,86,28.6,0,Repaid,10.7,Low,High-risk repayment pattern
CUST-11623,TXN-203291,2025-06-28,Retail,Abuja,Shop,Salaried,214859.0,333450.0,54217.0,47349.0,24,79,77.0,0,Repaid,2.6,Low,Loan-to-income mismatch
CUST-10832,TXN-203292,2026-05-06,Retail,Kumasi,Transport,Self-employed,77009.0,120010.0,15884.0,12109.0,23,88,85.0,0,Repaid,3.8,Low,Loan-to-income mismatch
CUST-11013,TXN-203293,2026-03-11,Market Trader,Kano,Food,Informal,262106.0,549207.0,35319.0,50338.0,23,36,74.6,0,Repaid,13.2,Low,Loan-to-income mismatch
CUST-10672,TXN-203294,2025-11-29,Market Trader,Nairobi,Health,Self-employed,224491.0,450371.0,83381.0,26873.0,24,38,78.2,0,Repaid,5.2,Low,Loan-to-income mismatch
CUST-12786,TXN-203295,2026-05-09,Retail,Kumasi,Transport,Salaried,261862.0,445444.0,156898.0,80262.0,25,51,71.2,0,Repaid,9.7,Low,Loan-to-income mismatch
CUST-10741,TXN-203296,2025-11-26,Services,Kumasi,Food,Unemployed,207956.0,213117.0,121543.0,39437.0,31,87,36.1,1,Defaulted,33.1,Low,High-risk repayment pattern
CUST-13176,TXN-203297,2025-08-31,Retail,Lagos,Shop,Contract,214175.0,117672.0,52854.0,15390.0,28,49,100.0,0,Repaid,1.0,Low,Normal
CUST-11885,TXN-203298,2025-05-21,SME,Nairobi,Education,Self-employed,202542.0,322288.0,36954.0,27283.0,46,38,65.4,0,Repaid,8.3,Low,Loan-to-income mismatch
CUST-12809,TXN-203299,2025-12-23,SME,Kumasi,Education,Contract,234394.0,300791.0,121168.0,181201.0,19,63,60.9,0,Repaid,6.2,Low,Unusually high amount
CUST-12227,TXN-203300,2025-09-30,Services,Abuja,Education,Self-employed,75820.0,26767.0,36146.0,52388.0,32,14,96.4,0,Repaid,1.0,Low,Normal
CUST-10931,TXN-203301,2025-06-16,Retail,Accra,Education,Informal,86643.0,199396.0,29317.0,28854.0,20,95,89.6,1,Defaulted,40.3,Medium,Loan-to-income mismatch
CUST-12104,TXN-203302,2025-03-22,Retail,Abuja,Fintech Agent,Salaried,119477.0,104902.0,31672.0,47633.0,18,66,76.9,0,Repaid,2.1,Low,Normal
CUST-10959,TXN-203303,2025-05-13,SME,Lagos,Shop,Self-employed,154118.0,28474.0,15102.0,50626.0,26,43,85.8,0,Repaid,1.0,Low,Normal
CUST-10414,TXN-203304,2025-09-21,SME,Accra,Health,Contract,191572.0,417963.0,98590.0,109810.0,26,10,51.2,0,Repaid,28.3,Low,Loan-to-income mismatch
CUST-10891,TXN-203305,2025-05-24,Agriculture,Kumasi,Education,Unemployed,186534.0,272536.0,76293.0,55965.0,31,32,70.5,0,Repaid,15.0,Low,Normal
CUST-10964,TXN-203306,2025-10-31,Retail,Nairobi,Food,Self-employed,260194.0,470273.0,66983.0,169791.0,36,55,95.3,0,Repaid,3.4,Low,Loan-to-income mismatch
CUST-10472,TXN-203307,2025-01-27,Market Trader,Kigali,Transport,Salaried,263647.0,136811.0,157881.0,44508.0,14,93,59.8,0,Repaid,3.9,Low,Normal
CUST-10082,TXN-203308,2025-06-29,Retail,Kumasi,Fintech Agent,Unemployed,112826.0,121652.0,49146.0,17632.0,26,47,54.0,0,Repaid,16.7,Low,Normal
CUST-13303,TXN-203309,2025-10-26,Agriculture,Lagos,Fintech Agent,Self-employed,179908.0,290018.0,108920.0,7579.0,29,95,73.4,0,Repaid,5.8,Low,Loan-to-income mismatch
CUST-11796,TXN-203310,2026-01-12,Market Trader,Kano,Food,Self-employed,113995.0,84030.0,36351.0,4908.0,29,50,73.8,0,Repaid,3.2,Low,Normal
CUST-11407,TXN-203311,2026-03-21,Retail,Accra,Health,Salaried,150382.0,261263.0,46078.0,75046.0,23,75,83.7,0,Repaid,8.8,Low,Loan-to-income mismatch
CUST-13254,TXN-203312,2025-03-11,SME,Kigali,Shop,Contract,186307.0,130159.0,113733.0,62800.0,23,11,47.2,0,Repaid,6.4,Low,Normal
CUST-10786,TXN-203313,2025-05-29,Retail,Lagos,Shop,Self-employed,65000.0,41877.0,40603.0,36686.0,10,76,26.1,1,Defaulted,15.2,Low,High-risk repayment pattern
CUST-11410,TXN-203314,2025-11-28,Retail,Kigali,Fintech Agent,Unemployed,448078.0,92217.0,280176.0,21100.0,29,24,88.6,0,Repaid,1.2,Low,Normal
CUST-12963,TXN-203315,2025-01-17,Retail,Abuja,Fintech Agent,,206466.0,166377.0,110646.0,40293.0,22,40,52.5,0,Repaid,6.4,Low,Normal
CUST-12212,TXN-203316,2025-10-10,Agriculture,Kumasi,Shop,Salaried,126729.0,92228.0,39453.0,55693.0,21,32,61.0,0,Repaid,7.1,Low,Normal
CUST-11397,TXN-203317,2025-05-27,SME,Accra,Shop,Contract,365673.0,686321.0,55761.0,51501.0,37,52,32.7,0,Repaid,32.4,Low,Loan-to-income mismatch
CUST-10895,TXN-203318,2025-09-26,Market Trader,Kigali,Shop,Salaried,140657.0,203215.0,36791.0,71158.0,27,59,90.4,0,Repaid,3.2,Low,Normal
CUST-10122,TXN-203319,2026-02-03,Market Trader,Kano,Shop,Salaried,172070.0,98901.0,105157.0,96831.0,21,35,78.3,0,Repaid,2.2,Low,Normal
CUST-10297,TXN-203320,2025-03-30,Services,Accra,Food,Informal,132642.0,191169.0,33033.0,40859.0,29,7,77.6,0,Repaid,9.8,Low,Normal
CUST-10566,TXN-203321,2025-08-19,Retail,Kumasi,Food,Unemployed,325734.0,221657.0,161802.0,34901.0,28,60,77.5,0,Repaid,6.7,Low,Normal
CUST-12753,TXN-203322,2026-01-18,Retail,Abuja,Education,Contract,155734.0,175141.0,93673.0,32761.0,32,41,34.9,0,Repaid,23.3,Low,High-risk repayment pattern
CUST-12237,TXN-203323,2026-01-31,Services,Abuja,Shop,Salaried,173301.0,372913.0,109413.0,39480.0,35,79,54.3,0,Repaid,24.3,Low,Loan-to-income mismatch
CUST-11517,TXN-203324,2025-06-06,SME,Nairobi,Fintech Agent,Contract,269841.0,479440.0,166501.0,65400.0,26,67,63.9,0,Repaid,18.5,Low,Loan-to-income mismatch
CUST-12740,TXN-203325,2025-04-22,Services,Nairobi,Health,Self-employed,208097.0,338250.0,76931.0,44627.0,37,37,58.5,0,Repaid,8.8,Low,Loan-to-income mismatch
CUST-10562,TXN-203326,2025-08-05,SME,Kumasi,Health,Self-employed,159082.0,128044.0,52479.0,16477.0,29,6,67.1,0,Repaid,2.8,Low,Normal
CUST-10738,TXN-203327,2025-11-28,Agriculture,Abuja,Fintech Agent,Self-employed,259462.0,118463.0,166630.0,43494.0,42,52,76.4,0,Repaid,1.4,Low,Normal
CUST-11374,TXN-203328,2026-01-01,SME,Abuja,Transport,Self-employed,472675.0,875180.0,74424.0,69016.0,34,76,90.1,0,Repaid,4.7,Low,Loan-to-income mismatch
CUST-13210,TXN-203329,2026-01-13,Retail,Kigali,Health,Salaried,185965.0,267923.0,25690.0,63607.0,31,74,45.4,0,Repaid,11.8,Low,Normal
CUST-12149,TXN-203330,2025-06-03,Services,Kigali,Food,Self-employed,170935.0,267091.0,107143.0,59868.0,33,33,71.8,0,Repaid,10.4,Low,Loan-to-income mismatch
CUST-12978,TXN-203331,2026-02-22,SME,Kano,Food,Salaried,174846.0,409970.0,79414.0,119667.0,29,21,84.8,0,Repaid,13.7,Low,Loan-to-income mismatch
CUST-10868,TXN-203332,2026-02-11,Retail,Accra,Health,Informal,282203.0,269016.0,100992.0,53435.0,26,8,55.4,0,Repaid,17.6,Low,Normal
CUST-12969,TXN-203333,2025-12-19,Retail,Lagos,Transport,Informal,126543.0,247728.0,13058.0,70281.0,24,59,68.5,0,Repaid,37.8,Medium,Loan-to-income mismatch
CUST-10253,TXN-203334,2026-01-17,Market Trader,Kumasi,Shop,Self-employed,144800.0,205744.0,49716.0,46137.0,31,26,80.4,0,Repaid,5.7,Low,Normal
CUST-10796,TXN-203335,2026-04-15,Market Trader,Lagos,Food,Informal,85329.0,59925.0,52465.0,73389.0,23,74,72.2,0,Repaid,3.9,Low,Normal
CUST-11830,TXN-203336,2026-03-01,Retail,Lagos,Health,Contract,98990.0,29441.0,39578.0,41281.0,32,58,84.1,0,Repaid,1.0,Low,Normal
CUST-10176,TXN-203337,2025-03-07,Market Trader,Accra,Shop,Informal,130944.0,202642.0,35999.0,25120.0,30,6,73.7,0,Repaid,13.9,Low,Normal
CUST-13003,TXN-203338,2026-01-29,Services,Nairobi,Fintech Agent,Informal,158976.0,133652.0,58375.0,38333.0,26,66,66.4,1,Defaulted,5.0,Low,Normal
CUST-13035,TXN-203339,2025-10-12,SME,Kigali,Fintech Agent,Salaried,342154.0,589860.0,197858.0,134847.0,32,25,50.9,0,Repaid,24.9,Low,Loan-to-income mismatch
CUST-11895,TXN-203340,2025-08-10,Market Trader,Accra,Food,Contract,203845.0,353796.0,121307.0,26341.0,30,83,76.4,0,Repaid,16.8,Low,Loan-to-income mismatch
CUST-11070,TXN-203341,2025-08-21,Retail,Accra,Transport,Salaried,110960.0,132167.0,30187.0,96501.0,34,4,73.8,0,Repaid,2.8,Low,Normal
CUST-10346,TXN-203342,2025-03-24,Agriculture,Accra,Health,Unemployed,119880.0,164332.0,48321.0,47238.0,34,36,54.1,1,Defaulted,32.6,Low,Normal
CUST-12166,TXN-203343,2026-05-31,Agriculture,Accra,Transport,Self-employed,289930.0,455461.0,56797.0,63975.0,19,2,82.5,0,Repaid,6.2,Low,Loan-to-income mismatch
CUST-11881,TXN-203344,2025-01-27,Retail,Nairobi,Transport,Contract,261235.0,318786.0,79463.0,58407.0,21,61,94.8,0,Repaid,2.3,Low,Normal
CUST-12659,TXN-203345,2025-10-11,Services,Nairobi,Health,Salaried,164690.0,350421.0,26108.0,40281.0,17,46,60.1,0,Repaid,20.4,Low,Loan-to-income mismatch
CUST-12108,TXN-203346,2026-04-24,Retail,Accra,Transport,Salaried,135150.0,47110.0,47955.0,29087.0,26,52,58.9,0,Repaid,1.9,Low,Normal
CUST-10449,TXN-203347,2025-12-20,Retail,Abuja,Education,Salaried,261051.0,614826.0,100320.0,160241.0,24,67,58.2,1,Defaulted,34.3,Low,Loan-to-income mismatch
CUST-10426,TXN-203348,2026-05-08,Market Trader,Nairobi,Transport,Salaried,107238.0,27266.0,24969.0,12153.0,34,86,41.8,0,Repaid,5.6,Low,High-risk repayment pattern
CUST-12732,TXN-203349,2026-04-20,Services,Kumasi,Fintech Agent,Self-employed,191885.0,123185.0,36733.0,69762.0,32,38,100.0,0,Repaid,1.0,Low,Normal
CUST-10556,TXN-203350,2025-01-14,Agriculture,Kano,Transport,Salaried,422742.0,740831.0,48677.0,8948.0,31,55,63.9,0,Repaid,9.9,Low,Duplicate customer details
CUST-13284,TXN-203351,2025-03-15,SME,Abuja,Fintech Agent,Informal,177415.0,65397.0,19145.0,148061.0,31,60,56.5,0,Repaid,4.1,Low,Unusually high amount
CUST-10370,TXN-203352,2025-02-26,Market Trader,Kano,Health,Informal,117506.0,89542.0,55019.0,55731.0,27,84,51.7,0,Repaid,18.9,Low,Normal
CUST-12549,TXN-203353,2025-06-25,Market Trader,Nairobi,Food,Self-employed,193369.0,100905.0,30868.0,20096.0,20,19,65.0,0,Repaid,2.1,Low,Normal
CUST-13413,TXN-203354,2025-07-21,Market Trader,Kano,Health,Informal,133599.0,238652.0,12602.0,21335.0,26,51,59.5,0,Repaid,22.2,Low,Loan-to-income mismatch
CUST-11544,TXN-203355,2025-06-16,Market Trader,Kigali,Fintech Agent,Self-employed,90624.0,132785.0,58841.0,38426.0,17,80,97.9,0,Repaid,5.0,Low,Normal
CUST-10198,TXN-203356,2025-03-21,Services,Abuja,Education,Informal,218477.0,70599.0,40145.0,8305.0,38,28,49.5,0,Repaid,6.3,Low,Normal
CUST-13068,TXN-203357,2025-03-02,SME,Abuja,Fintech Agent,Contract,260274.0,312719.0,152133.0,117049.0,30,36,44.3,0,Repaid,10.9,Low,Normal
CUST-10655,TXN-203358,2025-09-18,Market Trader,Lagos,Fintech Agent,Contract,142831.0,91823.0,57673.0,23362.0,32,44,81.9,0,Repaid,2.6,Low,Normal
CUST-11846,TXN-203359,2025-10-16,Services,Abuja,Fintech Agent,Salaried,138907.0,323416.0,65355.0,13517.0,30,68,70.1,0,Repaid,11.7,Low,Loan-to-income mismatch
CUST-13445,TXN-203360,2025-06-06,Retail,Abuja,Fintech Agent,Contract,108678.0,45599.0,40578.0,76292.0,21,65,68.0,0,Repaid,2.7,Low,Normal
CUST-12606,TXN-203361,2025-06-08,Retail,Nairobi,Fintech Agent,Contract,152822.0,230407.0,20465.0,8096.0,29,14,82.1,0,Repaid,2.4,Low,Normal
CUST-10162,TXN-203362,2025-09-13,Market Trader,Accra,Shop,Salaried,128516.0,160607.0,71152.0,35625.0,31,21,74.5,1,Defaulted,2.8,Low,Normal
CUST-12871,TXN-203363,2025-03-27,Services,Kumasi,Education,Salaried,106443.0,155763.0,57652.0,17240.0,29,78,71.2,0,Repaid,9.6,Low,Normal
CUST-10564,TXN-203364,2025-03-23,Retail,Lagos,Health,Informal,360307.0,829936.0,86582.0,57224.0,29,65,46.7,1,Defaulted,54.2,Medium,Loan-to-income mismatch
CUST-12622,TXN-203365,2025-01-12,Retail,Kumasi,Shop,Unemployed,197981.0,185636.0,99233.0,85844.0,26,50,42.0,0,Repaid,18.8,Low,Normal
CUST-12173,TXN-203366,2025-07-05,Market Trader,Kumasi,Education,Self-employed,206986.0,381322.0,74953.0,8028.0,33,41,59.4,0,Repaid,9.7,Low,Loan-to-income mismatch
CUST-11007,TXN-203367,2025-01-13,Services,Accra,Fintech Agent,Salaried,235868.0,276762.0,139799.0,73997.0,26,93,52.5,0,Repaid,11.7,Low,Normal
CUST-11482,TXN-203368,2025-07-06,Market Trader,Kumasi,Health,Self-employed,224995.0,370542.0,118298.0,32353.0,30,84,76.8,0,Repaid,6.6,Low,Loan-to-income mismatch
CUST-10412,TXN-203369,2025-07-21,SME,Lagos,Transport,Salaried,136830.0,135702.0,6271.0,25104.0,14,40,39.6,0,Repaid,10.0,Low,High-risk repayment pattern
CUST-13453,TXN-203370,2025-05-14,Services,Accra,Food,Informal,182494.0,124864.0,104741.0,14786.0,26,35,64.0,0,Repaid,7.9,Low,Normal
CUST-10834,TXN-203371,2025-11-12,SME,Nairobi,Fintech Agent,Salaried,145366.0,53150.0,91609.0,52349.0,19,84,68.9,0,Repaid,2.1,Low,Normal
CUST-11080,TXN-203372,2025-03-17,Retail,Lagos,Transport,Salaried,195664.0,79418.0,95398.0,8101.0,24,34,71.3,0,Repaid,3.1,Low,Normal
CUST-11760,TXN-203373,2025-04-20,Retail,Abuja,Education,Self-employed,187871.0,433970.0,17950.0,36722.0,29,40,79.2,0,Repaid,7.1,Low,Loan-to-income mismatch
CUST-12353,TXN-203374,2026-05-07,Retail,Nairobi,Fintech Agent,Contract,138591.0,267532.0,73266.0,40286.0,34,88,66.1,0,Repaid,9.1,Low,Loan-to-income mismatch
CUST-11768,TXN-203375,2026-04-15,Agriculture,Accra,Food,Informal,93125.0,67405.0,39850.0,51449.0,23,12,60.0,0,Repaid,7.2,Low,Normal
CUST-11767,TXN-203376,2025-03-01,Agriculture,Abuja,Shop,Self-employed,173064.0,234451.0,40404.0,69610.0,31,68,94.4,0,Repaid,2.5,Low,Normal
CUST-12039,TXN-203377,2025-04-19,Retail,Kano,Health,Salaried,149374.0,263734.0,86180.0,63543.0,39,66,66.2,0,Repaid,23.5,Low,Loan-to-income mismatch
CUST-13001,TXN-203378,2025-10-26,Market Trader,Kigali,Food,Salaried,73574.0,70825.0,27686.0,84236.0,28,37,97.5,0,Repaid,1.5,Low,Normal
CUST-11382,TXN-203379,2025-05-20,Retail,Kano,Food,Self-employed,201434.0,233014.0,112268.0,20490.0,17,19,66.1,0,Repaid,4.7,Low,Normal
CUST-12912,TXN-203380,2025-03-25,Market Trader,Kano,Fintech Agent,Salaried,244127.0,433279.0,107946.0,47172.0,30,82,71.7,0,Repaid,7.3,Low,Loan-to-income mismatch
CUST-12754,TXN-203381,2025-06-06,Market Trader,Nairobi,Shop,Self-employed,470669.0,322384.0,94965.0,49867.0,28,77,69.5,0,Repaid,2.6,Low,Normal
CUST-13363,TXN-203382,2026-05-25,Services,Abuja,Health,Self-employed,138095.0,186219.0,87588.0,83046.0,27,82,76.2,0,Repaid,3.3,Low,Normal
CUST-13196,TXN-203383,2025-03-23,Market Trader,Accra,Health,Self-employed,129799.0,83902.0,49289.0,49403.0,22,33,64.4,0,Repaid,1.5,Low,Normal
CUST-12793,TXN-203384,2025-11-16,Retail,Kano,Fintech Agent,Salaried,102134.0,19082.0,35293.0,25041.0,25,92,73.7,0,Repaid,1.3,Low,Normal
CUST-10863,TXN-203385,2026-05-31,SME,Accra,Transport,Informal,177660.0,304222.0,48716.0,58430.0,23,73,99.6,0,Repaid,10.2,Low,Loan-to-income mismatch
CUST-12710,TXN-203386,2026-03-02,Services,Abuja,Shop,Contract,177189.0,310103.0,18764.0,47616.0,13,24,90.9,0,Repaid,5.0,Low,Loan-to-income mismatch
CUST-12577,TXN-203387,2026-01-05,Market Trader,Kigali,Fintech Agent,Self-employed,115758.0,276720.0,52359.0,11036.0,21,47,91.0,0,Repaid,12.0,Low,Loan-to-income mismatch
CUST-11013,TXN-203388,2025-06-06,Agriculture,Lagos,Shop,Self-employed,151226.0,87991.0,44068.0,89803.0,23,31,47.8,0,Repaid,7.0,Low,Normal
CUST-12372,TXN-203389,2025-06-05,Market Trader,Accra,Fintech Agent,Self-employed,70895.0,129161.0,43161.0,36711.0,20,52,50.8,0,Repaid,20.9,Low,Loan-to-income mismatch
CUST-10885,TXN-203390,2025-11-06,SME,Kumasi,Health,Self-employed,240164.0,548652.0,150826.0,183906.0,17,19,75.9,0,Repaid,15.6,Low,Loan-to-income mismatch
CUST-11830,TXN-203391,2026-05-18,Market Trader,Nairobi,Food,Informal,117749.0,189690.0,59300.0,12602.0,15,71,85.9,0,Repaid,12.6,Low,Loan-to-income mismatch
CUST-12788,TXN-203392,2025-06-30,Services,Lagos,Food,Self-employed,160403.0,371842.0,27713.0,18400.0,36,45,62.7,0,Repaid,19.7,Low,Loan-to-income mismatch
CUST-10659,TXN-203393,2025-11-24,SME,Kigali,Health,Salaried,89392.0,213438.0,42110.0,82247.0,20,64,59.4,0,Repaid,61.7,Medium,Loan-to-income mismatch
CUST-11179,TXN-203394,2026-05-18,Market Trader,Abuja,Fintech Agent,Informal,127441.0,249734.0,4188.0,28300.0,29,62,97.1,0,Repaid,8.0,Low,Loan-to-income mismatch
CUST-12783,TXN-203395,2026-02-01,Agriculture,Kumasi,Shop,Self-employed,144722.0,347103.0,78241.0,67748.0,23,64,84.3,0,Repaid,15.2,Low,Loan-to-income mismatch
CUST-11588,TXN-203396,2026-05-11,Retail,Lagos,Shop,Salaried,161985.0,254208.0,53614.0,45040.0,29,73,91.0,0,Repaid,6.8,Low,Loan-to-income mismatch
CUST-13362,TXN-203397,2025-06-27,Retail,Abuja,Health,Salaried,199085.0,255518.0,121471.0,43533.0,34,63,64.1,0,Repaid,10.1,Low,Normal
CUST-10027,TXN-203398,2025-12-17,Market Trader,Accra,Food,Self-employed,297870.0,660423.0,76847.0,36327.0,24,50,62.6,0,Repaid,10.1,Low,Loan-to-income mismatch
CUST-12526,TXN-203399,2025-04-22,SME,Lagos,Food,Self-employed,221403.0,448280.0,41137.0,22363.0,25,57,89.1,0,Repaid,10.5,Low,Loan-to-income mismatch
CUST-12849,TXN-203400,2025-01-23,Agriculture,Accra,Shop,Informal,243801.0,103481.0,157711.0,39285.0,21,61,67.3,0,Repaid,7.8,Low,Normal
CUST-13212,TXN-203401,2025-08-21,SME,Accra,Transport,Salaried,298750.0,254548.0,105855.0,28232.0,34,77,61.0,0,Repaid,1.5,Low,Normal
CUST-10548,TXN-203402,2026-02-14,Market Trader,Accra,Education,Salaried,206752.0,156849.0,116568.0,116948.0,31,46,55.6,0,Repaid,4.9,Low,Normal
CUST-13444,TXN-203403,2025-08-04,Retail,Lagos,Fintech Agent,Salaried,160265.0,333140.0,95192.0,6555.0,33,30,62.8,1,Defaulted,16.1,Low,Loan-to-income mismatch
CUST-11372,TXN-203404,2025-05-21,Services,Nairobi,Shop,Self-employed,248656.0,173513.0,86193.0,42846.0,22,25,87.8,1,Defaulted,1.2,Low,Normal
CUST-11232,TXN-203405,2026-05-24,Market Trader,Kano,Food,Contract,255420.0,218379.0,78439.0,46406.0,41,19,44.8,0,Repaid,7.0,Low,Normal
CUST-11244,TXN-203406,2025-07-27,Retail,Nairobi,Health,Salaried,213715.0,284607.0,78715.0,59925.0,33,58,83.3,0,Repaid,4.8,Low,Normal
CUST-12233,TXN-203407,2025-03-16,Agriculture,Abuja,Health,Informal,88350.0,30833.0,48953.0,60248.0,22,71,59.3,0,Repaid,11.7,Low,Normal
CUST-12307,TXN-203408,2025-04-05,Services,Abuja,Food,Salaried,114301.0,264484.0,71751.0,9225.0,25,31,68.2,0,Repaid,32.3,Low,Loan-to-income mismatch
CUST-11658,TXN-203409,2025-03-11,Market Trader,Lagos,Food,Contract,145010.0,184186.0,32894.0,47552.0,36,52,69.4,0,Repaid,8.4,Low,Normal
CUST-10248,TXN-203410,2026-05-17,SME,Nairobi,Fintech Agent,Self-employed,225808.0,136109.0,109593.0,56092.0,36,36,68.0,0,Repaid,2.7,Low,Normal
CUST-13453,TXN-203411,2025-11-17,Agriculture,Kano,Fintech Agent,Self-employed,161302.0,126013.0,32226.0,31347.0,25,86,66.8,0,Repaid,1.3,Low,Normal
CUST-10777,TXN-203412,2025-01-08,Retail,Lagos,Health,Informal,262363.0,512066.0,106231.0,76117.0,30,87,64.0,0,Repaid,14.5,Low,Loan-to-income mismatch
CUST-10328,TXN-203413,2025-10-17,Services,Abuja,Health,Self-employed,282773.0,448901.0,149026.0,78029.0,22,92,61.7,0,Repaid,15.1,Low,Loan-to-income mismatch
CUST-12090,TXN-203414,2025-08-04,Market Trader,Lagos,Health,Contract,269319.0,326272.0,155797.0,12123.0,32,82,95.8,0,Repaid,2.5,Low,Normal
CUST-11443,TXN-203415,2025-10-09,Market Trader,Lagos,Health,Self-employed,270040.0,247399.0,81739.0,36601.0,21,83,72.5,0,Repaid,5.2,Low,Normal
CUST-12154,TXN-203416,2026-03-19,Retail,Lagos,Education,Contract,105289.0,229479.0,26632.0,67926.0,24,54,69.7,0,Repaid,15.8,Low,Loan-to-income mismatch
CUST-13064,TXN-203417,2025-08-01,Retail,Nairobi,Shop,Salaried,199328.0,377745.0,35814.0,45524.0,13,53,60.4,0,Repaid,6.8,Low,Loan-to-income mismatch
CUST-10340,TXN-203418,2025-06-05,Retail,Kumasi,Fintech Agent,Self-employed,126101.0,223729.0,13121.0,86788.0,32,30,64.7,0,Repaid,7.1,Low,Loan-to-income mismatch
CUST-10994,TXN-203419,2025-07-06,Market Trader,Kigali,Health,Informal,81421.0,95272.0,20347.0,20936.0,17,72,60.5,0,Repaid,15.7,Low,Normal
CUST-11808,TXN-203420,2025-12-30,Services,Kigali,Food,Self-employed,144244.0,340153.0,82125.0,70552.0,16,32,85.8,0,Repaid,9.3,Low,Loan-to-income mismatch
CUST-12757,TXN-203421,2025-02-14,Market Trader,Kumasi,Education,Contract,283903.0,498635.0,80586.0,28516.0,25,33,58.4,0,Repaid,20.1,Low,Loan-to-income mismatch
CUST-12102,TXN-203422,2025-11-17,Market Trader,Accra,Shop,Unemployed,197504.0,221293.0,43430.0,17285.0,28,90,31.6,0,Repaid,25.1,Low,High-risk repayment pattern
CUST-11339,TXN-203423,2026-02-13,Market Trader,Kigali,Health,Salaried,379830.0,878329.0,184466.0,39240.0,34,3,73.0,1,Defaulted,15.8,Low,Loan-to-income mismatch
CUST-12135,TXN-203424,2026-05-27,Retail,Kigali,Food,Self-employed,175332.0,380209.0,27320.0,38038.0,28,13,67.0,0,Repaid,7.7,Low,Loan-to-income mismatch
CUST-13429,TXN-203425,2025-08-19,SME,Abuja,Fintech Agent,Informal,455011.0,829359.0,82567.0,17806.0,36,75,61.5,0,Repaid,41.1,Medium,Loan-to-income mismatch
CUST-11680,TXN-203426,2025-08-29,Market Trader,Kumasi,Transport,Salaried,175353.0,330143.0,106899.0,36885.0,31,66,88.4,0,Repaid,7.1,Low,Loan-to-income mismatch
CUST-13092,TXN-203427,2026-04-08,Market Trader,Nairobi,Health,Salaried,164299.0,184089.0,11731.0,63528.0,19,75,22.8,0,Repaid,16.6,Low,High-risk repayment pattern
CUST-12729,TXN-203428,2026-02-19,SME,Kigali,Food,Salaried,95097.0,124227.0,26743.0,130532.0,39,45,100.0,0,Repaid,1.4,Low,Normal
CUST-11054,TXN-203429,2025-09-13,Market Trader,Kano,Food,Informal,259480.0,157046.0,99473.0,57966.0,32,2,91.0,0,Repaid,2.6,Low,Normal
CUST-10873,TXN-203430,2025-07-14,Agriculture,Kumasi,Transport,Unemployed,131809.0,197948.0,21757.0,19795.0,23,29,60.7,1,Defaulted,19.7,Low,Normal
CUST-12695,TXN-203431,2026-04-12,SME,Accra,Fintech Agent,Informal,124025.0,124176.0,24438.0,73852.0,28,83,63.9,0,Repaid,11.3,Low,Normal
CUST-10726,TXN-203432,2025-07-31,Retail,Kumasi,Transport,Self-employed,278763.0,265191.0,44536.0,11274.0,21,64,81.1,0,Repaid,2.5,Low,Normal
CUST-11178,TXN-203433,2026-04-22,Retail,Kumasi,Health,Self-employed,264727.0,604919.0,62864.0,62179.0,27,84,81.6,0,Repaid,14.6,Low,Loan-to-income mismatch
CUST-10823,TXN-203434,2025-08-13,Retail,Kumasi,Shop,Salaried,261833.0,142913.0,153449.0,58724.0,25,2,60.6,1,Defaulted,4.9,Low,Normal
CUST-12122,TXN-203435,2025-10-16,Services,Nairobi,Health,Unemployed,139788.0,282727.0,40804.0,19630.0,29,32,42.9,1,Defaulted,52.3,Medium,Loan-to-income mismatch
CUST-11029,TXN-203436,2025-09-30,Agriculture,Lagos,Food,Informal,159307.0,128220.0,45121.0,27956.0,35,66,100.0,0,Repaid,2.0,Low,Normal
CUST-12304,TXN-203437,2026-02-16,Services,Lagos,Fintech Agent,Self-employed,158714.0,38665.0,41828.0,42931.0,18,3,89.2,0,Repaid,1.0,Low,Normal
CUST-13271,TXN-203438,2026-02-07,Agriculture,Nairobi,Food,Salaried,226083.0,61004.0,141843.0,49938.0,23,44,74.8,0,Repaid,1.1,Low,Normal
CUST-12903,TXN-203439,2025-02-23,Services,Kano,Shop,Informal,312543.0,354041.0,29347.0,65182.0,34,84,75.2,0,Repaid,6.0,Low,Normal
CUST-13317,TXN-203440,2026-03-08,Market Trader,Kano,Health,Informal,189970.0,225856.0,108146.0,9506.0,32,17,83.2,1,Defaulted,10.8,Low,Normal
CUST-10085,TXN-203441,2025-03-02,SME,Nairobi,Food,Unemployed,373045.0,332367.0,84350.0,14234.0,26,8,85.3,0,Repaid,5.1,Low,Normal
CUST-11594,TXN-203442,2026-02-25,Market Trader,Accra,Shop,Self-employed,237239.0,394930.0,147706.0,8017.0,31,61,34.4,1,Defaulted,35.0,Low,Loan-to-income mismatch
CUST-10770,TXN-203443,2025-12-28,Services,Accra,Shop,Salaried,147471.0,185439.0,32236.0,43801.0,25,23,65.7,0,Repaid,8.8,Low,Normal
CUST-13212,TXN-203444,2025-10-29,Services,Kigali,Food,Self-employed,230512.0,79419.0,16645.0,56799.0,21,19,63.8,0,Repaid,1.0,Low,Normal
CUST-12491,TXN-203445,2025-01-27,Agriculture,Kano,Health,Self-employed,333199.0,317445.0,115829.0,29499.0,21,53,69.1,0,Repaid,1.8,Low,Normal
CUST-11120,TXN-203446,2026-03-17,Agriculture,Abuja,Fintech Agent,Informal,376729.0,153087.0,61616.0,27359.0,24,58,85.9,0,Repaid,2.0,Low,Normal
CUST-11972,TXN-203447,2026-01-03,Services,Lagos,Food,Salaried,267934.0,85651.0,132462.0,17052.0,31,78,39.8,0,Repaid,9.0,Low,High-risk repayment pattern
CUST-12119,TXN-203448,2025-10-27,Retail,Kigali,Fintech Agent,Self-employed,164519.0,105694.0,71418.0,69641.0,21,11,47.7,1,Defaulted,9.4,Low,Normal
CUST-11734,TXN-203449,2025-04-30,Market Trader,Lagos,Health,Informal,148596.0,257855.0,67236.0,40728.0,31,75,59.7,0,Repaid,30.6,Low,Loan-to-income mismatch
CUST-11660,TXN-203450,2026-02-03,Agriculture,Kano,Education,Salaried,207306.0,357628.0,29416.0,48858.0,27,64,74.8,0,Repaid,5.6,Low,Loan-to-income mismatch
CUST-10193,TXN-203451,2025-05-02,SME,Kano,Shop,Self-employed,328755.0,687849.0,153344.0,50555.0,29,66,87.0,0,Repaid,9.6,Low,Loan-to-income mismatch
CUST-11583,TXN-203452,2025-08-13,SME,Kigali,Fintech Agent,Contract,195279.0,363073.0,42207.0,45667.0,36,24,100.0,0,Repaid,5.1,Low,Loan-to-income mismatch
CUST-11218,TXN-203453,2025-07-05,Market Trader,Accra,Education,Self-employed,196989.0,269639.0,127878.0,35097.0,36,79,66.8,0,Repaid,6.7,Low,Normal
CUST-12863,TXN-203454,2025-08-04,Retail,Lagos,Health,Self-employed,166306.0,145351.0,79995.0,38303.0,28,13,86.9,0,Repaid,1.7,Low,Normal
CUST-13027,TXN-203455,2026-04-23,Services,Abuja,Shop,Contract,141816.0,27357.0,55586.0,77292.0,24,66,84.8,0,Repaid,1.0,Low,Normal
CUST-12626,TXN-203456,2026-02-02,Agriculture,Accra,Fintech Agent,Salaried,152041.0,245796.0,86098.0,15645.0,31,14,81.8,0,Repaid,9.8,Low,Loan-to-income mismatch
CUST-10108,TXN-203457,2026-01-02,SME,Nairobi,Food,Contract,172280.0,141815.0,67407.0,97286.0,23,61,71.6,0,Repaid,4.1,Low,Normal
CUST-12944,TXN-203458,2025-12-22,Retail,Lagos,Food,Informal,334905.0,246230.0,123323.0,27208.0,31,44,64.8,0,Repaid,4.1,Low,Normal
CUST-11387,TXN-203459,2026-01-23,Retail,Nairobi,Education,Salaried,147167.0,344976.0,24946.0,32061.0,16,17,52.8,1,Defaulted,30.5,Low,Loan-to-income mismatch
CUST-11457,TXN-203460,2026-01-14,Market Trader,Abuja,Shop,Salaried,166391.0,94313.0,74412.0,43743.0,22,20,51.6,1,Defaulted,4.6,Low,Normal
CUST-13308,TXN-203461,2026-02-09,Retail,Abuja,Health,Salaried,113158.0,28516.0,28971.0,65169.0,31,43,78.2,0,Repaid,1.3,Low,Normal
CUST-13035,TXN-203462,2025-01-26,Retail,Lagos,Transport,Contract,219913.0,503083.0,10367.0,37112.0,31,36,71.0,0,Repaid,11.3,Low,Loan-to-income mismatch
CUST-10178,TXN-203463,2026-03-06,Retail,Abuja,Education,Self-employed,288949.0,248304.0,154333.0,17015.0,28,44,64.5,0,Repaid,5.6,Low,Normal
CUST-11259,TXN-203464,2025-06-10,Market Trader,Kumasi,Education,Self-employed,321994.0,339186.0,16963.0,94784.0,17,42,84.0,0,Repaid,1.9,Low,Normal
CUST-12623,TXN-203465,2025-03-29,Retail,Kigali,Health,Contract,177267.0,63759.0,78627.0,12065.0,32,3,68.4,0,Repaid,1.7,Low,Normal
CUST-11885,TXN-203466,2025-04-10,Agriculture,Lagos,Health,Self-employed,207156.0,223112.0,24596.0,15254.0,27,42,55.6,0,Repaid,4.1,Low,Normal
CUST-10901,TXN-203467,2026-05-01,SME,Kigali,Transport,Self-employed,152590.0,356806.0,44635.0,133934.0,36,40,67.2,1,Defaulted,16.9,Low,Loan-to-income mismatch
CUST-11836,TXN-203468,2026-03-03,Market Trader,Abuja,Health,Informal,203164.0,349589.0,114021.0,70227.0,26,38,86.8,1,Defaulted,9.6,Low,Loan-to-income mismatch
CUST-13033,TXN-203469,2025-07-24,Services,Kigali,Education,Self-employed,185696.0,228757.0,14760.0,87476.0,38,23,53.6,0,Repaid,5.6,Low,Normal
CUST-10781,TXN-203470,2026-04-16,Market Trader,Nairobi,Fintech Agent,Informal,166787.0,143868.0,73437.0,23244.0,18,20,75.8,1,Defaulted,6.4,Low,Normal
CUST-12611,TXN-203471,2025-10-17,Services,Kumasi,Food,Self-employed,172449.0,171176.0,70006.0,18720.0,31,10,71.0,0,Repaid,5.6,Low,Normal
CUST-12571,TXN-203472,2026-03-11,Retail,Accra,Education,Self-employed,196773.0,302426.0,111481.0,74735.0,24,60,58.3,0,Repaid,15.8,Low,Normal
CUST-13099,TXN-203473,2026-02-23,Retail,Kigali,Shop,Salaried,143840.0,107143.0,18530.0,16658.0,24,53,66.7,0,Repaid,5.2,Low,Normal
CUST-11042,TXN-203474,2025-05-09,Market Trader,Accra,Food,Contract,146995.0,76044.0,77006.0,19019.0,43,78,43.7,1,Defaulted,3.3,Low,Normal
CUST-10755,TXN-203475,2026-03-16,Services,Abuja,Fintech Agent,Self-employed,333398.0,575321.0,101212.0,10781.0,24,24,74.0,0,Repaid,6.8,Low,Loan-to-income mismatch
CUST-11916,TXN-203476,2026-05-15,Services,Kano,Health,Contract,508098.0,1072200.0,147372.0,22209.0,29,40,47.4,0,Repaid,34.3,Low,Loan-to-income mismatch
CUST-11859,TXN-203477,2025-09-19,Market Trader,Abuja,Fintech Agent,Self-employed,98142.0,214089.0,24332.0,16929.0,34,19,91.3,1,Defaulted,7.6,Low,Loan-to-income mismatch
CUST-11433,TXN-203478,2025-06-17,Agriculture,Abuja,Fintech Agent,Informal,95896.0,196390.0,25212.0,12785.0,35,90,70.3,1,Defaulted,23.9,Low,Loan-to-income mismatch
CUST-12727,TXN-203479,2025-10-09,Retail,Lagos,Transport,Salaried,108879.0,147850.0,37844.0,43505.0,34,75,61.7,0,Repaid,5.5,Low,Normal
CUST-12796,TXN-203480,2026-03-11,SME,Accra,Transport,Contract,155845.0,300969.0,13603.0,42733.0,31,15,92.9,0,Repaid,5.3,Low,Loan-to-income mismatch
CUST-10859,TXN-203481,2025-07-31,Retail,Accra,Shop,Self-employed,237098.0,530272.0,68235.0,55677.0,26,78,53.4,0,Repaid,25.0,Low,Loan-to-income mismatch
CUST-12784,TXN-203482,2025-01-25,SME,Accra,Education,Salaried,208632.0,48374.0,89868.0,24012.0,34,88,58.5,0,Repaid,2.1,Low,Normal
CUST-10807,TXN-203483,2025-01-26,Retail,Abuja,Health,Self-employed,174950.0,191545.0,58409.0,25353.0,32,64,39.1,0,Repaid,15.9,Low,High-risk repayment pattern
CUST-11426,TXN-203484,2026-01-26,SME,Abuja,Health,Salaried,203242.0,128684.0,25298.0,14984.0,49,95,95.6,0,Repaid,1.8,Low,Normal
CUST-10095,TXN-203485,2025-12-01,Market Trader,Accra,Fintech Agent,Salaried,121701.0,291209.0,30270.0,25776.0,27,19,100.0,0,Repaid,4.8,Low,Loan-to-income mismatch
CUST-11191,TXN-203486,2025-04-24,SME,Kano,Food,Self-employed,146894.0,329577.0,43931.0,103010.0,30,29,41.9,0,Repaid,37.1,Medium,Loan-to-income mismatch
CUST-13354,TXN-203487,2025-12-16,Retail,Lagos,Food,Unemployed,161387.0,316456.0,71235.0,65825.0,24,61,57.3,0,Repaid,38.0,Medium,Loan-to-income mismatch
CUST-11548,TXN-203488,2025-06-10,Market Trader,Nairobi,Education,Informal,83669.0,70019.0,49154.0,32350.0,24,52,73.3,0,Repaid,10.9,Low,Normal
CUST-12485,TXN-203489,2025-09-02,Market Trader,Accra,Health,Unemployed,99932.0,229211.0,36649.0,113654.0,34,69,62.7,0,Repaid,52.7,Medium,Loan-to-income mismatch
CUST-10377,TXN-203490,2025-04-17,Retail,Abuja,Fintech Agent,Salaried,101615.0,24889.0,45332.0,11400.0,20,92,71.4,0,Repaid,2.7,Low,Normal
CUST-12224,TXN-203491,2025-01-25,Market Trader,Kigali,Shop,Salaried,224342.0,134033.0,15396.0,69438.0,23,23,69.9,0,Repaid,1.5,Low,Normal
CUST-11300,TXN-203492,2026-04-12,Retail,Abuja,Food,Salaried,180421.0,279555.0,112098.0,18290.0,36,84,79.3,0,Repaid,3.9,Low,Normal
CUST-12603,TXN-203493,2025-10-19,Market Trader,Nairobi,Transport,Contract,210375.0,408227.0,45984.0,33983.0,21,14,54.7,0,Repaid,15.5,Low,Loan-to-income mismatch
CUST-13248,TXN-203494,2026-05-12,Market Trader,Lagos,Transport,Unemployed,75158.0,160963.0,18279.0,51384.0,18,45,75.5,0,Repaid,23.3,Low,Loan-to-income mismatch
CUST-11860,TXN-203495,2025-02-23,SME,Kano,Shop,Self-employed,87282.0,73939.0,13999.0,32336.0,25,42,51.9,0,Repaid,1.7,Low,Normal
CUST-10359,TXN-203496,2025-07-25,Market Trader,Abuja,Education,Self-employed,215034.0,225267.0,15771.0,23080.0,35,77,64.6,0,Repaid,5.3,Low,Normal
CUST-11666,TXN-203497,2025-08-23,Retail,Lagos,Education,Salaried,65000.0,77332.0,33652.0,81118.0,40,41,40.7,0,Repaid,12.0,Low,High-risk repayment pattern
CUST-10430,TXN-203498,2025-01-18,Retail,Accra,Food,Self-employed,272214.0,65299.0,46687.0,42850.0,24,80,64.7,0,Repaid,1.5,Low,Normal
CUST-11573,TXN-203499,2026-02-16,SME,Abuja,Education,Informal,75675.0,158767.0,14991.0,17388.0,45,16,61.7,0,Repaid,27.0,Low,Loan-to-income mismatch
CUST-10214,TXN-203500,2026-05-25,Agriculture,Abuja,Health,Self-employed,231933.0,215755.0,31202.0,27083.0,28,95,89.0,0,Repaid,1.4,Low,Duplicate customer details
CUST-12241,TXN-203501,2025-04-28,Retail,Accra,Education,Self-employed,112061.0,69747.0,71067.0,24551.0,23,20,70.9,0,Repaid,5.0,Low,Normal
CUST-11086,TXN-203502,2026-03-28,Retail,Kigali,Fintech Agent,Self-employed,252847.0,275203.0,129471.0,10013.0,28,57,74.2,0,Repaid,4.4,Low,Normal
CUST-10705,TXN-203503,2026-04-20,Agriculture,Abuja,Transport,Self-employed,626202.0,1100519.0,379376.0,10912.0,32,48,71.6,0,Repaid,22.0,Low,Loan-to-income mismatch
CUST-10060,TXN-203504,2025-08-03,Market Trader,Abuja,Fintech Agent,Self-employed,65000.0,137373.0,36588.0,42761.0,23,10,33.7,1,Defaulted,47.3,Medium,Loan-to-income mismatch
CUST-13108,TXN-203505,2026-01-01,Retail,Nairobi,Shop,Informal,217958.0,143446.0,128806.0,20037.0,18,51,36.1,1,Defaulted,26.8,Low,High-risk repayment pattern
CUST-12930,TXN-203506,2025-08-18,Retail,Kano,Shop,Self-employed,76158.0,42892.0,24507.0,139507.0,28,84,66.3,0,Repaid,2.3,Low,Normal
CUST-12841,TXN-203507,2025-05-13,Services,Kigali,Education,Salaried,194705.0,442992.0,24813.0,44712.0,30,52,77.0,0,Repaid,10.5,Low,Loan-to-income mismatch
CUST-10203,TXN-203508,2025-05-27,Market Trader,Kumasi,Food,Self-employed,149217.0,209349.0,33713.0,64591.0,36,68,67.8,0,Repaid,8.4,Low,Normal
CUST-11223,TXN-203509,2025-04-29,Retail,Abuja,Education,Salaried,171873.0,170500.0,35104.0,8176.0,25,94,56.4,0,Repaid,7.8,Low,Normal
CUST-13399,TXN-203510,2026-05-25,Market Trader,Nairobi,Fintech Agent,Salaried,110978.0,69083.0,52359.0,44693.0,19,30,67.7,0,Repaid,3.2,Low,Normal
CUST-12025,TXN-203511,2025-02-08,Retail,Lagos,Food,Salaried,225895.0,539765.0,8171.0,44462.0,33,5,66.1,0,Repaid,18.6,Low,Loan-to-income mismatch
CUST-10449,TXN-203512,2025-08-16,Retail,Accra,Fintech Agent,Informal,88583.0,157376.0,9699.0,57780.0,38,66,86.0,0,Repaid,10.2,Low,Loan-to-income mismatch
CUST-10493,TXN-203513,2026-03-27,Services,Lagos,Health,Salaried,274166.0,181965.0,123434.0,3518.0,21,75,85.0,0,Repaid,1.8,Low,Normal
CUST-10920,TXN-203514,2025-09-18,Market Trader,Nairobi,Shop,Unemployed,137052.0,52436.0,13399.0,99530.0,25,15,62.0,0,Repaid,4.7,Low,Normal
CUST-13403,TXN-203515,2025-02-02,SME,Nairobi,Food,Salaried,90298.0,56202.0,4553.0,52384.0,30,35,71.1,0,Repaid,1.7,Low,Normal
CUST-10593,TXN-203516,2025-07-11,Services,Kigali,Shop,Self-employed,318021.0,232152.0,28242.0,32378.0,38,35,77.0,0,Repaid,2.4,Low,Normal
CUST-13160,TXN-203517,2025-11-20,Retail,Lagos,Fintech Agent,Contract,158216.0,67497.0,72008.0,42517.0,28,72,79.6,0,Repaid,1.5,Low,Normal
CUST-12373,TXN-203518,2025-03-03,Retail,Nairobi,Food,Salaried,362655.0,250169.0,39085.0,22407.0,21,84,100.0,0,Repaid,1.0,Low,Normal
CUST-13226,TXN-203519,2026-01-23,Retail,Nairobi,Health,Informal,271840.0,119406.0,30493.0,104754.0,28,71,71.5,0,Repaid,3.3,Low,Normal
CUST-12891,TXN-203520,2025-12-08,Agriculture,Nairobi,Shop,Self-employed,116399.0,118560.0,19216.0,5617.0,28,29,93.0,0,Repaid,1.3,Low,Normal
CUST-11162,TXN-203521,2025-05-12,Market Trader,Kano,Food,Salaried,157048.0,197779.0,77436.0,24983.0,26,60,51.1,0,Repaid,12.7,Low,Normal
CUST-12897,TXN-203522,2026-02-16,Market Trader,Kumasi,Health,Unemployed,171242.0,203903.0,25039.0,25655.0,30,27,60.5,0,Repaid,10.5,Low,Normal
CUST-10591,TXN-203523,2025-07-16,Retail,Kano,Fintech Agent,Salaried,308985.0,624411.0,13066.0,22459.0,10,61,33.6,1,Defaulted,35.9,Medium,Loan-to-income mismatch
CUST-11018,TXN-203524,2025-07-20,Retail,Kumasi,Shop,Salaried,195586.0,145491.0,115531.0,34826.0,30,92,74.7,0,Repaid,2.7,Low,Normal
CUST-10741,TXN-203525,2025-06-01,Market Trader,Nairobi,Food,Informal,175263.0,376701.0,100265.0,24903.0,26,64,83.7,0,Repaid,37.9,Medium,Loan-to-income mismatch
CUST-10466,TXN-203526,2025-07-15,Retail,Kano,Fintech Agent,Salaried,149649.0,328634.0,20418.0,19389.0,37,75,26.0,0,Repaid,39.8,Medium,Loan-to-income mismatch
CUST-10315,TXN-203527,2026-02-18,Agriculture,Kano,Food,Contract,159335.0,368184.0,29822.0,33761.0,18,72,75.4,0,Repaid,14.8,Low,Loan-to-income mismatch
CUST-10655,TXN-203528,2025-01-10,Services,Kigali,Transport,Salaried,281512.0,163779.0,39071.0,38527.0,22,46,82.9,0,Repaid,1.7,Low,Normal
CUST-10420,TXN-203529,2026-05-29,Services,Nairobi,Health,Informal,163008.0,118273.0,77153.0,129895.0,36,14,81.9,0,Repaid,8.0,Low,Normal
CUST-11331,TXN-203530,2026-01-29,Market Trader,Lagos,Health,Self-employed,137875.0,215762.0,24474.0,16387.0,40,93,50.5,0,Repaid,14.3,Low,Loan-to-income mismatch
CUST-10249,TXN-203531,2026-05-16,Market Trader,Lagos,Fintech Agent,Salaried,128400.0,63273.0,77915.0,44645.0,24,35,85.9,0,Repaid,4.1,Low,Normal
CUST-10214,TXN-203532,2025-12-08,Market Trader,Nairobi,Fintech Agent,Unemployed,128981.0,47733.0,69832.0,43859.0,35,85,72.2,0,Repaid,5.0,Low,Normal
CUST-13464,TXN-203533,2025-02-05,Retail,Nairobi,Shop,Contract,90320.0,31035.0,35287.0,71612.0,21,81,82.6,0,Repaid,1.0,Low,Normal
CUST-10306,TXN-203534,2026-01-24,Services,Abuja,Health,Contract,118758.0,181183.0,3044.0,55548.0,37,66,69.7,0,Repaid,5.1,Low,Normal
CUST-10259,TXN-203535,2025-12-16,SME,Kigali,Transport,Self-employed,305387.0,600509.0,176120.0,11847.0,17,53,78.9,0,Repaid,14.2,Low,Loan-to-income mismatch
CUST-10105,TXN-203536,2025-08-30,Market Trader,Lagos,Fintech Agent,Self-employed,149228.0,112626.0,71404.0,28799.0,27,27,92.0,0,Repaid,1.8,Low,Normal
CUST-10463,TXN-203537,2025-10-29,Agriculture,Abuja,Health,Salaried,218787.0,492806.0,112978.0,15373.0,23,14,68.3,0,Repaid,13.9,Low,Loan-to-income mismatch
CUST-11847,TXN-203538,2025-06-23,Retail,Accra,Transport,Self-employed,65000.0,125976.0,4241.0,20372.0,43,84,77.1,0,Repaid,6.1,Low,Loan-to-income mismatch
CUST-12895,TXN-203539,2026-04-25,Agriculture,Accra,Food,Self-employed,206631.0,72726.0,96371.0,11063.0,22,92,94.5,0,Repaid,1.0,Low,Normal
CUST-12572,TXN-203540,2026-04-04,Market Trader,Abuja,Health,Self-employed,152091.0,164899.0,80135.0,28591.0,28,65,69.6,0,Repaid,4.0,Low,Normal
CUST-12030,TXN-203541,2025-10-26,Services,Kumasi,Fintech Agent,Salaried,132959.0,44008.0,82791.0,45894.0,25,94,51.7,0,Repaid,4.0,Low,Normal
CUST-10297,TXN-203542,2026-05-09,Services,Nairobi,Fintech Agent,Contract,175607.0,388395.0,67731.0,82204.0,20,22,84.2,0,Repaid,11.9,Low,Loan-to-income mismatch
CUST-12710,TXN-203543,2025-08-25,Market Trader,Lagos,Food,Salaried,132158.0,241720.0,44942.0,36092.0,24,50,97.8,0,Repaid,3.1,Low,Loan-to-income mismatch
CUST-10130,TXN-203544,2025-04-17,SME,Nairobi,Shop,Self-employed,66701.0,113667.0,19210.0,28629.0,22,18,95.2,0,Repaid,2.8,Low,Loan-to-income mismatch
CUST-12208,TXN-203545,2025-08-20,Retail,Accra,Fintech Agent,Self-employed,239748.0,406516.0,110718.0,45613.0,22,52,84.9,0,Repaid,7.6,Low,Loan-to-income mismatch
CUST-11432,TXN-203546,2026-04-19,Agriculture,Kigali,Fintech Agent,Salaried,180244.0,146557.0,108168.0,48617.0,24,85,29.8,0,Repaid,10.7,Low,High-risk repayment pattern
CUST-13087,TXN-203547,2026-03-17,Market Trader,Abuja,Transport,Salaried,142649.0,321311.0,56752.0,74685.0,29,29,60.6,0,Repaid,16.4,Low,Loan-to-income mismatch
CUST-11076,TXN-203548,2025-01-12,Services,Kumasi,Education,Salaried,108467.0,241726.0,17701.0,15587.0,24,41,61.5,0,Repaid,31.9,Low,Loan-to-income mismatch
CUST-12234,TXN-203549,2025-12-13,Services,Nairobi,Fintech Agent,Salaried,87786.0,159917.0,2728.0,10845.0,33,50,72.8,0,Repaid,5.5,Low,Loan-to-income mismatch
CUST-11539,TXN-203550,2026-02-19,Retail,Kano,Transport,Contract,178802.0,218322.0,73316.0,47876.0,16,45,100.0,0,Repaid,1.0,Low,Normal
CUST-11827,TXN-203551,2025-02-08,Retail,Accra,Health,Self-employed,320502.0,91214.0,180986.0,39109.0,30,93,52.6,0,Repaid,2.3,Low,Normal
CUST-13285,TXN-203552,2025-10-19,SME,Nairobi,Food,Self-employed,177252.0,43046.0,10912.0,43425.0,29,42,100.0,0,Repaid,1.0,Low,Normal
CUST-12494,TXN-203553,2026-04-27,Market Trader,Kano,Fintech Agent,Salaried,91057.0,44314.0,24628.0,32125.0,25,25,65.1,0,Repaid,4.1,Low,Normal
CUST-11450,TXN-203554,2025-07-12,Retail,Kumasi,Food,Self-employed,178894.0,268806.0,109524.0,18571.0,40,32,58.2,1,Defaulted,12.5,Low,Normal
CUST-11565,TXN-203555,2025-12-17,SME,Nairobi,Shop,Salaried,159149.0,310624.0,53483.0,10471.0,31,30,87.2,0,Repaid,4.5,Low,Loan-to-income mismatch
CUST-12465,TXN-203556,2025-07-17,SME,Abuja,Fintech Agent,Salaried,233958.0,534733.0,37203.0,87876.0,27,31,88.6,0,Repaid,9.4,Low,Loan-to-income mismatch
CUST-11211,TXN-203557,2025-03-22,SME,Nairobi,Food,Self-employed,209993.0,119550.0,50987.0,84511.0,24,86,83.7,0,Repaid,2.4,Low,Normal
CUST-10587,TXN-203558,2025-07-25,Market Trader,Kumasi,Transport,Self-employed,65000.0,51459.0,18013.0,11824.0,36,50,58.1,0,Repaid,3.8,Low,Normal
CUST-11636,TXN-203559,2025-08-31,Retail,Abuja,Transport,Salaried,204639.0,61413.0,19214.0,36125.0,28,38,81.0,0,Repaid,1.6,Low,Normal
CUST-10238,TXN-203560,2025-08-09,Retail,Nairobi,Food,Salaried,106781.0,253678.0,46588.0,59127.0,22,15,53.4,0,Repaid,27.5,Low,Loan-to-income mismatch
CUST-10593,TXN-203561,2025-05-10,Agriculture,Lagos,Health,Contract,89579.0,171421.0,35210.0,46615.0,23,93,57.6,0,Repaid,11.3,Low,Loan-to-income mismatch
CUST-11472,TXN-203562,2026-05-04,Market Trader,Kumasi,Food,Salaried,150368.0,187537.0,64367.0,19646.0,16,16,70.3,0,Repaid,10.3,Low,Normal
CUST-12788,TXN-203563,2025-11-02,Market Trader,Abuja,Transport,Salaried,193418.0,281956.0,78295.0,38274.0,33,34,57.2,0,Repaid,8.1,Low,Normal
CUST-12734,TXN-203564,2025-11-26,Services,Kumasi,Food,Unemployed,81707.0,116680.0,2492.0,14255.0,39,67,90.9,1,Defaulted,4.6,Low,Normal
CUST-10912,TXN-203565,2025-10-15,Services,Kigali,Education,Salaried,218802.0,162938.0,28425.0,58011.0,25,2,61.6,0,Repaid,4.3,Low,Normal
CUST-11476,TXN-203566,2025-06-29,Retail,Kumasi,Health,Self-employed,224269.0,132670.0,27879.0,34237.0,35,31,68.0,0,Repaid,2.0,Low,Normal
CUST-10537,TXN-203567,2026-05-16,Agriculture,Kano,Transport,Contract,165998.0,139320.0,13564.0,39341.0,28,91,56.2,0,Repaid,3.6,Low,Normal
CUST-12643,TXN-203568,2025-08-03,Retail,Kumasi,Transport,Salaried,113051.0,82378.0,54643.0,51250.0,36,4,90.7,0,Repaid,1.4,Low,Normal
CUST-10862,TXN-203569,2025-01-29,Agriculture,Abuja,Health,Self-employed,107868.0,152926.0,10322.0,29637.0,17,24,60.0,1,Defaulted,5.3,Low,Normal
CUST-12798,TXN-203570,2025-08-20,Retail,Lagos,Food,Self-employed,250419.0,216415.0,110425.0,51250.0,19,10,92.6,0,Repaid,1.7,Low,Normal
CUST-12947,TXN-203571,2025-08-21,Retail,Kano,Health,Salaried,86274.0,155143.0,11421.0,69140.0,25,67,91.2,0,Repaid,4.7,Low,Loan-to-income mismatch
CUST-12411,TXN-203572,2025-07-20,Services,Kumasi,Food,Salaried,254505.0,366697.0,24060.0,15791.0,29,3,64.0,0,Repaid,5.6,Low,Normal
CUST-11155,TXN-203573,2025-04-05,SME,Kano,Shop,Unemployed,151845.0,206756.0,18585.0,109517.0,25,6,72.5,1,Defaulted,12.5,Low,Normal
CUST-13335,TXN-203574,2025-09-05,Market Trader,Lagos,Fintech Agent,Salaried,156334.0,358298.0,53200.0,23838.0,20,46,63.5,0,Repaid,22.4,Low,Loan-to-income mismatch
CUST-12401,TXN-203575,2025-01-12,Services,Accra,Health,Contract,79428.0,71148.0,33888.0,45483.0,27,72,81.8,0,Repaid,2.8,Low,Normal
CUST-12260,TXN-203576,2025-06-30,Market Trader,Kigali,Shop,Self-employed,153028.0,243360.0,81336.0,29031.0,17,87,68.5,0,Repaid,8.6,Low,Loan-to-income mismatch
CUST-12997,TXN-203577,2026-02-06,Retail,Accra,Shop,Self-employed,210598.0,37931.0,21269.0,47522.0,25,22,64.5,0,Repaid,1.1,Low,Normal
CUST-13085,TXN-203578,2026-01-02,Market Trader,Accra,Food,Self-employed,92847.0,168607.0,37900.0,64819.0,17,55,72.8,0,Repaid,10.8,Low,Loan-to-income mismatch
CUST-10272,TXN-203579,2026-01-26,SME,Kano,Fintech Agent,Self-employed,200672.0,260000.0,101845.0,54353.0,36,77,43.5,0,Repaid,9.7,Low,Normal
CUST-13085,TXN-203580,2025-03-19,SME,Accra,Transport,Self-employed,168955.0,108573.0,36632.0,70089.0,26,70,70.6,0,Repaid,6.1,Low,Normal
CUST-12677,TXN-203581,2026-04-28,Market Trader,Kano,Fintech Agent,Self-employed,124197.0,22772.0,8721.0,76774.0,30,92,83.7,0,Repaid,1.0,Low,Normal
CUST-10722,TXN-203582,2025-04-08,Market Trader,Kigali,Food,Contract,233039.0,407682.0,27556.0,24419.0,20,9,74.5,0,Repaid,5.2,Low,Loan-to-income mismatch
CUST-11076,TXN-203583,2025-10-31,SME,Nairobi,Transport,Informal,65000.0,107328.0,5049.0,29244.0,24,6,89.1,1,Defaulted,9.7,Low,Loan-to-income mismatch
CUST-12634,TXN-203584,2026-05-15,Market Trader,Kumasi,Shop,Salaried,188265.0,311993.0,108995.0,61919.0,28,66,65.2,0,Repaid,15.1,Low,Loan-to-income mismatch
CUST-10758,TXN-203585,2025-05-12,Retail,Kumasi,Food,Salaried,321310.0,369876.0,82680.0,35249.0,37,36,63.7,0,Repaid,3.8,Low,Normal
CUST-11583,TXN-203586,2025-02-18,Retail,Kano,Transport,Contract,297978.0,476538.0,104206.0,31828.0,17,71,51.9,0,Repaid,10.9,Low,Loan-to-income mismatch
CUST-12411,TXN-203587,2025-07-07,Agriculture,Kumasi,Education,Salaried,191706.0,277660.0,96672.0,68568.0,31,69,64.7,0,Repaid,9.1,Low,Normal
CUST-12276,TXN-203588,2025-01-08,Agriculture,Kigali,Fintech Agent,Informal,143386.0,101854.0,36426.0,19889.0,33,43,100.0,0,Repaid,1.3,Low,Normal
CUST-13184,TXN-203589,2025-11-08,Market Trader,Abuja,Health,Salaried,124612.0,165941.0,53450.0,45859.0,27,95,77.0,0,Repaid,3.1,Low,Normal
CUST-10390,TXN-203590,2026-02-06,Market Trader,Kigali,Transport,Salaried,143311.0,189514.0,9789.0,85081.0,34,84,61.5,0,Repaid,7.6,Low,Normal
CUST-11032,TXN-203591,2025-11-21,SME,Kigali,Fintech Agent,Salaried,204515.0,410757.0,66052.0,23668.0,30,36,53.9,0,Repaid,24.5,Low,Loan-to-income mismatch
CUST-13447,TXN-203592,2025-05-08,Retail,Lagos,Fintech Agent,Salaried,115955.0,132461.0,9370.0,100999.0,30,2,43.2,0,Repaid,8.4,Low,Normal
CUST-11990,TXN-203593,2025-01-22,SME,Lagos,Food,Contract,223713.0,256847.0,39467.0,41641.0,26,95,57.1,0,Repaid,7.7,Low,Normal
CUST-10870,TXN-203594,2025-06-14,Market Trader,Accra,Food,Self-employed,398685.0,943041.0,81653.0,27185.0,37,93,85.7,0,Repaid,10.0,Low,Loan-to-income mismatch
CUST-11014,TXN-203595,2026-04-15,Market Trader,Kumasi,Food,Informal,158579.0,343436.0,74862.0,10414.0,26,86,64.3,0,Repaid,31.2,Low,Loan-to-income mismatch
CUST-11187,TXN-203596,2025-07-08,Retail,Accra,Food,Self-employed,92536.0,66429.0,41149.0,47013.0,15,7,54.8,0,Repaid,3.2,Low,Normal
CUST-11939,TXN-203597,2026-04-23,Services,Nairobi,Shop,Contract,92523.0,203629.0,45397.0,15956.0,37,69,56.7,0,Repaid,29.3,Low,Loan-to-income mismatch
CUST-10995,TXN-203598,2026-05-16,Retail,Nairobi,Fintech Agent,Self-employed,225519.0,109667.0,13284.0,54979.0,25,92,83.7,0,Repaid,1.0,Low,Normal
CUST-12176,TXN-203599,2026-02-17,Retail,Abuja,Food,Salaried,158722.0,329273.0,102561.0,37114.0,24,37,70.5,0,Repaid,21.6,Low,Duplicate customer details
CUST-11558,TXN-203600,2025-05-02,Market Trader,Accra,Shop,Informal,235218.0,138068.0,12769.0,39831.0,25,72,60.7,1,Defaulted,5.2,Low,Normal
CUST-12136,TXN-203601,2025-05-09,Agriculture,Lagos,Fintech Agent,Self-employed,130076.0,146315.0,70270.0,51604.0,37,52,66.4,1,Defaulted,9.5,Low,Normal
CUST-10542,TXN-203602,2025-03-11,Agriculture,Lagos,Shop,Self-employed,230697.0,545438.0,112204.0,99916.0,14,45,100.0,0,Repaid,5.7,Low,Loan-to-income mismatch
CUST-12182,TXN-203603,2025-06-29,Market Trader,Nairobi,Fintech Agent,Self-employed,152286.0,60221.0,59819.0,34024.0,32,69,94.0,0,Repaid,1.0,Low,Normal
CUST-13236,TXN-203604,2025-09-07,SME,Kigali,Shop,Self-employed,119653.0,244610.0,35475.0,76549.0,33,56,98.4,0,Repaid,5.2,Low,Loan-to-income mismatch
CUST-10472,TXN-203605,2025-12-29,Market Trader,Accra,Food,Salaried,137528.0,175803.0,68351.0,43117.0,24,66,40.5,0,Repaid,13.8,Low,High-risk repayment pattern
CUST-11146,TXN-203606,2025-01-31,Retail,Nairobi,Education,Salaried,98443.0,41976.0,47854.0,46029.0,26,23,69.3,0,Repaid,2.4,Low,Normal
CUST-12427,TXN-203607,2025-06-07,Retail,Kigali,Transport,Informal,375319.0,861181.0,39942.0,13962.0,28,29,60.4,1,Defaulted,35.2,Medium,Loan-to-income mismatch
CUST-12160,TXN-203608,2025-07-01,Market Trader,Lagos,Education,Informal,156298.0,218707.0,81175.0,18924.0,23,62,81.8,0,Repaid,9.8,Low,Normal
CUST-12361,TXN-203609,2025-07-20,SME,Nairobi,Education,Informal,213351.0,455509.0,14826.0,20466.0,25,54,91.1,0,Repaid,11.9,Low,Loan-to-income mismatch
CUST-11958,TXN-203610,2025-10-28,SME,Kumasi,Fintech Agent,Contract,129899.0,274011.0,43561.0,128736.0,30,38,77.9,0,Repaid,4.9,Low,Loan-to-income mismatch
CUST-12389,TXN-203611,2025-12-11,Services,Kigali,Food,Self-employed,104630.0,22233.0,44614.0,80877.0,23,80,56.3,0,Repaid,4.3,Low,Normal
CUST-12132,TXN-203612,2026-05-02,Market Trader,Kano,Fintech Agent,Informal,147528.0,113294.0,79320.0,51741.0,25,34,60.1,0,Repaid,9.3,Low,Normal
CUST-10259,TXN-203613,2025-01-18,SME,Kumasi,Health,Self-employed,258461.0,239843.0,80578.0,100230.0,32,46,83.2,0,Repaid,2.5,Low,Normal
CUST-12629,TXN-203614,2025-03-28,Services,Nairobi,Health,Informal,130783.0,178832.0,22131.0,13005.0,23,31,85.0,0,Repaid,3.5,Low,Normal
CUST-11563,TXN-203615,2025-03-13,Retail,Accra,Education,Self-employed,112913.0,38339.0,37161.0,55364.0,26,55,74.5,0,Repaid,1.0,Low,Normal
CUST-10180,TXN-203616,2025-05-27,Market Trader,Abuja,Transport,Self-employed,173736.0,181295.0,30861.0,21867.0,27,54,74.3,0,Repaid,3.2,Low,Normal
CUST-11431,TXN-203617,2025-01-19,Agriculture,Kigali,Education,Self-employed,200705.0,399101.0,70868.0,15775.0,18,32,72.9,0,Repaid,19.6,Low,Loan-to-income mismatch
CUST-11523,TXN-203618,2025-07-18,SME,Abuja,Health,Salaried,324486.0,183167.0,101039.0,100285.0,25,74,76.8,0,Repaid,2.0,Low,Normal
CUST-10303,TXN-203619,2025-05-18,Services,Nairobi,Food,Salaried,188825.0,327958.0,96625.0,47287.0,30,17,84.9,0,Repaid,7.9,Low,Loan-to-income mismatch
CUST-13486,TXN-203620,2025-09-29,SME,Nairobi,Education,Informal,213305.0,256378.0,36530.0,22672.0,30,74,83.3,0,Repaid,5.4,Low,Normal
CUST-10778,TXN-203621,2025-09-06,Services,Lagos,Education,Self-employed,220157.0,74185.0,32141.0,75267.0,35,8,72.4,0,Repaid,1.3,Low,Normal
CUST-11157,TXN-203622,2025-12-07,Retail,Kano,Education,Salaried,100281.0,57538.0,31963.0,37366.0,28,25,71.1,0,Repaid,2.0,Low,Normal
CUST-11543,TXN-203623,2026-03-12,Agriculture,Kumasi,Health,Unemployed,108597.0,53548.0,5627.0,53534.0,27,40,70.4,0,Repaid,4.2,Low,Normal
CUST-12913,TXN-203624,2025-02-24,Retail,Lagos,Health,Informal,103235.0,160610.0,16981.0,28037.0,25,41,58.0,1,Defaulted,29.0,Low,Loan-to-income mismatch
CUST-12600,TXN-203625,2025-04-03,Retail,Abuja,Education,Contract,93013.0,34774.0,22587.0,47220.0,19,61,57.7,0,Repaid,2.1,Low,Normal
CUST-12698,TXN-203626,2026-01-07,Retail,Kano,Transport,Salaried,227315.0,456258.0,74379.0,65073.0,34,90,81.8,0,Repaid,8.3,Low,Loan-to-income mismatch
CUST-10829,TXN-203627,2025-07-04,SME,Kigali,Health,Salaried,183840.0,362309.0,34883.0,24109.0,17,73,59.2,0,Repaid,12.3,Low,Loan-to-income mismatch
CUST-12959,TXN-203628,2026-04-12,Market Trader,Kano,Shop,Informal,168281.0,60200.0,62803.0,88245.0,37,53,86.7,0,Repaid,2.3,Low,Normal
CUST-12904,TXN-203629,2025-01-05,Retail,Kumasi,Fintech Agent,Salaried,65000.0,139867.0,37271.0,61039.0,17,9,71.1,0,Repaid,23.7,Low,Loan-to-income mismatch
CUST-11623,TXN-203630,2025-02-23,SME,Kumasi,Health,Salaried,385887.0,891143.0,139903.0,69868.0,17,95,86.8,1,Defaulted,11.9,Low,Loan-to-income mismatch
CUST-11910,TXN-203631,2025-08-28,Market Trader,Accra,Transport,Salaried,111793.0,30911.0,22438.0,4798.0,34,31,83.5,0,Repaid,1.0,Low,Normal
CUST-10129,TXN-203632,2025-09-16,Market Trader,Lagos,Shop,Contract,385294.0,882220.0,22751.0,34203.0,21,60,87.2,0,Repaid,7.0,Low,Loan-to-income mismatch
CUST-12661,TXN-203633,2025-01-14,SME,Kigali,Shop,Self-employed,88550.0,70876.0,9395.0,101308.0,29,77,63.4,0,Repaid,2.1,Low,Normal
CUST-13363,TXN-203634,2025-09-12,Services,Accra,Health,Informal,115704.0,191579.0,43223.0,6025.0,28,67,79.4,1,Defaulted,18.2,Low,Loan-to-income mismatch
CUST-11653,TXN-203635,2025-06-16,Agriculture,Kano,Shop,Contract,65000.0,36926.0,29298.0,80342.0,35,12,85.3,0,Repaid,2.0,Low,Normal
CUST-11891,TXN-203636,2025-11-25,Market Trader,Accra,Shop,Unemployed,189490.0,377986.0,9719.0,10100.0,37,26,44.1,0,Repaid,47.1,Medium,Loan-to-income mismatch
CUST-11747,TXN-203637,2026-03-05,Agriculture,Accra,Health,Salaried,102485.0,209997.0,14030.0,40235.0,20,95,100.0,0,Repaid,3.9,Low,Loan-to-income mismatch
CUST-10289,TXN-203638,2025-10-27,Services,Kigali,Food,Self-employed,103709.0,243915.0,22922.0,91211.0,28,74,100.0,0,Repaid,4.6,Low,Loan-to-income mismatch
CUST-12169,TXN-203639,2026-04-29,Market Trader,Kano,Food,Self-employed,91450.0,217964.0,20252.0,44506.0,35,61,89.1,0,Repaid,11.2,Low,Loan-to-income mismatch
CUST-12525,TXN-203640,2025-10-16,Retail,Kigali,Transport,Unemployed,225593.0,78598.0,140724.0,67631.0,30,43,86.5,0,Repaid,4.8,Low,Normal
CUST-13247,TXN-203641,2025-07-09,Retail,Lagos,Education,Salaried,219436.0,360024.0,32559.0,72716.0,25,90,82.6,0,Repaid,5.9,Low,Loan-to-income mismatch
CUST-13254,TXN-203642,2025-02-24,SME,Abuja,Transport,Salaried,348382.0,273885.0,20690.0,79025.0,13,70,66.2,0,Repaid,1.8,Low,Normal
CUST-11721,TXN-203643,2025-05-27,Services,Abuja,Shop,Self-employed,122028.0,55984.0,29580.0,18215.0,33,70,70.0,0,Repaid,2.0,Low,Normal
CUST-13356,TXN-203644,2025-07-01,Retail,Kigali,Food,Self-employed,178422.0,91053.0,18681.0,33777.0,32,88,89.4,0,Repaid,1.0,Low,Normal
CUST-11850,TXN-203645,2026-01-27,Market Trader,Kumasi,Fintech Agent,Salaried,94701.0,213919.0,9446.0,18433.0,32,92,54.5,0,Repaid,29.5,Low,Loan-to-income mismatch
CUST-12247,TXN-203646,2025-08-29,Retail,Accra,Education,Self-employed,141391.0,240040.0,39122.0,99893.0,18,82,52.9,0,Repaid,14.5,Low,Loan-to-income mismatch
CUST-12106,TXN-203647,2025-12-27,SME,Lagos,Education,Self-employed,130886.0,38222.0,27882.0,47407.0,36,64,64.8,0,Repaid,1.8,Low,Normal
CUST-13495,TXN-203648,2025-03-15,Services,Abuja,Transport,Self-employed,197811.0,467821.0,15387.0,66013.0,13,23,83.8,0,Repaid,15.3,Low,Loan-to-income mismatch
CUST-12581,TXN-203649,2025-07-15,Agriculture,Kigali,Shop,Salaried,249484.0,492318.0,99971.0,53371.0,31,27,56.4,1,Defaulted,15.3,Low,Loan-to-income mismatch
CUST-10420,TXN-203650,2026-02-13,Services,Kigali,Health,Self-employed,246779.0,213804.0,82935.0,39074.0,26,16,67.9,0,Repaid,3.6,Low,Normal
CUST-10251,TXN-203651,2026-04-13,Market Trader,Kano,Food,Salaried,114236.0,139976.0,7833.0,17721.0,36,77,70.1,0,Repaid,2.7,Low,Normal
CUST-11434,TXN-203652,2025-07-09,SME,Kumasi,Shop,Salaried,247547.0,443851.0,139500.0,33782.0,19,33,53.8,0,Repaid,11.7,Low,Loan-to-income mismatch
CUST-11804,TXN-203653,2025-08-23,Services,Kano,Transport,Self-employed,159769.0,268538.0,31853.0,23019.0,27,23,28.1,1,Defaulted,27.5,Low,Loan-to-income mismatch
CUST-12340,TXN-203654,2025-05-22,SME,Kigali,Shop,Salaried,142012.0,171556.0,88853.0,21500.0,22,70,53.5,0,Repaid,11.7,Low,Normal
CUST-11685,TXN-203655,2026-04-28,Services,Lagos,Fintech Agent,Self-employed,120864.0,159239.0,73349.0,105670.0,26,55,76.7,0,Repaid,2.6,Low,Normal
CUST-11801,TXN-203656,2025-02-22,Retail,Lagos,Fintech Agent,Self-employed,128647.0,35496.0,37755.0,59650.0,19,25,80.8,0,Repaid,1.3,Low,Normal
CUST-13225,TXN-203657,2026-04-02,Retail,Kano,Fintech Agent,Self-employed,338328.0,436919.0,55485.0,45488.0,26,37,80.9,0,Repaid,3.0,Low,Normal
CUST-11172,TXN-203658,2025-12-15,Retail,Abuja,Health,Salaried,185185.0,173212.0,101103.0,8682.0,17,47,83.0,0,Repaid,3.6,Low,Normal
CUST-11727,TXN-203659,2026-05-05,Services,Kumasi,Health,Salaried,175139.0,142355.0,43366.0,30846.0,27,77,60.7,0,Repaid,4.1,Low,Normal
CUST-11950,TXN-203660,2025-03-19,Retail,Kigali,Food,Self-employed,,113499.0,17936.0,38146.0,36,2,56.9,0,Repaid,5.3,Low,Normal
CUST-11639,TXN-203661,2025-02-26,Agriculture,Kigali,Food,Salaried,454663.0,736855.0,167094.0,37014.0,27,73,78.8,0,Repaid,9.1,Low,Loan-to-income mismatch
CUST-13388,TXN-203662,2025-04-05,Market Trader,Kigali,Shop,Salaried,281561.0,318995.0,92443.0,37583.0,24,9,68.2,0,Repaid,5.0,Low,Normal
CUST-13367,TXN-203663,2025-05-18,SME,Abuja,Fintech Agent,Contract,120229.0,135291.0,66789.0,79187.0,29,83,88.3,0,Repaid,4.1,Low,Normal
CUST-11795,TXN-203664,2025-04-27,Agriculture,Lagos,Shop,Salaried,145086.0,77388.0,69561.0,12545.0,34,13,78.9,0,Repaid,2.5,Low,Normal
CUST-11577,TXN-203665,2025-07-11,Market Trader,Abuja,Transport,Self-employed,148749.0,344404.0,85080.0,24776.0,38,25,95.1,0,Repaid,6.4,Low,Loan-to-income mismatch
CUST-12061,TXN-203666,2025-05-22,Retail,Nairobi,Food,Salaried,173038.0,117167.0,83554.0,54723.0,22,36,63.6,0,Repaid,2.6,Low,Normal
CUST-10633,TXN-203667,2026-01-19,SME,Lagos,Education,Salaried,121235.0,131123.0,51473.0,76663.0,23,95,91.2,0,Repaid,1.5,Low,Normal
CUST-11490,TXN-203668,2025-05-22,Services,Kumasi,Fintech Agent,Informal,195693.0,117857.0,65579.0,39854.0,24,39,100.0,0,Repaid,2.7,Low,Normal
CUST-10759,TXN-203669,2025-06-01,Retail,Kumasi,Education,Contract,299502.0,521426.0,192328.0,68794.0,25,77,73.0,0,Repaid,8.5,Low,Loan-to-income mismatch
CUST-10504,TXN-203670,2026-03-15,Retail,Nairobi,Health,Salaried,93740.0,107633.0,58519.0,33569.0,15,26,81.0,0,Repaid,2.0,Low,Normal
CUST-10333,TXN-203671,2025-04-17,Services,Lagos,Food,Salaried,101334.0,111295.0,56218.0,34317.0,29,38,55.3,0,Repaid,5.9,Low,Normal
CUST-12054,TXN-203672,2025-06-29,Retail,Accra,Fintech Agent,Self-employed,132863.0,282030.0,67554.0,69276.0,28,50,88.1,0,Repaid,8.0,Low,Loan-to-income mismatch
CUST-10001,TXN-203673,2025-06-27,Retail,Lagos,Transport,Self-employed,135475.0,252802.0,52004.0,15738.0,32,14,92.3,0,Repaid,6.2,Low,Loan-to-income mismatch
CUST-12261,TXN-203674,2025-08-25,Services,Lagos,Food,Self-employed,376757.0,502640.0,69189.0,86744.0,17,4,63.1,0,Repaid,9.5,Low,Normal
CUST-11511,TXN-203675,2025-06-10,Agriculture,Nairobi,Transport,Salaried,247884.0,302486.0,141672.0,55119.0,16,34,82.6,0,Repaid,5.7,Low,Normal
CUST-11282,TXN-203676,2025-10-28,Retail,Accra,Transport,Informal,241981.0,559214.0,6489.0,27000.0,19,75,77.0,0,Repaid,23.9,Low,Loan-to-income mismatch
CUST-12692,TXN-203677,2026-02-25,Services,Nairobi,Health,Informal,145651.0,335485.0,23783.0,60864.0,29,11,79.0,0,Repaid,18.6,Low,Loan-to-income mismatch
CUST-11885,TXN-203678,2025-08-29,Agriculture,Lagos,Health,Self-employed,144314.0,251769.0,39593.0,15077.0,28,78,86.6,0,Repaid,2.4,Low,Loan-to-income mismatch
CUST-12567,TXN-203679,2026-05-26,Retail,Kano,Health,Informal,88458.0,165198.0,34435.0,91954.0,20,59,81.3,0,Repaid,15.0,Low,Loan-to-income mismatch
CUST-12483,TXN-203680,2025-11-27,Market Trader,Lagos,Shop,Salaried,226009.0,491792.0,84381.0,7937.0,17,27,69.5,0,Repaid,13.8,Low,Loan-to-income mismatch
CUST-10112,TXN-203681,2025-06-06,Services,Kumasi,Fintech Agent,Salaried,200034.0,464232.0,26157.0,12355.0,22,12,87.0,0,Repaid,8.6,Low,Loan-to-income mismatch
CUST-10754,TXN-203682,2025-05-18,SME,Accra,Fintech Agent,Salaried,279322.0,101296.0,24028.0,31315.0,27,53,92.0,0,Repaid,1.0,Low,Normal
CUST-11994,TXN-203683,2025-01-27,SME,Nairobi,Health,Salaried,148963.0,356631.0,23844.0,33414.0,23,42,62.0,1,Defaulted,24.0,Low,Loan-to-income mismatch
CUST-13414,TXN-203684,2025-01-04,Market Trader,Lagos,Food,Salaried,153346.0,266931.0,36755.0,42511.0,24,12,72.0,0,Repaid,7.9,Low,Loan-to-income mismatch
CUST-10539,TXN-203685,2026-01-08,Retail,Lagos,Shop,Informal,174804.0,261488.0,5044.0,67737.0,20,64,40.2,0,Repaid,24.8,Low,High-risk repayment pattern
CUST-10369,TXN-203686,2026-01-25,SME,Nairobi,Food,Informal,236711.0,259727.0,107999.0,15152.0,22,80,82.5,0,Repaid,4.5,Low,Normal
CUST-13293,TXN-203687,2025-09-05,Retail,Kumasi,Shop,Self-employed,87773.0,81347.0,15454.0,95621.0,32,44,94.0,0,Repaid,1.0,Low,Normal
CUST-11088,TXN-202780,2026-04-05,Retail,Kigali,Education,Salaried,166134.0,323554.0,16923.0,26898.0,16,36,66.0,1,Defaulted,6.1,Low,Loan-to-income mismatch
CUST-10585,TXN-203689,2025-08-12,Retail,Kano,Health,Salaried,161360.0,263476.0,37272.0,121906.0,19,84,74.4,0,Repaid,15.0,Low,Loan-to-income mismatch
CUST-11405,TXN-203690,2025-10-17,Retail,Kano,Shop,Salaried,104336.0,65269.0,35730.0,38872.0,29,38,68.0,0,Repaid,5.3,Low,Normal
CUST-12193,TXN-203691,2025-07-01,Retail,Kano,Transport,Self-employed,67810.0,104021.0,38087.0,102045.0,39,24,65.1,0,Repaid,6.6,Low,Normal
CUST-10683,TXN-203692,2025-09-14,Agriculture,Nairobi,Education,Self-employed,153688.0,75828.0,17538.0,110171.0,35,81,76.2,1,Defaulted,1.5,Low,Normal
CUST-11141,TXN-203693,2025-08-31,Market Trader,Kano,Transport,Self-employed,298952.0,383574.0,70152.0,20733.0,31,51,57.9,0,Repaid,4.4,Low,Normal
CUST-11383,TXN-203694,2025-03-05,Market Trader,Kumasi,Fintech Agent,Self-employed,328853.0,485149.0,149950.0,18891.0,34,90,67.8,0,Repaid,8.6,Low,Normal
CUST-12245,TXN-203695,2025-03-12,SME,Nairobi,Food,Informal,188954.0,300667.0,9044.0,44887.0,31,87,55.7,0,Repaid,17.6,Low,Loan-to-income mismatch
CUST-11078,TXN-203696,2025-01-25,SME,Lagos,Health,Salaried,371032.0,186437.0,201428.0,42526.0,25,78,82.6,0,Repaid,1.6,Low,Normal
CUST-11442,TXN-203697,2025-11-12,Services,Accra,Health,Salaried,159846.0,62696.0,100056.0,41656.0,20,35,76.3,0,Repaid,2.9,Low,Normal
CUST-11013,TXN-203698,2026-04-02,Market Trader,Abuja,Education,Salaried,242896.0,183224.0,97841.0,26939.0,27,69,64.2,0,Repaid,4.2,Low,Normal
CUST-12658,TXN-203699,2026-04-25,Retail,Nairobi,Education,Informal,134657.0,205703.0,83837.0,70900.0,15,46,72.7,0,Repaid,25.0,Low,Normal
CUST-10535,TXN-203700,2025-12-01,Services,Lagos,Education,Self-employed,131120.0,294802.0,36744.0,50610.0,30,73,68.0,0,Repaid,18.5,Low,Duplicate customer details
CUST-10807,TXN-203701,2026-04-20,Market Trader,Kano,Transport,Self-employed,122449.0,233835.0,34466.0,19537.0,29,89,92.6,0,Repaid,3.8,Low,Loan-to-income mismatch
CUST-10874,TXN-203702,2025-07-14,SME,Kumasi,Transport,Unemployed,68499.0,125728.0,5955.0,53350.0,32,70,64.1,1,Defaulted,14.1,Low,Loan-to-income mismatch
CUST-13170,TXN-203703,2026-01-16,Retail,Accra,Fintech Agent,Self-employed,279450.0,255170.0,11830.0,73612.0,30,48,83.4,0,Repaid,1.4,Low,Normal
CUST-13305,TXN-203704,2025-09-21,Services,Lagos,Food,Salaried,124308.0,53203.0,21634.0,44838.0,28,95,59.3,0,Repaid,2.0,Low,Normal
CUST-11750,TXN-203705,2025-07-20,Services,Kigali,Fintech Agent,Salaried,116238.0,251086.0,37338.0,52817.0,29,83,86.7,0,Repaid,6.9,Low,Loan-to-income mismatch
CUST-10547,TXN-203706,2025-12-21,Market Trader,Lagos,Education,Self-employed,99152.0,128094.0,33696.0,18884.0,23,25,90.7,0,Repaid,2.0,Low,Normal
CUST-12646,TXN-203707,2026-04-21,Retail,Accra,Health,Self-employed,149368.0,60215.0,23462.0,41891.0,23,90,91.5,0,Repaid,1.0,Low,Normal
CUST-11722,TXN-203708,2025-08-30,Retail,Lagos,Transport,Informal,341351.0,466842.0,138612.0,16565.0,44,47,98.5,0,Repaid,9.5,Low,Normal
CUST-12974,TXN-203709,2025-12-07,Market Trader,Kumasi,Transport,Salaried,392145.0,658573.0,52610.0,39018.0,26,26,77.3,1,Defaulted,2.5,Low,Loan-to-income mismatch
CUST-11259,TXN-203710,2025-04-25,Market Trader,Kano,Food,Contract,81019.0,72121.0,18271.0,31820.0,21,29,94.3,0,Repaid,1.0,Low,Normal
CUST-13495,TXN-203711,2025-09-17,Market Trader,Kumasi,Health,Salaried,140243.0,28123.0,20096.0,40802.0,21,75,100.0,0,Repaid,1.0,Low,Normal
CUST-12824,TXN-203712,2025-12-08,SME,Kumasi,Health,Contract,105405.0,164428.0,48370.0,28696.0,23,38,51.8,0,Repaid,7.7,Low,Loan-to-income mismatch
CUST-10783,TXN-203713,2025-05-27,Retail,Kigali,Education,Salaried,246496.0,66310.0,85150.0,55576.0,25,63,61.1,0,Repaid,1.2,Low,Normal
CUST-12539,TXN-203714,2026-02-12,Retail,Lagos,Transport,Salaried,183573.0,209420.0,88802.0,75017.0,23,43,45.1,0,Repaid,22.4,Low,Normal
CUST-11004,TXN-203715,2026-01-25,Services,Kumasi,Shop,Self-employed,124572.0,250514.0,6984.0,5214.0,22,94,91.1,0,Repaid,5.7,Low,Loan-to-income mismatch
CUST-11224,TXN-203716,2026-03-17,Market Trader,Kano,Shop,Informal,167792.0,402272.0,48320.0,11407.0,20,14,44.8,1,Defaulted,78.5,High,Loan-to-income mismatch
CUST-10876,TXN-203717,2026-02-16,Services,Kumasi,Health,Salaried,133184.0,133460.0,83797.0,20573.0,31,57,40.0,0,Repaid,7.3,Low,High-risk repayment pattern
CUST-12387,TXN-203718,2025-11-13,SME,Kigali,Fintech Agent,Salaried,320611.0,72035.0,17243.0,44458.0,21,35,52.2,0,Repaid,4.3,Low,Normal
CUST-10920,TXN-203719,2025-10-16,Retail,Nairobi,Fintech Agent,Salaried,204786.0,260948.0,58073.0,27103.0,21,76,40.7,0,Repaid,8.1,Low,Duplicate customer details
CUST-12235,TXN-203720,2026-05-04,SME,Kigali,Health,Unemployed,215631.0,171067.0,9801.0,21889.0,25,90,76.9,0,Repaid,5.9,Low,Normal
CUST-12038,TXN-203721,2025-05-28,Services,Kigali,Food,Self-employed,65000.0,140527.0,7305.0,41021.0,24,34,52.5,0,Repaid,9.6,Low,Loan-to-income mismatch
CUST-12627,TXN-203722,2025-01-30,Agriculture,Nairobi,Health,Informal,158253.0,278452.0,49279.0,39535.0,34,87,41.6,0,Repaid,43.3,Medium,Loan-to-income mismatch
CUST-13477,TXN-203723,2025-07-20,Market Trader,Kigali,Shop,Salaried,390408.0,420703.0,46550.0,23230.0,28,59,71.2,0,Repaid,3.6,Low,Normal
CUST-10030,TXN-203724,2025-08-06,Retail,Kumasi,Food,Self-employed,284070.0,531695.0,98520.0,52692.0,29,7,72.3,0,Repaid,8.3,Low,Loan-to-income mismatch
CUST-13465,TXN-203725,2025-11-18,Market Trader,Lagos,Transport,Self-employed,74923.0,70239.0,45053.0,30882.0,31,75,38.3,0,Repaid,7.8,Low,High-risk repayment pattern
CUST-10382,TXN-203726,2025-03-13,Retail,Kigali,Fintech Agent,Salaried,142680.0,190951.0,20868.0,104948.0,22,53,59.2,0,Repaid,6.0,Low,Normal
CUST-11843,TXN-203727,2025-04-26,Market Trader,Kumasi,Education,Self-employed,98259.0,218978.0,8600.0,9829.0,33,92,70.7,0,Repaid,12.9,Low,Loan-to-income mismatch
CUST-11193,TXN-203728,2026-04-17,Services,Kigali,Fintech Agent,Salaried,333922.0,208484.0,180293.0,18364.0,27,45,65.6,0,Repaid,2.2,Low,Normal
CUST-12236,TXN-203729,2025-09-01,SME,Kano,Health,Salaried,180340.0,157795.0,55900.0,46392.0,32,25,66.1,0,Repaid,3.3,Low,Normal
CUST-12526,TXN-203730,2025-08-22,Agriculture,Kumasi,Health,Self-employed,117892.0,252998.0,67911.0,66063.0,34,18,93.2,0,Repaid,8.3,Low,Loan-to-income mismatch
CUST-13009,TXN-203731,2025-01-22,SME,Kano,Transport,Self-employed,165107.0,199015.0,35144.0,89041.0,20,9,100.0,0,Repaid,1.8,Low,Normal
CUST-11406,TXN-203732,2025-01-16,Retail,Lagos,Shop,Self-employed,65000.0,57571.0,26997.0,55359.0,29,68,66.4,0,Repaid,2.2,Low,Normal
CUST-13265,TXN-203733,2026-02-20,Retail,Kumasi,Transport,Self-employed,103189.0,27118.0,62088.0,14104.0,30,93,48.2,0,Repaid,3.4,Low,Normal
CUST-11128,TXN-203734,2025-11-24,Agriculture,Kano,Health,Informal,165265.0,183457.0,21182.0,21450.0,24,62,67.8,0,Repaid,9.7,Low,Normal
CUST-10713,TXN-203735,2025-07-16,Market Trader,Abuja,Fintech Agent,Self-employed,232160.0,299796.0,121758.0,30907.0,29,58,75.5,0,Repaid,4.6,Low,Normal
CUST-11326,TXN-203736,2025-07-24,Market Trader,Abuja,Health,Self-employed,72016.0,77926.0,30092.0,60598.0,35,4,71.0,0,Repaid,2.9,Low,Normal
CUST-11849,TXN-203737,2025-08-18,Retail,Kumasi,Fintech Agent,Salaried,138679.0,110383.0,73799.0,38008.0,34,3,83.0,0,Repaid,3.2,Low,Normal
CUST-12338,TXN-203738,2026-02-19,Market Trader,Kumasi,Shop,Contract,248716.0,248584.0,31720.0,50193.0,23,48,100.0,0,Repaid,1.6,Low,Normal
CUST-12914,TXN-203739,2026-04-02,Retail,Kano,Fintech Agent,Salaried,88467.0,142098.0,25963.0,53439.0,26,50,41.2,0,Repaid,22.4,Low,Loan-to-income mismatch
CUST-10786,TXN-203740,2025-08-12,Retail,Kano,Shop,Salaried,179200.0,386828.0,18129.0,58828.0,20,42,62.9,0,Repaid,12.6,Low,Loan-to-income mismatch
CUST-11061,TXN-203741,2025-07-24,Services,Nairobi,Transport,Self-employed,167328.0,271453.0,104555.0,20162.0,31,89,99.7,0,Repaid,3.6,Low,Loan-to-income mismatch
CUST-13285,TXN-203742,2025-07-30,Agriculture,Accra,Health,Informal,334382.0,539853.0,19894.0,56121.0,24,33,62.6,0,Repaid,25.2,Low,Loan-to-income mismatch
CUST-11539,TXN-203743,2025-09-03,Services,Kano,Fintech Agent,Salaried,147760.0,294554.0,9051.0,48444.0,38,94,86.2,0,Repaid,7.2,Low,Loan-to-income mismatch
CUST-10845,TXN-203744,2025-06-05,Services,Nairobi,Shop,Self-employed,151437.0,82778.0,88718.0,85854.0,26,26,83.4,0,Repaid,2.8,Low,Normal
CUST-13449,TXN-203745,2025-06-02,SME,Lagos,Food,Salaried,233067.0,197743.0,48823.0,41858.0,33,32,94.3,0,Repaid,1.2,Low,Normal
CUST-11571,TXN-203746,2025-08-25,Market Trader,Kumasi,Health,Salaried,93240.0,27255.0,36934.0,39052.0,26,30,100.0,0,Repaid,1.0,Low,Normal
CUST-13447,TXN-203747,2026-02-21,Market Trader,Kumasi,Education,Self-employed,148335.0,141837.0,29832.0,13453.0,18,75,78.0,0,Repaid,3.0,Low,Duplicate customer details
CUST-13217,TXN-203748,2025-05-28,Retail,Kano,Food,Salaried,134403.0,322216.0,57621.0,11232.0,38,33,40.6,0,Repaid,54.3,Medium,Loan-to-income mismatch
CUST-13171,TXN-203749,2025-08-14,Agriculture,Nairobi,Food,Informal,153531.0,139878.0,21687.0,93799.0,38,45,59.4,0,Repaid,4.3,Low,Normal
CUST-12036,TXN-203750,2025-05-15,Agriculture,Abuja,Transport,Salaried,232427.0,485469.0,71840.0,44420.0,25,12,100.0,0,Repaid,5.1,Low,Loan-to-income mismatch
CUST-12794,TXN-203751,2025-09-06,Market Trader,Kumasi,Fintech Agent,Self-employed,205407.0,76088.0,73145.0,8935.0,21,39,46.5,0,Repaid,5.6,Low,Normal
CUST-13361,TXN-203752,2025-02-28,Market Trader,Abuja,Education,Salaried,118842.0,142677.0,27357.0,47786.0,27,20,80.9,0,Repaid,4.6,Low,Normal
CUST-10941,TXN-203753,2025-09-12,Retail,Nairobi,Transport,Salaried,172373.0,165521.0,30781.0,30149.0,16,73,26.7,0,Repaid,10.7,Low,High-risk repayment pattern
CUST-10132,TXN-203754,2025-12-29,Retail,Kano,Fintech Agent,Self-employed,304366.0,190994.0,32972.0,58190.0,34,78,47.7,0,Repaid,4.6,Low,Normal
CUST-11122,TXN-203755,2025-12-16,Market Trader,Nairobi,Fintech Agent,Salaried,114786.0,115585.0,53361.0,57771.0,31,27,88.0,0,Repaid,3.1,Low,Normal
CUST-12229,TXN-203756,2025-11-21,Services,Kumasi,Shop,Salaried,172987.0,281249.0,21799.0,41911.0,22,94,72.6,0,Repaid,9.1,Low,Loan-to-income mismatch
CUST-11915,TXN-203757,2025-10-07,Retail,Lagos,Fintech Agent,Salaried,150072.0,190364.0,30621.0,33020.0,31,42,65.2,1,Defaulted,6.0,Low,Normal
CUST-10282,TXN-203758,2025-11-08,Services,Kumasi,Fintech Agent,Salaried,158504.0,325634.0,36813.0,35132.0,37,80,57.3,0,Repaid,18.3,Low,Loan-to-income mismatch
CUST-11962,TXN-203759,2025-08-13,SME,Lagos,Fintech Agent,Contract,82053.0,179612.0,25129.0,82520.0,34,25,36.1,0,Repaid,33.0,Low,Loan-to-income mismatch
CUST-10610,TXN-203760,2026-05-01,Market Trader,Nairobi,Shop,Informal,294349.0,367878.0,136171.0,55911.0,24,82,84.5,0,Repaid,12.6,Low,Normal
CUST-11769,TXN-203761,2025-12-04,Retail,Abuja,Food,Salaried,117568.0,277394.0,34048.0,22857.0,24,15,66.9,0,Repaid,26.6,Low,Loan-to-income mismatch
CUST-12014,TXN-203762,2025-06-03,Retail,Kigali,Fintech Agent,Salaried,250434.0,85119.0,142444.0,13337.0,33,36,44.6,0,Repaid,7.3,Low,Normal
CUST-12228,TXN-203763,2025-11-25,SME,Abuja,Food,Salaried,125370.0,99478.0,56199.0,23007.0,35,37,72.5,0,Repaid,3.9,Low,Normal
CUST-11443,TXN-203764,2025-06-17,SME,Accra,Food,Self-employed,125152.0,138305.0,68614.0,47434.0,33,19,82.5,0,Repaid,3.8,Low,Normal
CUST-11429,TXN-203765,2026-01-02,Market Trader,Accra,Transport,Salaried,270902.0,399200.0,127677.0,54754.0,25,92,68.4,0,Repaid,6.4,Low,Normal
CUST-12375,TXN-203766,2025-07-05,Market Trader,Lagos,Food,Salaried,247071.0,343914.0,28077.0,30638.0,16,29,74.1,0,Repaid,3.2,Low,Normal
CUST-12622,TXN-203767,2025-08-31,Retail,Abuja,Food,Self-employed,177662.0,255995.0,113010.0,15178.0,26,41,72.7,0,Repaid,11.1,Low,Normal
CUST-12827,TXN-203768,2025-10-25,Retail,Kigali,Food,Self-employed,224063.0,486144.0,115516.0,47999.0,36,3,59.3,0,Repaid,31.2,Low,Loan-to-income mismatch
CUST-11167,TXN-203769,2026-05-21,Agriculture,Kano,Transport,Self-employed,144179.0,114795.0,54905.0,32979.0,34,66,73.0,0,Repaid,3.0,Low,Normal
CUST-11484,TXN-203770,2025-10-07,SME,Nairobi,Shop,Self-employed,162184.0,323300.0,20126.0,91920.0,24,18,85.2,0,Repaid,6.5,Low,Loan-to-income mismatch
CUST-11157,TXN-203771,2025-10-24,Retail,Accra,Education,Salaried,123268.0,174888.0,15876.0,19516.0,34,28,90.6,0,Repaid,2.7,Low,Normal
CUST-11846,TXN-203772,2026-04-17,Agriculture,Abuja,Shop,Salaried,237924.0,301899.0,96842.0,43524.0,21,88,86.2,0,Repaid,5.0,Low,Normal
CUST-10445,TXN-203773,2026-02-16,Retail,Kumasi,Fintech Agent,Self-employed,121633.0,102743.0,34325.0,47079.0,15,83,59.8,0,Repaid,5.5,Low,Normal
CUST-11505,TXN-203774,2025-01-18,Agriculture,Lagos,Shop,Self-employed,303691.0,259666.0,135383.0,49149.0,29,12,83.5,0,Repaid,1.9,Low,Normal
CUST-10660,TXN-203775,2025-08-29,Market Trader,Kigali,Fintech Agent,Salaried,142536.0,148583.0,36294.0,62357.0,28,60,80.4,0,Repaid,3.1,Low,Normal
CUST-11863,TXN-203776,2025-12-29,Agriculture,Kumasi,Education,Salaried,164163.0,307805.0,56323.0,6569.0,20,72,59.2,0,Repaid,8.6,Low,Loan-to-income mismatch
CUST-12976,TXN-203777,2025-06-23,Retail,Kumasi,Food,Salaried,223835.0,277185.0,30982.0,25384.0,25,91,63.6,0,Repaid,4.0,Low,Normal
CUST-13448,TXN-203778,2025-05-05,Agriculture,Lagos,Fintech Agent,Informal,164394.0,85733.0,19362.0,31240.0,31,24,84.2,0,Repaid,1.4,Low,Normal
CUST-11561,TXN-203779,2025-09-28,Agriculture,Abuja,Food,Salaried,143613.0,268111.0,9716.0,21559.0,28,32,96.8,0,Repaid,2.4,Low,Loan-to-income mismatch
CUST-10197,TXN-203780,2025-03-31,Retail,Kano,Shop,Informal,160715.0,265614.0,86203.0,44528.0,34,24,39.4,1,Defaulted,38.0,Medium,Loan-to-income mismatch
CUST-10797,TXN-203781,2025-10-25,Retail,Kano,Education,Informal,236902.0,541868.0,87628.0,36802.0,38,52,100.0,0,Repaid,7.6,Low,Loan-to-income mismatch
CUST-10366,TXN-203782,2025-12-11,Agriculture,Lagos,Food,Self-employed,123205.0,166980.0,75980.0,13107.0,32,58,93.0,0,Repaid,5.4,Low,Normal
CUST-12657,TXN-203783,2025-06-09,Market Trader,Lagos,Fintech Agent,Informal,154350.0,252025.0,75967.0,50440.0,20,19,75.6,0,Repaid,15.0,Low,Loan-to-income mismatch
CUST-13446,TXN-203784,2025-11-27,SME,Kumasi,Education,Salaried,163459.0,203362.0,82436.0,25714.0,35,4,67.7,0,Repaid,5.7,Low,Normal
CUST-11938,TXN-203785,2026-01-25,Retail,Kano,Shop,Salaried,234012.0,395792.0,79729.0,44958.0,23,14,79.0,0,Repaid,4.7,Low,Loan-to-income mismatch
CUST-10618,TXN-203786,2025-05-26,Retail,Abuja,Food,Self-employed,156071.0,179198.0,83301.0,16859.0,20,21,60.5,0,Repaid,9.1,Low,Normal
CUST-10074,TXN-203787,2025-08-09,Agriculture,Kumasi,Transport,Contract,347836.0,169063.0,213397.0,38452.0,20,57,68.8,0,Repaid,4.6,Low,Normal
CUST-13416,TXN-203788,2025-11-01,Retail,Kigali,Transport,Unemployed,152398.0,361250.0,72343.0,36459.0,44,20,45.4,1,Defaulted,65.0,Medium,Loan-to-income mismatch
CUST-11107,TXN-203789,2025-12-07,Retail,Kigali,Transport,Self-employed,147292.0,262063.0,12744.0,40092.0,21,77,40.7,1,Defaulted,20.1,Low,Loan-to-income mismatch
CUST-10392,TXN-203790,2025-11-13,Retail,Kigali,Shop,Salaried,151474.0,231929.0,65155.0,46696.0,26,62,100.0,0,Repaid,1.4,Low,Normal
CUST-10619,TXN-203791,2025-05-29,Agriculture,Abuja,Health,Salaried,93621.0,116910.0,8976.0,58544.0,31,20,73.1,0,Repaid,3.4,Low,Normal
CUST-10893,TXN-203792,2025-03-09,Market Trader,Abuja,Food,Self-employed,105301.0,185264.0,7229.0,24837.0,27,95,75.7,0,Repaid,7.4,Low,Loan-to-income mismatch
CUST-12295,TXN-203793,2025-09-07,SME,Abuja,Food,Self-employed,130238.0,60097.0,59457.0,19867.0,32,68,71.4,0,Repaid,3.3,Low,Normal
CUST-13121,TXN-203794,2025-06-04,SME,Kano,Food,Self-employed,262249.0,237066.0,143166.0,47410.0,21,83,57.1,0,Repaid,7.8,Low,Normal
CUST-10962,TXN-203795,2025-07-01,Market Trader,Lagos,Fintech Agent,Informal,160506.0,73324.0,19272.0,59633.0,28,65,66.5,0,Repaid,9.2,Low,Normal
CUST-12405,TXN-203796,2026-02-16,Retail,Kano,Health,Salaried,132780.0,61049.0,8858.0,4388.0,33,64,73.6,0,Repaid,1.0,Low,Normal
CUST-10227,TXN-203797,2025-08-05,Retail,Kumasi,Fintech Agent,Self-employed,272432.0,61949.0,157604.0,14242.0,19,47,68.5,0,Repaid,1.5,Low,Normal
CUST-10035,TXN-203798,2026-04-16,Retail,Abuja,Education,Salaried,312230.0,580149.0,32251.0,35578.0,23,63,58.5,0,Repaid,13.3,Low,Loan-to-income mismatch
CUST-10192,TXN-203799,2025-12-15,Services,Kigali,Fintech Agent,Self-employed,275753.0,188787.0,11610.0,63285.0,24,74,80.6,0,Repaid,2.1,Low,Normal
CUST-13230,TXN-203800,2025-03-28,Agriculture,Nairobi,Fintech Agent,Contract,113744.0,230566.0,53945.0,22706.0,28,94,75.4,0,Repaid,18.8,Low,Loan-to-income mismatch
CUST-12036,TXN-203801,2025-03-22,Agriculture,Kano,Education,Self-employed,132190.0,289211.0,73241.0,29616.0,33,57,79.1,0,Repaid,6.8,Low,Loan-to-income mismatch
CUST-12818,TXN-203802,2025-12-09,Agriculture,Kano,Food,Self-employed,348631.0,193217.0,119970.0,20868.0,39,72,84.7,0,Repaid,1.4,Low,Normal
CUST-10076,TXN-203803,2025-05-07,Retail,Accra,Fintech Agent,Salaried,180102.0,315841.0,64864.0,29495.0,32,90,68.9,0,Repaid,13.2,Low,Loan-to-income mismatch
CUST-10077,TXN-203804,2026-04-28,Agriculture,Kano,Health,Informal,145451.0,174814.0,33777.0,52021.0,28,59,69.0,0,Repaid,14.6,Low,Normal
CUST-12970,TXN-203805,2025-07-05,Market Trader,Lagos,Food,Self-employed,220071.0,488578.0,37463.0,57159.0,40,73,98.7,0,Repaid,6.4,Low,Loan-to-income mismatch
CUST-10359,TXN-203806,2025-01-17,Agriculture,Kano,Transport,Contract,248467.0,311927.0,123189.0,54209.0,28,19,55.0,0,Repaid,9.4,Low,Normal
CUST-10543,TXN-203807,2025-05-21,Services,Accra,Food,Salaried,128026.0,130727.0,71061.0,49065.0,29,85,38.3,0,Repaid,4.6,Low,High-risk repayment pattern
CUST-11816,TXN-203808,2026-03-14,Market Trader,Abuja,Transport,Salaried,178468.0,148831.0,39688.0,15058.0,18,94,82.0,0,Repaid,3.9,Low,Normal
CUST-12122,TXN-203809,2025-04-01,SME,Abuja,Food,Self-employed,240183.0,525050.0,46237.0,139873.0,20,35,60.7,1,Defaulted,20.5,Low,Loan-to-income mismatch
CUST-10801,TXN-203810,2025-08-23,Market Trader,Accra,Health,Self-employed,99975.0,68195.0,18866.0,82068.0,27,85,52.6,0,Repaid,2.9,Low,Normal
CUST-11556,TXN-203811,2026-02-26,Services,Lagos,Health,Self-employed,163601.0,330069.0,8487.0,31250.0,20,78,87.9,0,Repaid,4.6,Low,Loan-to-income mismatch
CUST-12362,TXN-203812,2026-03-25,Retail,Nairobi,Shop,Salaried,101921.0,62284.0,20086.0,72104.0,33,23,69.4,0,Repaid,2.3,Low,Normal
CUST-11549,TXN-203813,2025-03-25,Market Trader,Kumasi,Shop,Self-employed,107678.0,173183.0,3894.0,5650.0,24,95,49.3,1,Defaulted,13.1,Low,Loan-to-income mismatch
CUST-11339,TXN-203814,2026-02-12,Services,Kigali,Education,Self-employed,128476.0,151777.0,66383.0,65652.0,22,56,100.0,0,Repaid,1.2,Low,Normal
CUST-10251,TXN-203815,2025-11-28,Retail,Abuja,Education,Salaried,198867.0,81979.0,36041.0,44073.0,33,17,43.0,0,Repaid,2.7,Low,Normal
CUST-11581,TXN-203816,2025-04-13,Market Trader,Nairobi,Shop,Contract,142166.0,65335.0,64657.0,16302.0,36,12,70.4,0,Repaid,2.6,Low,Normal
CUST-12809,TXN-203817,2025-08-21,SME,Lagos,Fintech Agent,Contract,123954.0,99777.0,44897.0,108726.0,19,50,38.0,0,Repaid,7.2,Low,High-risk repayment pattern
CUST-12193,TXN-203818,2025-03-06,SME,Nairobi,Fintech Agent,Salaried,166317.0,313003.0,91076.0,11111.0,20,50,76.9,1,Defaulted,5.5,Low,Loan-to-income mismatch
CUST-13125,TXN-203819,2025-03-26,Retail,Abuja,Shop,Unemployed,100536.0,180789.0,62839.0,63291.0,24,83,60.5,1,Defaulted,27.6,Low,Loan-to-income mismatch
CUST-10441,TXN-203820,2026-04-05,Retail,Nairobi,Shop,Unemployed,194872.0,123815.0,48990.0,78081.0,18,49,86.7,0,Repaid,3.1,Low,Normal
CUST-10038,TXN-203821,2025-06-02,Market Trader,Lagos,Shop,Self-employed,261760.0,323841.0,19803.0,73952.0,20,39,71.7,0,Repaid,2.0,Low,Normal
CUST-11918,TXN-203822,2025-06-29,Market Trader,Nairobi,Education,Contract,157430.0,62234.0,77499.0,5405.0,31,31,96.3,0,Repaid,1.6,Low,Normal
CUST-10625,TXN-203823,2025-02-26,Services,Kumasi,Fintech Agent,Self-employed,149475.0,264481.0,4996.0,10030.0,28,49,64.3,0,Repaid,12.4,Low,Loan-to-income mismatch
CUST-12078,TXN-203824,2025-07-03,Agriculture,Lagos,Food,Salaried,190393.0,369578.0,30552.0,11038.0,31,27,43.1,0,Repaid,27.6,Low,Loan-to-income mismatch
CUST-13163,TXN-203825,2025-02-19,SME,Abuja,Health,,69428.0,150214.0,3718.0,82284.0,23,72,76.3,0,Repaid,9.3,Low,Loan-to-income mismatch
CUST-11179,TXN-203826,2026-02-14,Retail,Accra,Transport,Salaried,203916.0,437676.0,119461.0,98721.0,25,14,67.5,0,Repaid,12.6,Low,Loan-to-income mismatch
CUST-11923,TXN-203827,2025-07-05,Services,Kumasi,Shop,Salaried,598865.0,557017.0,13976.0,44136.0,20,79,39.3,1,Defaulted,5.2,Low,High-risk repayment pattern
CUST-12385,TXN-203828,2026-05-20,Retail,Nairobi,Food,Informal,154581.0,115173.0,51078.0,27502.0,41,22,53.0,0,Repaid,17.9,Low,Normal
CUST-10525,TXN-203829,2026-01-25,Services,Accra,Food,Unemployed,154812.0,336008.0,44450.0,79211.0,39,20,58.7,0,Repaid,31.2,Low,Loan-to-income mismatch
CUST-13140,TXN-203830,2026-03-04,Services,Kumasi,Fintech Agent,Self-employed,222418.0,112129.0,95913.0,81379.0,28,93,100.0,0,Repaid,1.0,Low,Normal
CUST-10709,TXN-203831,2025-07-25,Services,Kano,Transport,Self-employed,324824.0,101262.0,65789.0,89537.0,26,38,84.7,0,Repaid,1.0,Low,Normal
CUST-12828,TXN-203832,2026-05-04,Market Trader,Kano,Food,Informal,245116.0,215119.0,139821.0,16219.0,15,65,65.7,0,Repaid,10.8,Low,Normal
CUST-12309,TXN-203833,2025-10-21,Retail,Abuja,Transport,Contract,65818.0,122939.0,31766.0,14504.0,17,39,80.5,0,Repaid,8.1,Low,Loan-to-income mismatch
CUST-10493,TXN-203834,2025-03-10,SME,Kumasi,Food,Salaried,206205.0,354904.0,60283.0,14356.0,26,94,35.3,0,Repaid,22.0,Low,Loan-to-income mismatch
CUST-12536,TXN-203835,2025-03-08,Market Trader,Kumasi,Shop,Unemployed,479362.0,1136693.0,117710.0,12277.0,25,16,61.8,0,Repaid,36.3,Medium,Loan-to-income mismatch
CUST-10687,TXN-203836,2026-04-23,Market Trader,Kigali,Food,Self-employed,211383.0,206767.0,112881.0,6329.0,31,45,79.2,1,Defaulted,2.9,Low,Normal
CUST-12097,TXN-203837,2026-03-31,SME,Accra,Transport,Salaried,100214.0,79408.0,49801.0,98714.0,29,10,75.0,0,Repaid,2.7,Low,Normal
CUST-13358,TXN-203838,2025-11-13,SME,Kumasi,Food,Salaried,183206.0,186801.0,49717.0,69823.0,23,55,62.3,0,Repaid,3.3,Low,Normal
CUST-13336,TXN-203839,2025-06-20,Market Trader,Nairobi,Education,Contract,95046.0,182166.0,22342.0,170618.0,19,72,71.3,0,Repaid,5.8,Low,Loan-to-income mismatch
CUST-13049,TXN-203840,2025-12-16,Market Trader,Kigali,Health,Salaried,273150.0,179117.0,12155.0,33102.0,26,46,78.1,0,Repaid,1.2,Low,Normal
CUST-11729,TXN-203841,2025-04-08,SME,Accra,Transport,Informal,108937.0,248812.0,7786.0,58038.0,18,82,71.8,0,Repaid,20.3,Low,Loan-to-income mismatch
CUST-11958,TXN-203842,2026-03-21,Retail,Nairobi,Fintech Agent,Contract,167910.0,221282.0,9062.0,79787.0,28,74,87.5,0,Repaid,2.2,Low,Normal
CUST-11050,TXN-203843,2025-07-02,SME,Nairobi,Transport,Salaried,113520.0,217797.0,4017.0,40629.0,15,91,77.7,0,Repaid,4.4,Low,Loan-to-income mismatch
CUST-13223,TXN-203844,2025-07-23,Agriculture,Kumasi,Shop,Salaried,129378.0,260893.0,15048.0,16617.0,29,95,81.2,0,Repaid,3.5,Low,Loan-to-income mismatch
CUST-11670,TXN-203845,2026-05-16,Services,Accra,Transport,Self-employed,303818.0,377637.0,170138.0,41722.0,21,91,100.0,0,Repaid,3.9,Low,Normal
CUST-12700,TXN-203846,2026-03-20,Agriculture,Kumasi,Transport,Salaried,169983.0,310363.0,88874.0,31432.0,27,42,86.9,1,Defaulted,5.5,Low,Loan-to-income mismatch
CUST-11258,TXN-203847,2025-11-22,Market Trader,Nairobi,Shop,Self-employed,128687.0,127351.0,71127.0,40671.0,25,95,100.0,0,Repaid,1.0,Low,Normal
CUST-12591,TXN-203848,2025-02-19,Services,Accra,Education,Unemployed,100610.0,199234.0,41551.0,90118.0,30,64,59.9,0,Repaid,41.2,Medium,Loan-to-income mismatch
CUST-10785,TXN-203849,2025-03-04,Market Trader,Accra,Education,Self-employed,74153.0,148978.0,30637.0,19735.0,18,9,43.3,1,Defaulted,23.9,Low,Loan-to-income mismatch
CUST-12568,TXN-203850,2025-10-01,Agriculture,Abuja,Transport,Self-employed,96227.0,138276.0,9438.0,20318.0,37,9,69.5,0,Repaid,4.9,Low,Normal
CUST-10160,TXN-203851,2025-03-25,Retail,Kigali,Health,Informal,170591.0,113322.0,78531.0,67056.0,17,39,67.9,1,Defaulted,7.8,Low,Normal
CUST-10366,TXN-203852,2025-05-15,SME,Lagos,Transport,Unemployed,245659.0,573342.0,48252.0,33398.0,37,54,98.3,0,Repaid,19.5,Low,Loan-to-income mismatch
CUST-11232,TXN-203853,2026-01-29,Retail,Nairobi,Fintech Agent,Informal,128624.0,293558.0,44649.0,177828.0,43,9,51.7,1,Defaulted,51.0,Medium,Loan-to-income mismatch
CUST-11687,TXN-203854,2025-06-10,Retail,Kano,Food,Salaried,314780.0,489798.0,195628.0,35247.0,29,56,70.6,0,Repaid,5.5,Low,Loan-to-income mismatch
CUST-12489,TXN-203855,2026-03-13,Market Trader,Abuja,Transport,Salaried,120409.0,284673.0,68451.0,43153.0,26,65,79.3,0,Repaid,10.8,Low,Loan-to-income mismatch
CUST-11256,TXN-203856,2025-12-28,Retail,Abuja,Health,Self-employed,147272.0,190895.0,24581.0,80392.0,27,67,73.8,0,Repaid,2.3,Low,Normal
CUST-10064,TXN-203857,2025-02-12,Market Trader,Nairobi,Shop,Salaried,103422.0,104826.0,50066.0,37169.0,16,93,68.9,0,Repaid,3.7,Low,Normal
CUST-11138,TXN-203858,2025-01-19,Agriculture,Kano,Fintech Agent,Self-employed,246747.0,296668.0,21116.0,31378.0,38,36,78.5,0,Repaid,3.1,Low,Normal
CUST-11537,TXN-203859,2025-06-01,SME,Lagos,Health,Informal,392760.0,110724.0,14472.0,102353.0,34,5,91.4,0,Repaid,1.0,Low,Normal
CUST-11903,TXN-203860,2025-02-03,Agriculture,Accra,Transport,Informal,77655.0,108643.0,2931.0,19009.0,34,92,99.6,0,Repaid,3.1,Low,Normal
CUST-12254,TXN-203861,2025-01-25,Agriculture,Kigali,Transport,Salaried,140732.0,233479.0,17909.0,42138.0,19,51,72.6,0,Repaid,4.6,Low,Loan-to-income mismatch
CUST-10866,TXN-203862,2025-09-14,Market Trader,Kigali,Fintech Agent,Informal,276843.0,117142.0,126744.0,16038.0,45,61,57.3,0,Repaid,6.3,Low,Normal
CUST-12136,TXN-203863,2025-03-06,Services,Kano,Education,Self-employed,88635.0,66248.0,22060.0,60041.0,32,52,99.6,0,Repaid,1.1,Low,Normal
CUST-12210,TXN-203864,2026-05-26,Retail,Kumasi,Education,Self-employed,206490.0,367765.0,6204.0,34717.0,42,47,52.6,0,Repaid,10.7,Low,Loan-to-income mismatch
CUST-12718,TXN-203865,2025-03-13,Retail,Accra,Health,Salaried,271853.0,527876.0,174653.0,49798.0,32,17,100.0,0,Repaid,8.2,Low,Loan-to-income mismatch
CUST-11827,TXN-203866,2026-04-14,Market Trader,Kano,Transport,Salaried,168191.0,398381.0,59881.0,72439.0,21,55,96.2,0,Repaid,6.5,Low,Loan-to-income mismatch
CUST-12836,TXN-203867,2025-08-14,Agriculture,Lagos,Food,Contract,205071.0,152195.0,54989.0,17501.0,16,80,98.8,0,Repaid,1.0,Low,Normal
CUST-10775,TXN-203868,2025-10-18,Retail,Abuja,Food,Self-employed,340980.0,698326.0,118278.0,55613.0,29,12,84.3,0,Repaid,7.4,Low,Loan-to-income mismatch
CUST-12490,TXN-203869,2025-01-07,Market Trader,Kigali,Food,,368921.0,207359.0,128230.0,60604.0,23,39,34.0,1,Defaulted,18.4,Low,High-risk repayment pattern
CUST-10160,TXN-203870,2026-02-16,SME,Kigali,Transport,Salaried,158574.0,74617.0,50149.0,89530.0,19,89,53.3,0,Repaid,4.0,Low,Normal
CUST-10359,TXN-203871,2026-01-04,Agriculture,Kigali,Food,Salaried,130145.0,234109.0,52859.0,29482.0,17,41,77.5,0,Repaid,7.9,Low,Loan-to-income mismatch
CUST-13026,TXN-203872,2025-09-22,Agriculture,Kigali,Health,Salaried,110593.0,129376.0,63917.0,10973.0,30,17,59.8,0,Repaid,19.4,Low,Normal
CUST-11662,TXN-203873,2025-07-28,Retail,Accra,Food,Self-employed,245322.0,476540.0,51537.0,86552.0,12,92,66.3,1,Defaulted,18.0,Low,Loan-to-income mismatch
CUST-12172,TXN-203874,2025-09-27,Retail,Lagos,Shop,Self-employed,91478.0,73850.0,29894.0,12803.0,35,14,83.0,0,Repaid,1.5,Low,Normal
CUST-12111,TXN-203875,2025-07-27,SME,Abuja,Shop,Self-employed,146374.0,95625.0,3264.0,14980.0,29,25,68.9,0,Repaid,3.0,Low,Normal
CUST-12432,TXN-203876,2026-03-22,Services,Nairobi,Shop,Salaried,169928.0,237616.0,95446.0,34012.0,33,45,50.1,0,Repaid,20.3,Low,Normal
CUST-10859,TXN-203877,2026-05-12,Retail,Kumasi,Transport,Salaried,131760.0,57446.0,28028.0,24862.0,26,38,87.9,0,Repaid,1.0,Low,Normal
CUST-10623,TXN-203878,2025-08-22,Agriculture,Kigali,Health,Salaried,183052.0,146226.0,34948.0,44888.0,26,41,81.3,0,Repaid,1.0,Low,Normal
CUST-10148,TXN-203879,2025-06-20,Retail,Kano,Education,Salaried,477871.0,262373.0,309875.0,67327.0,26,74,67.5,0,Repaid,3.5,Low,Normal
CUST-13026,TXN-203880,2026-01-30,Retail,Kano,Food,Informal,154651.0,137717.0,60030.0,34159.0,15,54,84.8,1,Defaulted,4.9,Low,Normal
CUST-10782,TXN-203881,2025-01-22,Market Trader,Kigali,Shop,Salaried,135555.0,254763.0,13219.0,119789.0,24,47,73.7,0,Repaid,3.0,Low,Loan-to-income mismatch
CUST-12013,TXN-203882,2025-10-10,Agriculture,Kigali,Transport,Salaried,249307.0,111701.0,46690.0,18309.0,33,68,96.0,0,Repaid,1.0,Low,Normal
CUST-11592,TXN-203883,2025-07-28,Agriculture,Kano,Transport,Contract,179984.0,276878.0,43652.0,7941.0,35,58,74.7,0,Repaid,5.6,Low,Normal
CUST-10568,TXN-203884,2025-10-24,Market Trader,Kigali,Food,Unemployed,297902.0,440353.0,191020.0,33454.0,33,61,95.8,0,Repaid,7.4,Low,Normal
CUST-11448,TXN-203885,2025-08-29,Agriculture,Kumasi,Food,Self-employed,174411.0,239754.0,50804.0,35584.0,33,46,38.3,0,Repaid,24.5,Low,High-risk repayment pattern
CUST-10291,TXN-203886,2026-01-23,Market Trader,Kigali,Transport,Salaried,146629.0,184024.0,24191.0,50013.0,33,54,80.3,0,Repaid,2.8,Low,Normal
CUST-10618,TXN-203887,2025-08-31,Retail,Lagos,Food,Self-employed,76944.0,127248.0,29156.0,30346.0,23,28,64.8,0,Repaid,8.6,Low,Loan-to-income mismatch
CUST-10488,TXN-203888,2025-04-29,Agriculture,Kumasi,Shop,Salaried,82431.0,170716.0,22668.0,10668.0,26,40,56.5,1,Defaulted,18.1,Low,Loan-to-income mismatch
CUST-12885,TXN-203889,2025-08-28,Retail,Kigali,Shop,Salaried,75283.0,40632.0,4112.0,42913.0,24,17,92.9,0,Repaid,1.0,Low,Normal
CUST-11985,TXN-203890,2026-02-17,Services,Kigali,Fintech Agent,Contract,190865.0,379320.0,107339.0,44958.0,18,9,88.0,0,Repaid,5.9,Low,Loan-to-income mismatch
CUST-10238,TXN-204276,2025-05-12,Services,Lagos,Education,Contract,127290.0,150548.0,35030.0,13505.0,32,76,100.0,0,Repaid,1.1,Low,Normal
CUST-11525,TXN-203892,2025-08-20,Agriculture,Lagos,Fintech Agent,Salaried,275776.0,344807.0,161617.0,45873.0,40,77,84.9,0,Repaid,4.5,Low,Normal
CUST-10704,TXN-203893,2025-10-09,SME,Kigali,Shop,Contract,164836.0,216834.0,85529.0,67219.0,32,27,82.7,0,Repaid,5.9,Low,Normal
CUST-12130,TXN-203894,2025-10-02,Agriculture,Abuja,Health,Self-employed,146890.0,90872.0,9955.0,38747.0,27,45,59.0,0,Repaid,2.9,Low,Normal
CUST-13253,TXN-203895,2026-03-26,Retail,Kano,Fintech Agent,Self-employed,114186.0,43285.0,54338.0,27534.0,14,95,57.0,0,Repaid,3.4,Low,Normal
CUST-11864,TXN-203896,2026-05-18,SME,Kigali,Food,Salaried,211366.0,73197.0,106886.0,36258.0,29,51,43.4,0,Repaid,4.7,Low,Normal
CUST-10062,TXN-203897,2025-07-04,Retail,Accra,Fintech Agent,Unemployed,116089.0,30492.0,46372.0,108820.0,18,2,65.9,0,Repaid,8.0,Low,Normal
CUST-11062,TXN-203898,2025-12-03,SME,Abuja,Fintech Agent,Salaried,107596.0,156377.0,41310.0,27418.0,28,56,68.8,1,Defaulted,6.5,Low,Normal
CUST-13237,TXN-203899,2025-10-04,SME,Lagos,Transport,Salaried,268098.0,140793.0,13754.0,152223.0,29,84,86.3,0,Repaid,1.2,Low,Unusually high amount
CUST-11814,TXN-203900,2025-12-21,Retail,Abuja,Fintech Agent,Salaried,188894.0,373127.0,10858.0,23972.0,25,23,76.8,0,Repaid,9.3,Low,Loan-to-income mismatch
CUST-13331,TXN-203901,2026-03-14,Retail,Nairobi,Shop,Self-employed,147463.0,320832.0,70516.0,93451.0,31,91,52.9,1,Defaulted,17.2,Low,Loan-to-income mismatch
CUST-11782,TXN-203902,2026-03-14,SME,Nairobi,Shop,Informal,213076.0,176671.0,18432.0,95802.0,35,73,76.3,0,Repaid,6.0,Low,Normal
CUST-10042,TXN-203903,2025-07-25,Services,Abuja,Shop,Salaried,163366.0,89053.0,28158.0,51177.0,27,7,67.4,0,Repaid,1.3,Low,Normal
CUST-13055,TXN-203904,2026-05-12,SME,Kigali,Fintech Agent,Salaried,191160.0,208238.0,63898.0,3184.0,21,94,55.2,0,Repaid,5.5,Low,Normal
CUST-12670,TXN-203905,2025-03-12,Market Trader,Kano,Fintech Agent,Informal,115488.0,246808.0,14254.0,23106.0,23,60,43.4,0,Repaid,43.7,Medium,Loan-to-income mismatch
CUST-12503,TXN-203906,2025-12-30,Services,Kumasi,Transport,Self-employed,388313.0,414562.0,200990.0,40741.0,26,22,83.2,0,Repaid,4.9,Low,Normal
CUST-13395,TXN-203907,2025-08-12,Agriculture,Kumasi,Fintech Agent,Unemployed,127588.0,53652.0,67449.0,62615.0,25,75,80.0,0,Repaid,3.1,Low,Normal
CUST-10686,TXN-203908,2025-08-17,Agriculture,Lagos,Shop,Contract,312865.0,740227.0,172248.0,33239.0,33,79,82.0,0,Repaid,16.5,Low,Loan-to-income mismatch
CUST-13170,TXN-203909,2025-09-18,Market Trader,Lagos,Education,Contract,150343.0,193834.0,7702.0,12305.0,41,59,58.9,0,Repaid,3.2,Low,Normal
CUST-10814,TXN-203910,2025-12-14,Market Trader,Kumasi,Fintech Agent,Self-employed,228429.0,214738.0,66144.0,34931.0,30,92,75.1,0,Repaid,2.6,Low,Normal
CUST-13397,TXN-203911,2026-03-25,Retail,Nairobi,Fintech Agent,Salaried,221543.0,479383.0,122637.0,53593.0,36,84,47.2,0,Repaid,27.6,Low,Loan-to-income mismatch
CUST-10670,TXN-203912,2025-05-26,Agriculture,Kigali,Transport,Self-employed,263466.0,589857.0,65558.0,29906.0,33,31,54.2,0,Repaid,31.6,Low,Loan-to-income mismatch
CUST-11926,TXN-203913,2026-03-17,Market Trader,Nairobi,Health,Salaried,114341.0,146689.0,52410.0,89300.0,35,14,72.6,0,Repaid,4.1,Low,Normal
CUST-12762,TXN-203914,2026-03-21,SME,Kumasi,Health,Self-employed,255702.0,220137.0,100037.0,59097.0,23,77,76.7,0,Repaid,1.5,Low,Normal
CUST-10273,TXN-203915,2026-02-01,Services,Accra,Education,Self-employed,353453.0,442328.0,84384.0,65321.0,30,91,42.7,0,Repaid,9.5,Low,Normal
CUST-10233,TXN-203916,2025-12-30,SME,Kano,Health,Salaried,145998.0,97352.0,28343.0,37256.0,27,29,53.0,0,Repaid,3.0,Low,Normal
CUST-12974,TXN-203917,2025-07-17,Retail,Kumasi,Fintech Agent,Self-employed,165145.0,205059.0,71215.0,64429.0,32,53,65.4,0,Repaid,6.9,Low,Normal
CUST-10211,TXN-203918,2025-05-13,Retail,Kigali,Shop,Salaried,130634.0,90051.0,13610.0,23675.0,37,49,89.3,0,Repaid,1.7,Low,Normal
CUST-12148,TXN-203919,2025-05-23,SME,Lagos,Food,Contract,140716.0,219699.0,79065.0,90543.0,21,34,57.4,0,Repaid,11.8,Low,Loan-to-income mismatch
CUST-13283,TXN-203920,2025-07-24,Retail,Accra,Transport,Salaried,333967.0,623501.0,127963.0,34522.0,27,52,74.5,0,Repaid,10.5,Low,Loan-to-income mismatch
CUST-12151,TXN-203921,2025-08-16,Retail,Accra,Food,Self-employed,106747.0,248948.0,9634.0,14851.0,32,51,76.4,0,Repaid,10.8,Low,Loan-to-income mismatch
CUST-11683,TXN-203922,2025-04-22,Market Trader,Kano,Food,Self-employed,109569.0,224672.0,50755.0,26201.0,30,94,67.5,1,Defaulted,17.7,Low,Loan-to-income mismatch
CUST-11460,TXN-203923,2025-06-14,SME,Nairobi,Health,Salaried,320161.0,118850.0,93359.0,28573.0,30,33,76.8,0,Repaid,1.0,Low,Normal
CUST-12233,TXN-203924,2025-05-03,SME,Accra,Education,Self-employed,211570.0,137432.0,31433.0,44740.0,25,16,47.8,0,Repaid,4.2,Low,Normal
CUST-12001,TXN-203925,2026-05-21,Retail,Lagos,Health,Self-employed,396549.0,539448.0,248031.0,15167.0,28,44,60.2,0,Repaid,14.1,Low,Normal
CUST-11756,TXN-203926,2025-09-22,SME,Kumasi,Health,Contract,134701.0,101275.0,63765.0,17603.0,41,15,97.8,0,Repaid,1.0,Low,Normal
CUST-10537,TXN-203927,2025-02-13,Market Trader,Kigali,Food,Salaried,171620.0,36365.0,67547.0,16893.0,38,16,99.1,0,Repaid,1.0,Low,Normal
CUST-12319,TXN-203928,2025-09-08,Market Trader,Abuja,Education,Informal,123317.0,228831.0,68415.0,6890.0,24,61,87.2,0,Repaid,16.3,Low,Loan-to-income mismatch
CUST-12589,TXN-203929,2025-09-18,Services,Accra,Food,Salaried,172851.0,168401.0,62682.0,70960.0,34,81,91.8,0,Repaid,1.0,Low,Normal
CUST-12480,TXN-203930,2025-08-17,Retail,Abuja,Education,Self-employed,77256.0,25243.0,23032.0,40312.0,30,12,39.1,1,Defaulted,5.8,Low,High-risk repayment pattern
CUST-10262,TXN-203931,2025-07-18,SME,Lagos,Transport,Self-employed,217006.0,284195.0,30240.0,60053.0,28,38,54.9,0,Repaid,5.9,Low,Normal
CUST-12460,TXN-203932,2025-10-04,Retail,Accra,Transport,Salaried,186439.0,438020.0,21745.0,33106.0,32,19,66.4,0,Repaid,15.5,Low,Loan-to-income mismatch
CUST-12554,TXN-203933,2026-02-03,Retail,Kano,Shop,Salaried,158868.0,267908.0,46412.0,17337.0,33,45,100.0,0,Repaid,3.7,Low,Loan-to-income mismatch
CUST-10641,TXN-203934,2026-01-17,SME,Kigali,Shop,Salaried,138143.0,73556.0,42446.0,74225.0,19,57,66.4,0,Repaid,3.0,Low,Normal
CUST-12971,TXN-203935,2025-11-04,SME,Accra,Food,Self-employed,111771.0,147732.0,53872.0,67936.0,32,87,85.4,0,Repaid,2.4,Low,Normal
CUST-11833,TXN-203936,2026-01-13,SME,Kumasi,Transport,Salaried,220938.0,482048.0,65953.0,25114.0,33,86,78.8,0,Repaid,12.2,Low,Loan-to-income mismatch
CUST-11653,TXN-203937,2025-02-01,Services,Kigali,Food,Unemployed,99523.0,29899.0,39181.0,57143.0,34,87,78.4,0,Repaid,4.5,Low,Normal
CUST-12529,TXN-203938,2025-01-27,Agriculture,Accra,Health,Salaried,201793.0,322086.0,109874.0,13258.0,28,41,71.6,0,Repaid,6.9,Low,Duplicate customer details
CUST-11784,TXN-203939,2025-12-14,Retail,Kumasi,Shop,Informal,388975.0,692852.0,251200.0,42590.0,25,76,50.4,0,Repaid,49.5,Medium,Loan-to-income mismatch
CUST-11906,TXN-203940,2025-07-27,SME,Accra,Transport,Informal,303737.0,529385.0,67791.0,101299.0,26,29,23.4,1,Defaulted,57.1,Medium,Loan-to-income mismatch
CUST-11092,TXN-203941,2025-09-12,SME,Kumasi,Shop,Salaried,86495.0,44405.0,50879.0,127507.0,28,4,95.1,0,Repaid,1.3,Low,Normal
CUST-13247,TXN-203942,2026-02-24,SME,Abuja,Health,Contract,129906.0,285034.0,68566.0,48297.0,23,89,60.9,1,Defaulted,28.5,Low,Loan-to-income mismatch
CUST-13393,TXN-203943,2025-11-14,Market Trader,Kigali,Shop,Unemployed,194271.0,173958.0,12209.0,18877.0,39,87,38.4,0,Repaid,12.4,Low,High-risk repayment pattern
CUST-10456,TXN-203944,2025-10-19,Services,Kano,Fintech Agent,Salaried,158021.0,46595.0,36427.0,9527.0,30,19,79.9,0,Repaid,1.0,Low,Normal
CUST-12565,TXN-203945,2025-02-17,Market Trader,Kano,Fintech Agent,Self-employed,90423.0,32982.0,14287.0,26619.0,15,19,79.5,0,Repaid,1.6,Low,Normal
CUST-10081,TXN-203946,2026-05-10,Agriculture,Kano,Food,Contract,191345.0,228815.0,83917.0,25866.0,32,87,85.8,0,Repaid,2.7,Low,Normal
CUST-11291,TXN-203947,2025-09-21,Market Trader,Kano,Health,Contract,162072.0,43558.0,59940.0,65320.0,29,43,92.1,0,Repaid,1.0,Low,Normal
CUST-13394,TXN-203948,2025-07-10,Agriculture,Kano,Transport,Informal,363675.0,694840.0,120651.0,36877.0,24,76,55.5,0,Repaid,32.6,Low,Loan-to-income mismatch
CUST-10611,TXN-203949,2025-09-30,Market Trader,Nairobi,Shop,Salaried,146334.0,307613.0,73320.0,12733.0,35,86,56.3,0,Repaid,22.0,Low,Loan-to-income mismatch
CUST-11319,TXN-203950,2026-05-10,Retail,Nairobi,Education,Salaried,265816.0,55739.0,61134.0,65960.0,19,53,66.3,0,Repaid,1.6,Low,Normal
CUST-10768,TXN-203951,2025-03-17,Market Trader,Kumasi,Education,Self-employed,95590.0,189099.0,24962.0,63561.0,35,10,86.8,0,Repaid,5.5,Low,Loan-to-income mismatch
CUST-12548,TXN-203952,2025-03-03,SME,Kano,Transport,Salaried,105687.0,249239.0,59750.0,64403.0,31,58,34.2,0,Repaid,64.6,Medium,Loan-to-income mismatch
CUST-11623,TXN-203953,2025-11-14,Retail,Abuja,Food,Self-employed,220378.0,54525.0,139387.0,67218.0,27,14,74.3,0,Repaid,1.2,Low,Normal
CUST-12075,TXN-203954,2026-03-03,SME,Kumasi,Education,Self-employed,256573.0,459119.0,130623.0,53860.0,26,66,88.8,0,Repaid,3.0,Low,Loan-to-income mismatch
CUST-13298,TXN-203955,2026-04-15,Services,Nairobi,Education,Self-employed,108868.0,261064.0,17066.0,53978.0,34,56,88.0,0,Repaid,5.3,Low,Loan-to-income mismatch
CUST-11823,TXN-203956,2026-03-13,Services,Kano,Transport,Informal,164409.0,320532.0,14956.0,23051.0,22,43,84.8,0,Repaid,10.2,Low,Loan-to-income mismatch
CUST-12569,TXN-203957,2025-01-14,Market Trader,Abuja,Health,Self-employed,91102.0,118605.0,13829.0,80792.0,22,45,91.1,0,Repaid,2.6,Low,Normal
CUST-10342,TXN-203958,2025-10-24,Market Trader,Accra,Education,Self-employed,150827.0,323419.0,43188.0,13729.0,25,92,22.6,1,Defaulted,42.7,Medium,Loan-to-income mismatch
CUST-10753,TXN-203959,2025-05-11,Services,Accra,Food,Unemployed,231308.0,405161.0,39119.0,141780.0,35,38,100.0,0,Repaid,7.9,Low,Loan-to-income mismatch
CUST-13314,TXN-203960,2025-03-13,Services,Lagos,Education,Salaried,135580.0,112429.0,79674.0,103598.0,24,81,77.9,0,Repaid,2.3,Low,Normal
CUST-13008,TXN-203961,2025-06-19,Retail,Nairobi,Transport,Self-employed,146592.0,99388.0,64875.0,96290.0,36,78,96.0,0,Repaid,1.3,Low,Normal
CUST-12298,TXN-203962,2026-05-09,Retail,Nairobi,Food,Salaried,101264.0,133451.0,28611.0,22260.0,23,95,50.9,0,Repaid,5.5,Low,Normal
CUST-11323,TXN-203963,2025-10-08,Retail,Abuja,Health,Self-employed,123957.0,124953.0,23862.0,31761.0,34,86,40.4,0,Repaid,9.1,Low,High-risk repayment pattern
CUST-10699,TXN-203964,2025-04-15,Market Trader,Nairobi,Shop,Contract,340580.0,310411.0,88488.0,24120.0,22,60,100.0,0,Repaid,1.4,Low,Normal
CUST-12981,TXN-203965,2026-01-17,Agriculture,Nairobi,Shop,Informal,167817.0,96494.0,53687.0,19937.0,20,95,55.3,0,Repaid,6.4,Low,Normal
CUST-12748,TXN-203966,2026-05-30,Retail,Accra,Transport,Self-employed,106834.0,219708.0,50181.0,27073.0,33,67,66.4,0,Repaid,26.3,Low,Loan-to-income mismatch
CUST-10845,TXN-203967,2025-12-08,SME,Kigali,Fintech Agent,Informal,142600.0,248856.0,10878.0,77887.0,20,13,81.5,0,Repaid,5.9,Low,Loan-to-income mismatch
CUST-12064,TXN-203968,2025-08-09,Retail,Abuja,Health,Salaried,83206.0,76178.0,46160.0,32850.0,28,11,85.9,0,Repaid,3.2,Low,Normal
CUST-12165,TXN-203969,2025-08-27,Retail,Kano,Fintech Agent,Self-employed,106303.0,75222.0,10669.0,18086.0,29,65,91.4,0,Repaid,1.3,Low,Normal
CUST-11671,TXN-203970,2025-06-21,SME,Kigali,Transport,Informal,288181.0,133850.0,53412.0,13577.0,22,51,76.0,0,Repaid,2.5,Low,Normal
CUST-13243,TXN-203971,2026-05-11,SME,Abuja,Food,Self-employed,153301.0,65886.0,99027.0,96912.0,42,83,53.0,0,Repaid,5.1,Low,Normal
CUST-10434,TXN-203972,2025-05-22,Market Trader,Nairobi,Transport,Contract,360089.0,564822.0,50352.0,38856.0,33,52,84.7,0,Repaid,2.7,Low,Loan-to-income mismatch
CUST-10902,TXN-203973,2025-06-26,Market Trader,Kigali,Health,Informal,156366.0,65920.0,13091.0,35052.0,34,24,85.0,0,Repaid,2.4,Low,Normal
CUST-10332,TXN-203974,2025-02-19,Market Trader,Kano,Health,Salaried,160314.0,370593.0,67684.0,3738.0,24,82,39.3,0,Repaid,36.9,Medium,Loan-to-income mismatch
CUST-12425,TXN-203975,2026-02-09,Services,Accra,Fintech Agent,Contract,213027.0,170353.0,57021.0,15768.0,25,47,97.5,0,Repaid,1.1,Low,Normal
CUST-12254,TXN-203976,2025-08-04,Services,Kigali,Transport,Self-employed,65000.0,15424.0,5061.0,35638.0,27,91,27.2,0,Repaid,3.9,Low,High-risk repayment pattern
CUST-13455,TXN-203977,2026-03-03,SME,Kano,Fintech Agent,Self-employed,177384.0,368752.0,3966.0,74542.0,27,2,90.6,0,Repaid,4.0,Low,Loan-to-income mismatch
CUST-11898,TXN-203978,2025-03-17,Services,Kano,Fintech Agent,Unemployed,159440.0,158809.0,11140.0,2695.0,31,3,60.6,0,Repaid,7.2,Low,Normal
CUST-10527,TXN-203979,2025-02-22,SME,Lagos,Shop,Self-employed,,285995.0,106126.0,55862.0,30,14,84.7,0,Repaid,2.7,Low,Normal
CUST-11578,TXN-203980,2025-08-12,Retail,Kano,Food,Salaried,244059.0,108201.0,40383.0,47933.0,32,91,81.2,0,Repaid,2.0,Low,Normal
CUST-10309,TXN-203981,2025-01-23,Market Trader,Abuja,Transport,Informal,101098.0,166421.0,51546.0,17404.0,30,13,71.3,1,Defaulted,37.9,Medium,Loan-to-income mismatch
CUST-12348,TXN-203982,2025-12-18,Services,Abuja,Fintech Agent,Salaried,274223.0,267785.0,153628.0,69788.0,22,68,80.1,0,Repaid,4.5,Low,Normal
CUST-12359,TXN-203983,2026-05-24,SME,Accra,Food,Contract,145776.0,292579.0,16217.0,20383.0,28,68,70.4,0,Repaid,9.5,Low,Loan-to-income mismatch
CUST-13001,TXN-203984,2026-05-08,Services,Nairobi,Shop,Informal,111316.0,175876.0,25861.0,41677.0,29,84,84.9,0,Repaid,13.8,Low,Loan-to-income mismatch
CUST-11189,TXN-203985,2025-07-04,SME,Nairobi,Education,Informal,176802.0,377190.0,19862.0,39767.0,35,60,100.0,1,Defaulted,11.5,Low,Loan-to-income mismatch
CUST-11085,TXN-203986,2025-05-07,Services,Kano,Transport,Self-employed,149468.0,233482.0,29986.0,49403.0,12,3,47.9,0,Repaid,11.4,Low,Loan-to-income mismatch
CUST-10249,TXN-203987,2025-12-11,Agriculture,Accra,Food,Informal,310567.0,593182.0,53013.0,33812.0,29,5,14.6,0,Repaid,79.4,High,Loan-to-income mismatch
CUST-11453,TXN-203988,2025-03-14,Agriculture,Lagos,Education,Self-employed,187787.0,324180.0,96846.0,65602.0,18,3,64.5,0,Repaid,16.9,Low,Loan-to-income mismatch
CUST-11663,TXN-203989,2025-01-16,Services,Abuja,Shop,Salaried,177438.0,214160.0,42169.0,15528.0,20,57,63.3,0,Repaid,4.1,Low,Normal
CUST-12640,TXN-203990,2025-09-02,Market Trader,Kano,Fintech Agent,Contract,237583.0,405995.0,78926.0,24612.0,22,42,65.2,0,Repaid,13.7,Low,Loan-to-income mismatch
CUST-12638,TXN-203991,2026-01-30,SME,Kigali,Food,Contract,257560.0,425806.0,114499.0,80458.0,29,8,55.3,0,Repaid,17.0,Low,Loan-to-income mismatch
CUST-10490,TXN-203992,2026-03-12,Retail,Nairobi,Education,Informal,226186.0,44080.0,121693.0,43628.0,20,3,87.7,0,Repaid,1.7,Low,Normal
CUST-10997,TXN-203993,2025-07-01,Services,Kano,Transport,Self-employed,295426.0,511375.0,61969.0,50525.0,39,21,47.1,0,Repaid,16.2,Low,Loan-to-income mismatch
CUST-11790,TXN-203994,2025-02-08,SME,Abuja,Health,Salaried,210165.0,160144.0,31905.0,90579.0,28,47,80.1,0,Repaid,1.6,Low,Normal
CUST-11172,TXN-203995,2025-10-27,Retail,Abuja,Food,Salaried,174628.0,241484.0,111138.0,63699.0,41,86,83.5,0,Repaid,2.0,Low,Normal
CUST-10089,TXN-203996,2026-02-11,Market Trader,Accra,Education,Salaried,273882.0,116991.0,60718.0,40971.0,21,79,77.7,0,Repaid,1.0,Low,Normal
CUST-12959,TXN-203997,2025-01-25,Retail,Kigali,Transport,Contract,156659.0,36205.0,69364.0,64898.0,26,44,80.8,0,Repaid,1.7,Low,Normal
CUST-12559,TXN-203998,2025-08-06,Market Trader,Kumasi,Transport,Self-employed,165043.0,35248.0,73781.0,31553.0,30,28,89.1,0,Repaid,1.0,Low,Normal
CUST-11820,TXN-203999,2025-02-25,Retail,Kano,Food,Salaried,335394.0,178159.0,115321.0,55846.0,21,75,73.0,0,Repaid,2.4,Low,Normal
CUST-11111,TXN-204000,2025-09-10,Services,Nairobi,Transport,Salaried,321646.0,72101.0,52725.0,14227.0,32,90,65.8,0,Repaid,2.3,Low,Normal
CUST-12949,TXN-204001,2026-03-01,SME,Accra,Education,Salaried,162197.0,76869.0,17699.0,61683.0,23,31,80.8,0,Repaid,1.0,Low,Normal
CUST-10123,TXN-204002,2025-10-13,Services,Abuja,Education,Self-employed,134525.0,191209.0,43965.0,39777.0,29,48,82.8,0,Repaid,7.1,Low,Normal
CUST-11562,TXN-204003,2025-10-13,Retail,Nairobi,Food,Informal,300900.0,321543.0,102873.0,101289.0,28,12,88.0,0,Repaid,5.2,Low,Normal
CUST-12803,TXN-204004,2025-03-30,Market Trader,Kigali,Shop,Unemployed,227789.0,536958.0,115539.0,29185.0,14,14,41.2,1,Defaulted,67.6,High,Loan-to-income mismatch
CUST-13335,TXN-204005,2026-02-05,Services,Kano,Transport,Self-employed,185822.0,367054.0,86815.0,11269.0,29,85,68.7,0,Repaid,24.8,Low,Loan-to-income mismatch
CUST-10879,TXN-204006,2026-02-20,SME,Kigali,Transport,Self-employed,142175.0,71918.0,84535.0,17887.0,26,23,52.8,0,Repaid,6.8,Low,Normal
CUST-12277,TXN-204007,2025-03-25,Retail,Accra,Food,Salaried,187084.0,206779.0,118170.0,101019.0,34,17,82.1,0,Repaid,3.6,Low,Normal
CUST-10663,TXN-204008,2026-01-04,Services,Abuja,Health,Self-employed,161278.0,183334.0,77179.0,76142.0,25,31,85.1,0,Repaid,2.5,Low,Normal
CUST-10405,TXN-204009,2025-06-19,Retail,Kigali,Transport,Self-employed,123128.0,121146.0,8398.0,50394.0,28,34,67.1,0,Repaid,2.6,Low,Normal
CUST-11235,TXN-204010,2026-05-17,Retail,Lagos,Health,Salaried,171819.0,219964.0,47289.0,10280.0,27,21,58.9,0,Repaid,5.8,Low,Normal
CUST-13097,TXN-204011,2026-03-16,Agriculture,Abuja,Shop,Salaried,181948.0,303329.0,73424.0,43723.0,13,67,82.7,0,Repaid,9.1,Low,Loan-to-income mismatch
CUST-12413,TXN-204012,2026-02-13,Agriculture,Kano,Education,Informal,139015.0,222810.0,54469.0,46179.0,24,55,69.6,1,Defaulted,22.0,Low,Loan-to-income mismatch
CUST-11712,TXN-204013,2025-10-30,SME,Kigali,Education,Self-employed,237900.0,231420.0,31952.0,56253.0,25,57,97.7,0,Repaid,1.2,Low,Normal
CUST-10989,TXN-204014,2025-07-16,Retail,Kigali,Health,Self-employed,279654.0,488053.0,108297.0,50800.0,28,94,100.0,0,Repaid,3.2,Low,Loan-to-income mismatch
CUST-10495,TXN-204015,2025-12-12,Retail,Abuja,Education,Self-employed,244595.0,201218.0,58776.0,30795.0,21,89,90.0,0,Repaid,1.8,Low,Normal
CUST-10947,TXN-204016,2025-11-08,Market Trader,Lagos,Transport,Self-employed,144926.0,294887.0,33844.0,8906.0,15,28,76.2,0,Repaid,4.8,Low,Loan-to-income mismatch
CUST-10534,TXN-204017,2025-04-17,Market Trader,Nairobi,Transport,Salaried,223562.0,518866.0,121936.0,59656.0,20,94,100.0,0,Repaid,15.2,Low,Loan-to-income mismatch
CUST-10654,TXN-204018,2025-10-04,Retail,Accra,Health,Informal,168172.0,140308.0,48067.0,49299.0,26,65,76.3,0,Repaid,5.3,Low,Normal
CUST-12406,TXN-204019,2025-10-14,SME,Kano,Fintech Agent,Salaried,96857.0,186160.0,34119.0,122909.0,30,15,63.4,0,Repaid,9.9,Low,Loan-to-income mismatch
CUST-10464,TXN-204020,2026-04-24,Services,Lagos,Education,Salaried,215895.0,428725.0,80876.0,53804.0,15,32,59.8,0,Repaid,23.5,Low,Loan-to-income mismatch
CUST-10165,TXN-204021,2026-01-14,Services,Accra,Health,,173057.0,219695.0,64842.0,18806.0,18,23,59.3,0,Repaid,11.2,Low,Normal
CUST-11898,TXN-204022,2026-03-13,Agriculture,Lagos,Fintech Agent,Self-employed,483734.0,181303.0,74624.0,7137.0,17,77,71.9,0,Repaid,1.3,Low,Normal
CUST-11003,TXN-204023,2025-03-31,Retail,Accra,Fintech Agent,Self-employed,300155.0,577896.0,119358.0,52816.0,30,62,80.3,0,Repaid,13.2,Low,Loan-to-income mismatch
CUST-11591,TXN-204024,2025-11-21,Market Trader,Abuja,Shop,Informal,219407.0,237969.0,50642.0,35019.0,21,75,46.5,0,Repaid,25.0,Low,Normal
CUST-10489,TXN-204025,2025-06-04,Services,Abuja,Food,Salaried,180711.0,116002.0,78187.0,36749.0,26,15,63.9,0,Repaid,3.8,Low,Normal
CUST-10734,TXN-204026,2025-05-02,Retail,Lagos,Education,Salaried,174340.0,273917.0,19489.0,49777.0,27,50,75.8,0,Repaid,2.7,Low,Loan-to-income mismatch
CUST-11543,TXN-204027,2025-01-05,Retail,Abuja,Education,Salaried,106772.0,122788.0,69006.0,7277.0,30,52,83.6,1,Defaulted,4.1,Low,Normal
CUST-12415,TXN-204028,2025-10-18,Retail,Kumasi,Education,Salaried,78404.0,29355.0,39703.0,36520.0,20,66,71.5,0,Repaid,2.0,Low,Normal
CUST-11450,TXN-204029,2026-05-12,SME,Kumasi,Health,Contract,112817.0,266672.0,31912.0,30228.0,37,37,76.4,0,Repaid,12.8,Low,Loan-to-income mismatch
CUST-11896,TXN-204030,2025-11-19,Services,Accra,Transport,Self-employed,159525.0,115360.0,33477.0,38544.0,25,7,49.7,0,Repaid,4.1,Low,Normal
CUST-11826,TXN-204031,2026-04-08,Market Trader,Nairobi,Education,Salaried,67216.0,88345.0,17766.0,19625.0,38,85,55.6,0,Repaid,10.5,Low,Normal
CUST-10941,TXN-204032,2025-12-14,SME,Kigali,Health,Self-employed,129493.0,215137.0,61426.0,42500.0,18,42,70.9,0,Repaid,5.8,Low,Loan-to-income mismatch
CUST-10978,TXN-204033,2025-02-17,SME,Lagos,Health,Contract,146679.0,63878.0,63498.0,40743.0,22,88,81.2,0,Repaid,2.2,Low,Normal
CUST-11490,TXN-204034,2026-01-10,Services,Abuja,Education,,148675.0,270810.0,68735.0,26457.0,25,40,76.2,0,Repaid,20.2,Low,Loan-to-income mismatch
CUST-10112,TXN-204035,2026-03-06,Market Trader,Nairobi,Food,Self-employed,123263.0,199588.0,71501.0,57327.0,32,26,56.7,0,Repaid,11.2,Low,Loan-to-income mismatch
CUST-12398,TXN-204036,2026-02-18,SME,Kumasi,Food,Self-employed,141007.0,179943.0,43355.0,40576.0,33,45,67.7,1,Defaulted,4.9,Low,Normal
CUST-12150,TXN-204037,2025-10-09,Services,Kano,Shop,Salaried,335721.0,454194.0,148321.0,60525.0,36,10,99.2,0,Repaid,2.6,Low,Normal
CUST-11071,TXN-204038,2025-09-27,Services,Kumasi,Health,Informal,214937.0,494279.0,64083.0,4372.0,28,54,81.8,0,Repaid,36.0,Medium,Loan-to-income mismatch
CUST-11308,TXN-204039,2026-05-13,Market Trader,Kumasi,Health,Informal,128627.0,283262.0,54281.0,20002.0,32,95,69.1,0,Repaid,40.1,Medium,Loan-to-income mismatch
CUST-11150,TXN-204040,2026-05-28,Retail,Kumasi,Fintech Agent,Self-employed,158149.0,67783.0,50471.0,6888.0,33,26,53.5,0,Repaid,5.0,Low,Normal
CUST-12279,TXN-204041,2025-09-20,Services,Accra,Food,Self-employed,160831.0,160611.0,81911.0,51989.0,26,16,59.2,0,Repaid,6.2,Low,Normal
CUST-12659,TXN-204042,2026-01-25,Services,Lagos,Transport,Self-employed,117884.0,156459.0,2748.0,32423.0,20,14,72.1,0,Repaid,3.5,Low,Normal
CUST-10380,TXN-204043,2025-04-17,Retail,Nairobi,Education,Self-employed,117826.0,261850.0,18369.0,33382.0,23,18,77.0,0,Repaid,19.0,Low,Loan-to-income mismatch
CUST-11446,TXN-204044,2025-12-04,Retail,Abuja,Education,Self-employed,248804.0,495809.0,51442.0,25698.0,30,38,82.2,0,Repaid,6.8,Low,Loan-to-income mismatch
CUST-10048,TXN-204045,2026-03-18,Retail,Accra,Food,Contract,136447.0,141631.0,83997.0,67324.0,15,25,79.0,0,Repaid,3.1,Low,Normal
CUST-11582,TXN-204046,2026-04-14,SME,Accra,Food,Unemployed,102768.0,220683.0,34883.0,64607.0,32,69,65.3,0,Repaid,28.1,Low,Loan-to-income mismatch
CUST-10869,TXN-204047,2026-04-30,Market Trader,Lagos,Food,Contract,159832.0,162950.0,39885.0,22361.0,26,34,62.8,0,Repaid,5.0,Low,Normal
CUST-11175,TXN-204048,2025-03-27,Retail,Kano,Food,Salaried,171025.0,133750.0,46983.0,125578.0,20,36,100.0,0,Repaid,1.0,Low,Normal
CUST-11597,TXN-204049,2025-10-01,Agriculture,Abuja,Education,Self-employed,71073.0,109023.0,21652.0,26137.0,32,15,62.0,0,Repaid,9.4,Low,Normal
CUST-11133,TXN-204050,2025-10-18,Retail,Abuja,Health,Self-employed,159993.0,155210.0,90673.0,10067.0,20,55,48.7,0,Repaid,9.7,Low,Normal
CUST-11379,TXN-204051,2025-07-30,Services,Kano,Education,Salaried,234345.0,365987.0,146764.0,65211.0,22,32,42.5,1,Defaulted,25.9,Low,Loan-to-income mismatch
CUST-12676,TXN-204052,2025-01-03,Market Trader,Kano,Health,Self-employed,196716.0,214322.0,108553.0,22974.0,32,68,65.6,0,Repaid,3.2,Low,Normal
CUST-12836,TXN-204053,2026-02-04,Market Trader,Kumasi,Shop,Salaried,415199.0,808229.0,228461.0,16730.0,35,4,88.9,0,Repaid,3.7,Low,Loan-to-income mismatch
CUST-10020,TXN-204054,2026-01-29,Services,Lagos,Transport,Self-employed,275259.0,632702.0,40017.0,50240.0,33,62,61.6,1,Defaulted,15.5,Low,Loan-to-income mismatch
CUST-11322,TXN-204055,2025-02-13,Retail,Abuja,Transport,Salaried,299106.0,233329.0,56611.0,49747.0,32,77,98.6,0,Repaid,1.0,Low,Normal
CUST-12964,TXN-204056,2025-07-08,Retail,Accra,Health,Self-employed,527570.0,692289.0,208660.0,25280.0,21,68,71.9,0,Repaid,3.6,Low,Normal
CUST-11856,TXN-204057,2026-03-11,Market Trader,Kano,Transport,Unemployed,223782.0,400176.0,96980.0,20664.0,23,26,92.0,0,Repaid,7.6,Low,Loan-to-income mismatch
CUST-10718,TXN-204058,2025-05-23,SME,Kano,Fintech Agent,Salaried,174292.0,92708.0,25744.0,89939.0,32,67,58.4,0,Repaid,3.0,Low,Normal
CUST-12077,TXN-204059,2026-03-21,Market Trader,Lagos,Education,Salaried,244990.0,476974.0,120084.0,36208.0,24,78,58.6,0,Repaid,16.5,Low,Loan-to-income mismatch
CUST-10507,TXN-204060,2025-01-17,Services,Abuja,Transport,Self-employed,128685.0,189707.0,18785.0,55902.0,22,51,73.6,1,Defaulted,6.5,Low,Normal
CUST-10076,TXN-204061,2025-06-02,Services,Kano,Food,Self-employed,170285.0,87258.0,31621.0,31277.0,23,62,80.7,0,Repaid,1.0,Low,Normal
CUST-12213,TXN-204062,2026-03-28,Retail,Lagos,Shop,Unemployed,123990.0,261305.0,26445.0,17079.0,25,78,68.8,0,Repaid,26.1,Low,Loan-to-income mismatch
CUST-11802,TXN-204063,2025-01-06,Retail,Accra,Transport,Self-employed,192366.0,216850.0,106374.0,49728.0,19,47,77.3,0,Repaid,7.7,Low,Normal
CUST-12647,TXN-204064,2025-10-05,SME,Lagos,Education,Informal,123772.0,70809.0,59561.0,75155.0,27,16,82.6,0,Repaid,3.8,Low,Normal
CUST-11206,TXN-204065,2025-01-06,Services,Kigali,Shop,Salaried,121965.0,74860.0,43216.0,28180.0,31,93,46.4,0,Repaid,4.3,Low,Normal
CUST-12989,TXN-204066,2025-03-28,Retail,Lagos,Education,Salaried,193621.0,372493.0,103866.0,36476.0,33,32,65.9,0,Repaid,19.9,Low,Loan-to-income mismatch
CUST-11474,TXN-204067,2026-05-20,Market Trader,Abuja,Health,Informal,153608.0,346738.0,81742.0,16696.0,11,38,62.7,1,Defaulted,55.0,Medium,Loan-to-income mismatch
CUST-12583,TXN-204068,2025-08-28,Retail,Accra,Transport,Salaried,72435.0,73863.0,19238.0,12146.0,28,59,63.5,0,Repaid,3.5,Low,Normal
CUST-10351,TXN-204069,2026-02-07,Services,Lagos,Shop,Self-employed,88315.0,31352.0,45244.0,51501.0,32,18,79.3,0,Repaid,1.2,Low,Normal
CUST-10340,TXN-204070,2026-03-26,Retail,Kumasi,Education,Self-employed,100524.0,40594.0,15072.0,16194.0,22,34,62.9,0,Repaid,2.6,Low,Normal
CUST-12739,TXN-204071,2025-07-05,SME,Kano,Food,Informal,112325.0,183420.0,37857.0,67559.0,36,56,35.9,0,Repaid,45.1,Medium,Loan-to-income mismatch
CUST-12918,TXN-204072,2025-12-11,Retail,Lagos,Food,Self-employed,193698.0,194292.0,18303.0,68474.0,25,70,67.7,0,Repaid,3.6,Low,Normal
CUST-13298,TXN-204073,2026-04-04,SME,Kumasi,Food,Informal,178430.0,200914.0,51545.0,75884.0,18,15,52.8,0,Repaid,18.3,Low,Normal
CUST-11136,TXN-204074,2025-08-12,Market Trader,Lagos,Education,Self-employed,254592.0,236324.0,88555.0,53508.0,30,79,80.9,0,Repaid,2.4,Low,Normal
CUST-10077,TXN-204075,2026-04-06,SME,Kumasi,Food,Salaried,223279.0,270948.0,15707.0,112408.0,33,28,86.5,0,Repaid,3.1,Low,Normal
CUST-13429,TXN-204076,2025-02-10,Retail,Kumasi,Transport,Salaried,255301.0,410698.0,79512.0,9016.0,38,87,32.9,0,Repaid,33.5,Low,Loan-to-income mismatch
CUST-12104,TXN-204077,2026-04-14,Retail,Kano,Shop,Self-employed,210139.0,290271.0,90476.0,54684.0,35,87,58.1,0,Repaid,6.6,Low,Normal
CUST-10864,TXN-204078,2025-07-26,Retail,Kumasi,Fintech Agent,Salaried,177738.0,96799.0,72317.0,43415.0,28,68,78.4,0,Repaid,2.4,Low,Normal
CUST-12673,TXN-204079,2025-09-16,Agriculture,Lagos,Health,Salaried,258261.0,328162.0,14009.0,36861.0,33,85,46.6,0,Repaid,8.3,Low,Normal
CUST-13163,TXN-204080,2025-04-17,Agriculture,Kigali,Education,Self-employed,239463.0,287969.0,19172.0,46980.0,19,17,86.1,0,Repaid,1.3,Low,Normal
CUST-10996,TXN-204081,2026-02-28,Retail,Kigali,Transport,Self-employed,190605.0,265234.0,46003.0,13553.0,24,45,90.9,0,Repaid,1.9,Low,Normal
CUST-12693,TXN-204082,2025-05-22,Market Trader,Abuja,Shop,Self-employed,277576.0,118161.0,152914.0,76423.0,31,15,69.1,0,Repaid,2.1,Low,Normal
CUST-12756,TXN-204083,2025-01-20,Market Trader,Accra,Education,Unemployed,65000.0,33854.0,36917.0,43951.0,32,46,58.1,1,Defaulted,13.8,Low,Normal
CUST-11755,TXN-204084,2025-02-23,Retail,Kano,Fintech Agent,Salaried,144063.0,195514.0,30982.0,8200.0,31,56,30.4,0,Repaid,12.6,Low,High-risk repayment pattern
CUST-12213,TXN-204085,2025-03-24,Agriculture,Nairobi,Food,Unemployed,143139.0,113290.0,67691.0,49448.0,19,55,86.7,0,Repaid,2.5,Low,Normal
CUST-10943,TXN-204086,2025-11-15,Market Trader,Abuja,Shop,Contract,264112.0,416359.0,101355.0,7616.0,17,9,100.0,0,Repaid,2.6,Low,Loan-to-income mismatch
CUST-13252,TXN-204087,2025-11-23,SME,Kano,Education,Informal,314892.0,317256.0,201391.0,94754.0,20,9,100.0,0,Repaid,3.9,Low,Normal
CUST-13440,TXN-204088,2025-04-07,SME,Kano,Fintech Agent,Self-employed,88515.0,59308.0,7048.0,93413.0,15,95,68.5,0,Repaid,3.0,Low,Normal
CUST-13433,TXN-204089,2025-02-23,Services,Nairobi,Food,Salaried,294399.0,481989.0,107504.0,13914.0,31,25,52.3,0,Repaid,15.4,Low,Loan-to-income mismatch
CUST-12579,TXN-204090,2025-04-30,Agriculture,Accra,Food,Contract,99508.0,104929.0,39136.0,8694.0,37,48,87.1,0,Repaid,3.1,Low,Normal
CUST-10148,TXN-204091,2025-01-23,Retail,Nairobi,Fintech Agent,Informal,100779.0,53403.0,21550.0,53178.0,19,56,69.7,0,Repaid,4.1,Low,Normal
CUST-11282,TXN-204092,2025-06-18,Retail,Lagos,Transport,Contract,147502.0,291398.0,7313.0,9111.0,22,16,80.6,0,Repaid,4.1,Low,Loan-to-income mismatch
CUST-11557,TXN-204093,2025-02-25,Market Trader,Lagos,Food,Informal,142394.0,162116.0,7522.0,28158.0,32,32,77.4,0,Repaid,10.1,Low,Normal
CUST-13359,TXN-204094,2025-04-17,Retail,Kigali,Transport,Salaried,84581.0,187047.0,25863.0,96859.0,25,58,73.7,0,Repaid,10.7,Low,Loan-to-income mismatch
CUST-11914,TXN-204095,2025-08-23,Market Trader,Lagos,Shop,Unemployed,213833.0,130299.0,97563.0,29983.0,36,22,90.5,0,Repaid,4.2,Low,Normal
CUST-11876,TXN-204096,2025-06-05,Services,Kumasi,Fintech Agent,Informal,216501.0,460172.0,99831.0,57192.0,30,76,91.2,0,Repaid,16.2,Low,Loan-to-income mismatch
CUST-10513,TXN-204097,2025-09-09,Retail,Abuja,Food,Informal,253393.0,504587.0,33957.0,83783.0,21,62,62.6,0,Repaid,31.8,Low,Loan-to-income mismatch
CUST-12778,TXN-204098,2025-04-23,SME,Accra,Health,Self-employed,135666.0,55717.0,76044.0,105967.0,33,94,55.4,0,Repaid,4.2,Low,Normal
CUST-11177,TXN-204099,2026-04-23,Retail,Nairobi,Food,Informal,160071.0,217750.0,41236.0,44353.0,16,55,27.0,0,Repaid,40.7,Medium,High-risk repayment pattern
CUST-10321,TXN-204100,2025-02-02,Retail,Accra,Health,Self-employed,160688.0,262110.0,100840.0,21569.0,30,77,65.8,0,Repaid,13.6,Low,Loan-to-income mismatch
CUST-13456,TXN-204101,2025-08-06,Retail,Abuja,Shop,Self-employed,330697.0,423282.0,31231.0,83909.0,19,32,52.3,0,Repaid,6.8,Low,Normal
CUST-10665,TXN-204102,2025-04-03,Retail,Abuja,Education,Informal,65000.0,68015.0,35553.0,248.0,24,67,79.5,0,Repaid,4.8,Low,Normal
CUST-10056,TXN-204103,2025-09-23,Market Trader,Kano,Fintech Agent,Salaried,108889.0,247758.0,64490.0,3370.0,30,90,66.0,1,Defaulted,24.3,Low,Loan-to-income mismatch
CUST-10272,TXN-204104,2025-09-03,Services,Kigali,Fintech Agent,Informal,163134.0,283172.0,87813.0,10757.0,26,79,67.9,1,Defaulted,34.2,Low,Loan-to-income mismatch
CUST-11583,TXN-204105,2026-02-26,SME,Kumasi,Transport,Self-employed,103162.0,239772.0,54631.0,59585.0,20,75,86.6,0,Repaid,12.1,Low,Loan-to-income mismatch
CUST-10360,TXN-204106,2026-01-06,Retail,Accra,Health,Salaried,146021.0,300603.0,36158.0,94753.0,34,44,79.2,1,Defaulted,7.9,Low,Loan-to-income mismatch
CUST-12949,TXN-204107,2026-02-25,Retail,Kumasi,Fintech Agent,Self-employed,154361.0,307801.0,72458.0,81863.0,34,58,69.9,0,Repaid,14.7,Low,Loan-to-income mismatch
CUST-11793,TXN-204108,2025-08-10,Services,Accra,Health,Self-employed,123472.0,221126.0,47535.0,28629.0,25,57,100.0,0,Repaid,5.3,Low,Loan-to-income mismatch
CUST-11133,TXN-204109,2025-06-18,Retail,Kano,Food,Salaried,167222.0,269946.0,48063.0,68565.0,33,21,85.3,0,Repaid,4.0,Low,Loan-to-income mismatch
CUST-10011,TXN-204110,2025-12-02,Retail,Abuja,Shop,Contract,211890.0,455316.0,136809.0,37997.0,28,26,64.5,0,Repaid,13.5,Low,Loan-to-income mismatch
CUST-11679,TXN-204111,2026-01-09,Agriculture,Accra,Education,Self-employed,147380.0,227226.0,29916.0,25020.0,22,62,65.3,0,Repaid,7.7,Low,Normal
CUST-10529,TXN-204112,2025-04-03,SME,Abuja,Shop,Contract,134546.0,46706.0,37711.0,75290.0,20,61,86.2,0,Repaid,1.0,Low,Normal
CUST-13423,TXN-204113,2026-04-03,Retail,Kano,Health,Salaried,151809.0,223659.0,89386.0,34265.0,38,66,75.7,0,Repaid,7.4,Low,Normal
CUST-11018,TXN-204114,2025-09-07,SME,Kano,Food,Salaried,162247.0,66244.0,32786.0,71611.0,35,58,51.8,0,Repaid,2.5,Low,Normal
CUST-11662,TXN-204115,2026-03-01,Market Trader,Lagos,Shop,Salaried,78360.0,179244.0,9105.0,62090.0,22,56,88.1,0,Repaid,8.5,Low,Loan-to-income mismatch
CUST-10065,TXN-204116,2025-02-04,SME,Accra,Health,Salaried,197571.0,319197.0,42537.0,82109.0,23,50,94.6,0,Repaid,2.8,Low,Loan-to-income mismatch
CUST-10458,TXN-204117,2025-06-19,Retail,Abuja,Food,Contract,134670.0,190361.0,67115.0,15840.0,23,61,93.3,0,Repaid,2.8,Low,Normal
CUST-10726,TXN-204118,2025-07-13,Services,Kano,Education,Self-employed,276466.0,171177.0,155293.0,20757.0,26,36,99.8,0,Repaid,1.0,Low,Normal
CUST-10181,TXN-204119,2026-01-17,SME,Kigali,Transport,Contract,208614.0,276414.0,19213.0,132404.0,35,17,100.0,0,Repaid,1.7,Low,Normal
CUST-12540,TXN-204120,2025-05-07,Retail,Nairobi,Food,Contract,266047.0,250196.0,109526.0,68926.0,22,65,100.0,0,Repaid,1.5,Low,Normal
CUST-13308,TXN-204121,2026-01-16,SME,Kigali,Transport,Salaried,106444.0,178758.0,40171.0,61231.0,23,33,78.1,0,Repaid,5.6,Low,Loan-to-income mismatch
CUST-13448,TXN-204122,2026-03-05,Market Trader,Abuja,Transport,Informal,139249.0,211908.0,61457.0,25898.0,26,73,68.2,0,Repaid,19.8,Low,Normal
CUST-10930,TXN-204123,2025-05-05,Services,Nairobi,Health,Contract,96584.0,124445.0,42764.0,57638.0,23,85,39.1,0,Repaid,17.5,Low,High-risk repayment pattern
CUST-12760,TXN-204124,2026-05-22,Retail,Nairobi,Health,Salaried,121033.0,89696.0,75581.0,27020.0,30,38,72.2,0,Repaid,4.2,Low,Normal
CUST-11764,TXN-204125,2025-12-12,Market Trader,Kano,Shop,Self-employed,275374.0,370970.0,65625.0,45394.0,24,14,81.3,0,Repaid,4.2,Low,Normal
CUST-10160,TXN-204126,2025-09-20,Agriculture,Kano,Shop,Self-employed,303989.0,366297.0,63489.0,31358.0,27,2,72.8,0,Repaid,6.1,Low,Normal
CUST-10317,TXN-204127,2025-02-15,Retail,Abuja,Education,Self-employed,100487.0,207989.0,38805.0,45052.0,24,57,38.0,0,Repaid,38.3,Medium,Loan-to-income mismatch
CUST-11917,TXN-204128,2025-09-21,Market Trader,Kigali,Education,Self-employed,134259.0,290728.0,39007.0,27792.0,26,84,66.8,0,Repaid,27.6,Low,Loan-to-income mismatch
CUST-11482,TXN-204129,2025-05-22,Agriculture,Accra,Food,Self-employed,157629.0,294062.0,50199.0,53259.0,26,86,83.6,0,Repaid,9.4,Low,Loan-to-income mismatch
CUST-10029,TXN-204130,2025-08-02,Agriculture,Kano,Fintech Agent,Salaried,208138.0,185160.0,13247.0,5270.0,30,86,53.5,0,Repaid,6.2,Low,Normal
CUST-13255,TXN-204131,2025-01-15,Market Trader,Lagos,Fintech Agent,Self-employed,77721.0,20562.0,8813.0,12757.0,25,3,75.0,0,Repaid,1.0,Low,Normal
CUST-12556,TXN-204132,2026-02-13,Market Trader,Accra,Education,Self-employed,83012.0,185469.0,50578.0,28506.0,31,7,79.8,0,Repaid,18.6,Low,Loan-to-income mismatch
CUST-11758,TXN-204133,2025-03-09,SME,Kigali,Fintech Agent,Contract,199914.0,476249.0,12599.0,58281.0,30,92,92.1,0,Repaid,9.5,Low,Loan-to-income mismatch
CUST-13454,TXN-204134,2025-09-23,Services,Kano,Food,Salaried,71783.0,33163.0,28124.0,74725.0,20,65,100.0,0,Repaid,1.0,Low,Normal
CUST-13398,TXN-204135,2025-02-24,SME,Nairobi,Shop,Salaried,134908.0,229623.0,66831.0,98302.0,19,85,65.2,0,Repaid,5.7,Low,Loan-to-income mismatch
CUST-13408,TXN-204136,2025-06-15,SME,Kano,Shop,Self-employed,174221.0,195794.0,4787.0,15867.0,16,94,75.3,0,Repaid,1.1,Low,Normal
CUST-10905,TXN-204137,2026-05-04,Agriculture,Kigali,Health,Self-employed,193800.0,98783.0,31072.0,39047.0,28,69,75.9,0,Repaid,1.3,Low,Normal
CUST-13083,TXN-204138,2025-04-04,Market Trader,Kumasi,Shop,Self-employed,153350.0,367394.0,39496.0,35284.0,13,39,83.7,0,Repaid,9.4,Low,Loan-to-income mismatch
CUST-11765,TXN-204139,2025-03-26,Market Trader,Nairobi,Transport,Self-employed,139578.0,314297.0,47358.0,7768.0,31,68,81.7,1,Defaulted,6.6,Low,Loan-to-income mismatch
CUST-12541,TXN-204140,2026-04-24,SME,Kumasi,Health,Salaried,232053.0,547968.0,54580.0,73066.0,23,60,97.7,0,Repaid,7.8,Low,Loan-to-income mismatch
CUST-13008,TXN-204141,2025-02-07,Market Trader,Kano,Food,Self-employed,183466.0,91632.0,78683.0,39774.0,25,83,30.0,0,Repaid,5.7,Low,High-risk repayment pattern
CUST-10571,TXN-204142,2026-05-13,Market Trader,Lagos,Transport,Self-employed,124027.0,157771.0,20171.0,61856.0,27,82,79.5,0,Repaid,1.7,Low,Normal
CUST-11568,TXN-204143,2026-01-23,Retail,Kano,Health,Self-employed,165354.0,358590.0,5962.0,42657.0,38,18,80.8,0,Repaid,15.5,Low,Loan-to-income mismatch
CUST-10451,TXN-204144,2025-07-16,SME,Abuja,Health,Self-employed,191172.0,320949.0,4013.0,30213.0,29,84,67.8,0,Repaid,7.9,Low,Loan-to-income mismatch
CUST-10978,TXN-204145,2025-12-01,SME,Nairobi,Transport,Self-employed,334924.0,383426.0,79602.0,58832.0,20,67,31.2,0,Repaid,12.2,Low,High-risk repayment pattern
CUST-11447,TXN-204146,2025-11-02,Services,Accra,Transport,Self-employed,226445.0,300506.0,56124.0,13388.0,33,71,70.9,0,Repaid,2.9,Low,Normal
CUST-12994,TXN-204147,2025-11-25,Retail,Kumasi,Health,Informal,271065.0,72021.0,167415.0,33708.0,14,34,59.2,0,Repaid,5.3,Low,Normal
CUST-13019,TXN-204148,2025-04-08,Services,Kigali,Transport,Self-employed,125938.0,193638.0,6072.0,17100.0,21,47,100.0,0,Repaid,1.5,Low,Normal
CUST-11364,TXN-204149,2026-04-06,Retail,Kigali,Transport,Informal,130593.0,272752.0,46222.0,85419.0,32,84,78.8,0,Repaid,19.3,Low,Loan-to-income mismatch
CUST-11152,TXN-204150,2025-08-29,Agriculture,Kumasi,Fintech Agent,Informal,147435.0,27453.0,56618.0,31839.0,27,15,57.7,0,Repaid,4.9,Low,Normal
CUST-11857,TXN-204151,2025-12-10,SME,Kano,Fintech Agent,Salaried,153231.0,81997.0,70570.0,27344.0,27,52,35.1,1,Defaulted,5.1,Low,High-risk repayment pattern
CUST-13191,TXN-204152,2026-01-04,Market Trader,Lagos,Fintech Agent,Informal,106578.0,141742.0,45019.0,85575.0,22,92,82.6,0,Repaid,7.1,Low,Normal
CUST-13417,TXN-204153,2025-12-11,Services,Accra,Food,Self-employed,276978.0,394788.0,6960.0,33880.0,33,73,84.5,0,Repaid,1.5,Low,Normal
CUST-10793,TXN-204154,2025-09-10,Market Trader,Kigali,Health,Unemployed,235863.0,222240.0,98607.0,19637.0,36,15,68.1,0,Repaid,4.9,Low,Normal
CUST-10652,TXN-204155,2025-08-24,Retail,Accra,Transport,Informal,143145.0,34643.0,31936.0,30808.0,26,17,82.9,0,Repaid,1.2,Low,Normal
CUST-12473,TXN-204156,2025-10-23,SME,Kigali,Fintech Agent,Self-employed,213100.0,390142.0,108022.0,88198.0,26,49,65.7,0,Repaid,10.8,Low,Loan-to-income mismatch
CUST-11054,TXN-204157,2025-10-19,SME,Abuja,Shop,Salaried,178728.0,128558.0,24784.0,74203.0,18,24,91.2,0,Repaid,1.0,Low,Normal
CUST-10699,TXN-204158,2026-02-25,Agriculture,Lagos,Fintech Agent,Self-employed,220208.0,354747.0,103764.0,38653.0,19,84,89.9,0,Repaid,5.4,Low,Loan-to-income mismatch
CUST-10108,TXN-204159,2026-01-31,Market Trader,Accra,Education,Self-employed,92540.0,131528.0,38317.0,12314.0,22,80,42.5,0,Repaid,18.0,Low,Normal
CUST-11411,TXN-204160,2025-12-07,Retail,Kano,Fintech Agent,Self-employed,153096.0,173988.0,65976.0,95634.0,17,91,46.9,0,Repaid,12.7,Low,Normal
CUST-11371,TXN-204161,2025-07-05,Market Trader,Lagos,Health,Self-employed,158835.0,236734.0,20783.0,60057.0,31,39,100.0,0,Repaid,1.8,Low,Normal
CUST-11970,TXN-204162,2025-09-12,SME,Kigali,Transport,Self-employed,211489.0,364393.0,93389.0,178265.0,20,28,88.8,0,Repaid,6.7,Low,Loan-to-income mismatch
CUST-10700,TXN-204163,2025-01-19,SME,Kano,Health,Self-employed,124998.0,181295.0,60536.0,51639.0,24,51,49.3,0,Repaid,6.8,Low,Normal
CUST-12500,TXN-204164,2025-05-22,Agriculture,Abuja,Health,Contract,65000.0,92151.0,21341.0,33676.0,41,12,43.7,0,Repaid,17.0,Low,Normal
CUST-12380,TXN-204165,2025-08-09,Retail,Accra,Food,Self-employed,103330.0,118632.0,24224.0,5622.0,43,70,75.7,0,Repaid,3.3,Low,Normal
CUST-11618,TXN-204166,2025-11-07,SME,Nairobi,Education,Self-employed,158635.0,179999.0,19818.0,46368.0,26,83,51.4,0,Repaid,9.2,Low,Normal
CUST-10634,TXN-204167,2025-07-14,Services,Abuja,Food,Informal,167181.0,212311.0,33883.0,8726.0,28,17,66.3,0,Repaid,4.8,Low,Normal
CUST-11774,TXN-204168,2025-01-28,Market Trader,Kano,Transport,Contract,330108.0,390720.0,165454.0,26947.0,27,20,71.1,0,Repaid,7.3,Low,Normal
CUST-12361,TXN-204169,2025-04-04,Market Trader,Nairobi,Education,Self-employed,207888.0,240035.0,57777.0,67960.0,12,30,70.4,0,Repaid,2.3,Low,Normal
CUST-11304,TXN-204170,2025-04-02,Services,Kumasi,Education,Salaried,168424.0,108974.0,77931.0,45410.0,25,77,92.3,0,Repaid,2.0,Low,Normal
CUST-10922,TXN-204171,2026-01-01,Retail,Abuja,Shop,Self-employed,160556.0,287257.0,78072.0,83352.0,35,32,100.0,0,Repaid,3.0,Low,Loan-to-income mismatch
CUST-11772,TXN-204172,2026-04-13,SME,Lagos,Health,Self-employed,258786.0,122963.0,115089.0,92225.0,11,70,63.4,0,Repaid,3.2,Low,Normal
CUST-11243,TXN-204173,2026-02-20,Market Trader,Nairobi,Transport,Salaried,127027.0,279121.0,56442.0,28508.0,30,88,51.6,0,Repaid,26.4,Low,Loan-to-income mismatch
CUST-11401,TXN-204174,2025-09-14,Retail,Abuja,Shop,Contract,153442.0,240468.0,62115.0,16149.0,17,43,79.0,0,Repaid,8.4,Low,Loan-to-income mismatch
CUST-11221,TXN-204175,2025-03-23,Agriculture,Lagos,Transport,Salaried,103003.0,29722.0,35701.0,59022.0,38,14,100.0,0,Repaid,1.0,Low,Normal
CUST-11062,TXN-204176,2026-04-16,Retail,Kigali,Fintech Agent,Salaried,295357.0,485265.0,42716.0,37418.0,25,88,64.7,0,Repaid,13.4,Low,Loan-to-income mismatch
CUST-12508,TXN-204177,2025-09-06,Services,Kumasi,Health,Self-employed,191923.0,188576.0,105743.0,65185.0,31,36,87.3,1,Defaulted,1.9,Low,Normal
CUST-11610,TXN-204178,2026-01-26,Market Trader,Accra,Food,Contract,120915.0,271343.0,75873.0,40729.0,27,58,56.9,0,Repaid,21.1,Low,Loan-to-income mismatch
CUST-11632,TXN-204179,2025-06-18,Retail,Kano,Food,Self-employed,155116.0,350266.0,48689.0,53466.0,22,92,72.4,0,Repaid,11.6,Low,Loan-to-income mismatch
CUST-12285,TXN-204180,2025-06-18,Retail,Kigali,Food,Contract,201603.0,414891.0,122563.0,65711.0,30,86,51.1,0,Repaid,32.4,Low,Loan-to-income mismatch
CUST-11264,TXN-204181,2025-10-21,Agriculture,Nairobi,Shop,Informal,146488.0,211034.0,95032.0,76416.0,33,80,72.2,1,Defaulted,22.5,Low,Normal
CUST-10353,TXN-204182,2025-12-29,Market Trader,Accra,Food,Salaried,130030.0,288741.0,42429.0,31295.0,22,35,69.9,0,Repaid,9.8,Low,Loan-to-income mismatch
CUST-12984,TXN-204183,2025-02-18,Retail,Accra,Fintech Agent,Informal,123649.0,200630.0,58899.0,37322.0,32,65,82.9,0,Repaid,10.5,Low,Loan-to-income mismatch
CUST-10194,TXN-204184,2025-07-28,Retail,Accra,Education,Self-employed,187656.0,398354.0,79864.0,63638.0,20,33,100.0,0,Repaid,6.4,Low,Loan-to-income mismatch
CUST-12001,TXN-204185,2026-04-28,SME,Kano,Food,Self-employed,140031.0,74961.0,23732.0,31626.0,33,53,65.0,0,Repaid,3.4,Low,Normal
CUST-10930,TXN-204186,2025-11-07,Retail,Accra,Fintech Agent,Contract,134514.0,294220.0,6681.0,60849.0,26,33,36.0,0,Repaid,24.2,Low,Loan-to-income mismatch
CUST-10748,TXN-204187,2025-02-02,Services,Kumasi,Shop,Contract,92861.0,153103.0,28380.0,57485.0,21,80,68.4,0,Repaid,5.0,Low,Loan-to-income mismatch
CUST-10146,TXN-204188,2025-12-01,Retail,Kumasi,Fintech Agent,Self-employed,168150.0,143477.0,86755.0,139320.0,31,72,77.4,0,Repaid,4.2,Low,Normal
CUST-13150,TXN-204189,2026-03-01,Retail,Kano,Food,Self-employed,150827.0,361253.0,33911.0,59008.0,37,90,75.6,0,Repaid,7.7,Low,Loan-to-income mismatch
CUST-11502,TXN-204190,2026-03-17,Market Trader,Nairobi,Education,Salaried,142188.0,242414.0,73113.0,72830.0,27,27,69.2,0,Repaid,12.5,Low,Loan-to-income mismatch
CUST-11199,TXN-204191,2025-04-11,Retail,Kano,Fintech Agent,Self-employed,176925.0,388648.0,76524.0,32524.0,28,88,98.8,0,Repaid,3.0,Low,Loan-to-income mismatch
CUST-12594,TXN-204192,2025-04-01,Agriculture,Nairobi,Fintech Agent,Self-employed,222829.0,42872.0,102098.0,26300.0,15,25,74.5,0,Repaid,1.3,Low,Normal
CUST-10136,TXN-204193,2026-02-02,Services,Kano,Health,Self-employed,218525.0,307288.0,43709.0,33831.0,35,62,70.1,0,Repaid,4.7,Low,Normal
CUST-11975,TXN-204194,2026-04-04,SME,Kigali,Education,Informal,205283.0,361672.0,64896.0,36685.0,26,18,58.0,0,Repaid,22.4,Low,Loan-to-income mismatch
CUST-11731,TXN-204195,2025-05-26,Services,Kumasi,Education,Self-employed,147107.0,30965.0,19782.0,51719.0,29,70,40.6,0,Repaid,5.4,Low,High-risk repayment pattern
CUST-11937,TXN-204196,2025-03-27,Agriculture,Nairobi,Fintech Agent,Self-employed,128266.0,240227.0,22491.0,18392.0,33,74,77.9,0,Repaid,6.7,Low,Loan-to-income mismatch
CUST-10433,TXN-204197,2026-02-12,Retail,Kumasi,Health,Self-employed,104983.0,170725.0,8042.0,20524.0,21,74,76.4,0,Repaid,4.6,Low,Loan-to-income mismatch
CUST-13333,TXN-204198,2026-01-29,Retail,Abuja,Transport,Contract,126864.0,100218.0,12670.0,19190.0,37,28,52.9,0,Repaid,3.7,Low,Normal
CUST-10834,TXN-204199,2026-04-18,SME,Kigali,Education,Unemployed,164104.0,280529.0,25046.0,74434.0,11,78,71.2,0,Repaid,12.6,Low,Loan-to-income mismatch
CUST-12374,TXN-204200,2025-12-29,Services,Kumasi,Health,Contract,116980.0,55051.0,45101.0,17652.0,21,16,69.4,0,Repaid,4.1,Low,Normal
CUST-12614,TXN-204201,2026-04-28,Agriculture,Lagos,Health,Salaried,169455.0,340497.0,50491.0,17580.0,34,70,60.8,0,Repaid,13.6,Low,Loan-to-income mismatch
CUST-11203,TXN-204202,2026-03-02,SME,Kano,Transport,Contract,108500.0,228178.0,20417.0,28702.0,13,46,57.7,1,Defaulted,29.1,Low,Loan-to-income mismatch
CUST-10457,TXN-204203,2026-03-22,Retail,Abuja,Fintech Agent,Unemployed,81014.0,101896.0,45570.0,5688.0,36,18,79.3,0,Repaid,8.5,Low,Normal
CUST-11038,TXN-204204,2026-02-03,Agriculture,Lagos,Education,Salaried,229613.0,299994.0,80558.0,25303.0,27,93,67.9,0,Repaid,5.9,Low,Normal
CUST-12824,TXN-204205,2025-08-08,SME,Accra,Food,Self-employed,133352.0,143028.0,80219.0,84969.0,35,73,61.4,0,Repaid,6.0,Low,Normal
CUST-13172,TXN-204206,2025-02-25,Services,Nairobi,Food,Self-employed,114513.0,108403.0,48099.0,48963.0,16,15,56.5,0,Repaid,4.5,Low,Normal
CUST-13279,TXN-204207,2025-08-10,SME,Kumasi,Food,Self-employed,102804.0,217722.0,3079.0,80512.0,34,38,69.7,0,Repaid,9.7,Low,Loan-to-income mismatch
CUST-10792,TXN-204208,2025-05-17,Retail,Kigali,Shop,Informal,194400.0,166566.0,115763.0,66617.0,25,71,88.6,0,Repaid,9.8,Low,Normal
CUST-12122,TXN-204209,2026-05-07,SME,Lagos,Transport,Contract,289949.0,311500.0,162430.0,86122.0,31,20,75.7,0,Repaid,6.7,Low,Normal
CUST-10528,TXN-204210,2025-07-04,Market Trader,Kumasi,Shop,Salaried,137408.0,116222.0,57742.0,27898.0,17,46,67.7,0,Repaid,3.7,Low,Normal
CUST-12486,TXN-204211,2026-04-05,Market Trader,Kano,Health,Salaried,148667.0,243502.0,53060.0,54369.0,21,11,77.6,0,Repaid,3.9,Low,Loan-to-income mismatch
CUST-11455,TXN-204212,2025-07-03,SME,Lagos,Food,Salaried,255272.0,507370.0,77946.0,25548.0,24,4,96.6,0,Repaid,5.4,Low,Loan-to-income mismatch
CUST-12497,TXN-204213,2025-09-08,Services,Kigali,Shop,Informal,76085.0,41453.0,24634.0,38223.0,22,24,80.8,0,Repaid,3.1,Low,Normal
CUST-12397,TXN-204214,2025-12-26,Agriculture,Lagos,Education,Salaried,371790.0,277180.0,187609.0,16434.0,33,68,76.7,0,Repaid,1.8,Low,Normal
CUST-13474,TXN-204215,2025-07-25,Retail,Kano,Food,Self-employed,454304.0,186773.0,155953.0,27070.0,29,49,83.5,0,Repaid,1.5,Low,Normal
CUST-11710,TXN-204216,2025-12-25,Retail,Accra,Health,Self-employed,65000.0,34815.0,8508.0,88614.0,29,31,69.2,0,Repaid,1.1,Low,Normal
CUST-11195,TXN-204217,2025-02-18,Market Trader,Kano,Fintech Agent,Salaried,156224.0,169234.0,8850.0,28305.0,28,25,75.3,0,Repaid,2.7,Low,Normal
CUST-11843,TXN-204218,2025-11-01,SME,Abuja,Fintech Agent,Salaried,120336.0,228933.0,11973.0,37257.0,30,77,63.2,0,Repaid,12.3,Low,Loan-to-income mismatch
CUST-10569,TXN-204219,2025-07-06,SME,Abuja,Food,Informal,145626.0,201312.0,25981.0,99646.0,22,64,44.1,0,Repaid,30.4,Low,Normal
CUST-10391,TXN-204220,2025-03-31,Market Trader,Kumasi,Shop,Self-employed,136527.0,40722.0,34360.0,21516.0,30,83,78.2,0,Repaid,1.0,Low,Normal
CUST-11817,TXN-204221,2025-09-01,Market Trader,Lagos,Shop,Self-employed,228877.0,358809.0,133257.0,47989.0,25,92,78.2,0,Repaid,12.7,Low,Loan-to-income mismatch
CUST-12888,TXN-204222,2025-03-03,Agriculture,Lagos,Shop,Self-employed,155239.0,302029.0,26488.0,40764.0,21,61,66.8,0,Repaid,11.7,Low,Loan-to-income mismatch
CUST-11866,TXN-204223,2026-03-05,Retail,Abuja,Shop,Salaried,111015.0,116954.0,24573.0,38485.0,29,6,90.6,0,Repaid,1.7,Low,Normal
CUST-12736,TXN-204224,2026-04-11,SME,Kigali,Education,Self-employed,151400.0,109603.0,24300.0,31880.0,31,90,59.0,0,Repaid,2.0,Low,Normal
CUST-10622,TXN-204225,2025-06-17,Agriculture,Abuja,Fintech Agent,Salaried,202038.0,379012.0,73505.0,89044.0,19,14,40.1,1,Defaulted,19.8,Low,Loan-to-income mismatch
CUST-11572,TXN-204226,2025-06-24,Retail,Kumasi,Health,Salaried,98996.0,23073.0,40466.0,26121.0,27,68,59.5,0,Repaid,2.0,Low,Normal
CUST-12145,TXN-204227,2025-06-06,Retail,Kano,Health,Salaried,81518.0,162271.0,28958.0,91626.0,29,25,44.3,0,Repaid,24.8,Low,Loan-to-income mismatch
CUST-11216,TXN-204228,2026-03-12,SME,Accra,Transport,Self-employed,375852.0,738721.0,232904.0,80693.0,26,74,78.1,0,Repaid,12.9,Low,Loan-to-income mismatch
CUST-10049,TXN-204229,2025-01-14,Retail,Abuja,Health,Salaried,124266.0,267337.0,80411.0,71493.0,25,77,58.5,1,Defaulted,22.7,Low,Loan-to-income mismatch
CUST-10257,TXN-204230,2025-03-12,Market Trader,Kigali,Education,Salaried,153631.0,58172.0,84122.0,40307.0,40,76,89.7,0,Repaid,1.9,Low,Normal
CUST-13246,TXN-204231,2025-01-21,Services,Kano,Food,Contract,137713.0,57733.0,72621.0,90923.0,26,27,89.3,0,Repaid,1.0,Low,Normal
CUST-12117,TXN-204232,2025-11-17,Retail,Lagos,Shop,Self-employed,204884.0,433844.0,51347.0,123080.0,29,62,55.4,1,Defaulted,20.3,Low,Loan-to-income mismatch
CUST-10926,TXN-204233,2026-02-21,Services,Abuja,Education,Informal,342687.0,423247.0,132025.0,30557.0,13,20,57.5,1,Defaulted,25.1,Low,Normal
CUST-10905,TXN-204234,2025-12-15,Retail,Kano,Food,Contract,207642.0,218230.0,50131.0,27245.0,32,85,81.6,0,Repaid,2.0,Low,Normal
CUST-10138,TXN-204235,2025-03-26,Market Trader,Kigali,Education,Self-employed,86016.0,124956.0,44225.0,37738.0,27,16,89.6,0,Repaid,2.4,Low,Normal
CUST-13306,TXN-204236,2025-07-25,Retail,Lagos,Food,Self-employed,91005.0,28217.0,11672.0,34597.0,26,81,35.8,0,Repaid,3.6,Low,High-risk repayment pattern
CUST-10378,TXN-204237,2026-05-14,SME,Kano,Health,Unemployed,137645.0,221478.0,21542.0,114702.0,39,16,77.1,0,Repaid,16.3,Low,Loan-to-income mismatch
CUST-12658,TXN-204238,2026-03-05,Services,Abuja,Fintech Agent,Salaried,145414.0,331265.0,6453.0,51696.0,30,29,32.4,0,Repaid,34.9,Low,Loan-to-income mismatch
CUST-10840,TXN-204239,2025-02-01,Market Trader,Abuja,Education,Salaried,78967.0,132672.0,31874.0,14759.0,29,69,62.1,0,Repaid,14.1,Low,Loan-to-income mismatch
CUST-11174,TXN-204240,2025-03-20,Services,Kigali,Food,Salaried,229607.0,278116.0,104191.0,14429.0,29,92,91.7,0,Repaid,1.6,Low,Normal
CUST-10958,TXN-204241,2026-02-21,Agriculture,Nairobi,Transport,Informal,103130.0,238556.0,2281.0,41790.0,29,68,100.0,0,Repaid,6.5,Low,Loan-to-income mismatch
CUST-12885,TXN-204242,2025-12-04,Services,Kigali,Fintech Agent,Salaried,304732.0,520637.0,104156.0,70904.0,28,34,67.7,0,Repaid,11.2,Low,Loan-to-income mismatch
CUST-10114,TXN-204243,2025-03-01,SME,Nairobi,Education,Informal,349642.0,107149.0,90009.0,33233.0,30,31,49.6,0,Repaid,8.2,Low,Normal
CUST-11233,TXN-204244,2025-05-08,SME,Kigali,Fintech Agent,Self-employed,146640.0,244523.0,76135.0,79117.0,31,61,62.8,0,Repaid,8.9,Low,Loan-to-income mismatch
CUST-10977,TXN-204245,2025-11-24,Services,Accra,Health,Self-employed,195706.0,61163.0,8709.0,57342.0,31,44,73.2,0,Repaid,1.0,Low,Normal
CUST-10955,TXN-204246,2026-02-15,Agriculture,Accra,Education,Self-employed,97011.0,83628.0,4908.0,50812.0,28,21,59.9,0,Repaid,3.1,Low,Normal
CUST-10675,TXN-204247,2026-01-26,Agriculture,Kano,Shop,Self-employed,211492.0,327139.0,86866.0,12240.0,21,61,55.4,0,Repaid,11.9,Low,Normal
CUST-13193,TXN-204248,2025-02-11,Market Trader,Lagos,Health,Salaried,132027.0,86962.0,51851.0,27090.0,38,42,64.3,0,Repaid,2.0,Low,Normal
CUST-11325,TXN-204249,2025-04-27,Retail,Nairobi,Food,Contract,103090.0,27296.0,56038.0,31877.0,33,93,79.1,0,Repaid,1.3,Low,Normal
CUST-11463,TXN-204250,2025-10-12,SME,Kano,Shop,Contract,144131.0,223671.0,56662.0,92505.0,23,4,69.0,0,Repaid,4.6,Low,Loan-to-income mismatch
CUST-11348,TXN-204251,2025-10-17,Retail,Kumasi,Food,Self-employed,133838.0,109025.0,82726.0,29649.0,29,71,56.1,0,Repaid,5.0,Low,Normal
CUST-13430,TXN-204252,2026-05-19,Market Trader,Kigali,Food,Self-employed,141979.0,193543.0,30960.0,15162.0,25,77,59.9,1,Defaulted,4.4,Low,Normal
CUST-11186,TXN-204253,2026-02-07,Services,Kano,Fintech Agent,Self-employed,242526.0,184257.0,65649.0,55139.0,24,77,64.6,0,Repaid,3.0,Low,Normal
CUST-11195,TXN-204254,2025-05-25,SME,Lagos,Education,Self-employed,117028.0,199401.0,74422.0,29730.0,27,67,54.0,0,Repaid,14.9,Low,Loan-to-income mismatch
CUST-11147,TXN-204255,2025-03-30,Services,Kano,Food,Informal,337294.0,731408.0,29594.0,9285.0,33,93,59.3,0,Repaid,44.5,Medium,Loan-to-income mismatch
CUST-11144,TXN-204256,2025-01-23,Market Trader,Kigali,Fintech Agent,Salaried,93291.0,34720.0,48644.0,26481.0,41,31,83.6,0,Repaid,1.5,Low,Normal
CUST-10314,TXN-204257,2025-09-27,Market Trader,Lagos,Education,Informal,320770.0,617684.0,8753.0,10184.0,24,37,67.9,0,Repaid,13.0,Low,Loan-to-income mismatch
CUST-12114,TXN-204258,2025-03-19,Retail,Abuja,Fintech Agent,Self-employed,106199.0,55917.0,34674.0,9175.0,16,89,40.4,0,Repaid,7.7,Low,High-risk repayment pattern
CUST-10088,TXN-204259,2025-10-02,Services,Lagos,Food,Self-employed,162686.0,148254.0,18976.0,4225.0,35,8,90.4,0,Repaid,1.2,Low,Normal
CUST-10790,TXN-204260,2025-11-22,Market Trader,Nairobi,Fintech Agent,Self-employed,132471.0,128941.0,52628.0,46971.0,13,79,79.5,0,Repaid,3.7,Low,Normal
CUST-10707,TXN-204261,2026-02-01,Services,Lagos,Health,Self-employed,140876.0,89880.0,73657.0,35957.0,23,72,47.1,0,Repaid,3.9,Low,Normal
CUST-11020,TXN-204262,2025-10-02,Market Trader,Abuja,Health,Salaried,227879.0,79079.0,9301.0,117303.0,26,57,65.4,0,Repaid,1.8,Low,Normal
CUST-12648,TXN-204263,2025-07-06,Market Trader,Abuja,Fintech Agent,Self-employed,305568.0,576313.0,37639.0,23436.0,29,13,57.7,1,Defaulted,23.8,Low,Loan-to-income mismatch
CUST-12098,TXN-204264,2026-03-15,Agriculture,Lagos,Education,Self-employed,268343.0,521083.0,63287.0,84278.0,26,59,84.2,0,Repaid,7.9,Low,Loan-to-income mismatch
CUST-13467,TXN-204265,2025-11-29,SME,Kigali,Shop,Salaried,137305.0,328567.0,24873.0,78412.0,16,43,65.3,1,Defaulted,14.9,Low,Loan-to-income mismatch
CUST-11229,TXN-204266,2025-12-10,SME,Kano,Food,Salaried,175850.0,396510.0,45972.0,39627.0,24,10,70.7,0,Repaid,20.5,Low,Loan-to-income mismatch
CUST-13249,TXN-204267,2026-05-06,Market Trader,Nairobi,Shop,Informal,117187.0,134168.0,72618.0,16101.0,28,71,68.6,0,Repaid,11.5,Low,Normal
CUST-10157,TXN-204268,2026-05-09,Market Trader,Accra,Transport,Informal,107318.0,51096.0,8989.0,41627.0,28,78,45.4,0,Repaid,10.1,Low,Normal
CUST-11764,TXN-204269,2026-01-01,Agriculture,Lagos,Health,Self-employed,100564.0,20490.0,28828.0,17966.0,25,54,97.3,0,Repaid,1.2,Low,Normal
CUST-12795,TXN-204270,2025-03-21,Retail,Abuja,Shop,Salaried,135431.0,184182.0,41708.0,47931.0,20,17,83.9,0,Repaid,2.8,Low,Normal
CUST-11861,TXN-204271,2025-01-10,Retail,Lagos,Education,Self-employed,180744.0,377838.0,35537.0,20460.0,23,36,58.5,0,Repaid,19.1,Low,Loan-to-income mismatch
CUST-13266,TXN-204272,2025-10-27,Retail,Abuja,Education,Informal,72914.0,56490.0,14252.0,16192.0,33,52,75.5,0,Repaid,10.3,Low,Normal
CUST-11101,TXN-204273,2025-03-19,Market Trader,Kumasi,Education,Contract,159617.0,99226.0,75067.0,7415.0,35,50,89.5,0,Repaid,2.0,Low,Normal
CUST-10116,TXN-204274,2026-04-17,Agriculture,Lagos,Health,Contract,307654.0,355179.0,125905.0,39173.0,29,57,73.0,0,Repaid,5.6,Low,Normal
CUST-12708,TXN-204275,2025-07-25,SME,Kano,Food,Contract,260720.0,564105.0,138725.0,54065.0,18,25,100.0,0,Repaid,3.3,Low,Loan-to-income mismatch
CUST-10238,TXN-204276,2025-05-12,Services,Lagos,Education,Contract,127290.0,150548.0,35030.0,13505.0,32,76,100.0,0,Repaid,1.1,Low,Normal
CUST-12676,TXN-204277,2025-07-28,SME,Nairobi,Health,Salaried,90519.0,161524.0,36409.0,50426.0,17,8,69.7,0,Repaid,13.4,Low,Loan-to-income mismatch
CUST-12566,TXN-204278,2025-12-30,Market Trader,Kano,Education,Salaried,197428.0,238258.0,115093.0,10363.0,35,94,61.5,0,Repaid,7.2,Low,Normal
CUST-12954,TXN-204279,2025-06-20,SME,Kigali,Health,Informal,65000.0,65518.0,36162.0,57041.0,28,40,54.2,1,Defaulted,15.4,Low,Normal
CUST-11676,TXN-204280,2025-03-10,Services,Kano,Health,Salaried,259436.0,300641.0,155562.0,31953.0,38,79,32.2,0,Repaid,26.7,Low,High-risk repayment pattern
CUST-13134,TXN-204281,2025-08-17,Retail,Accra,Food,Salaried,148790.0,280595.0,28189.0,62425.0,22,7,94.5,1,Defaulted,5.2,Low,Loan-to-income mismatch
CUST-10594,TXN-204282,2025-09-01,Market Trader,Accra,Fintech Agent,Informal,351212.0,651422.0,225062.0,9868.0,27,64,65.6,1,Defaulted,25.4,Low,Loan-to-income mismatch
CUST-11520,TXN-204283,2026-05-02,Market Trader,Abuja,Transport,Contract,78800.0,89714.0,42105.0,4043.0,15,94,87.8,0,Repaid,3.9,Low,Normal
CUST-10426,TXN-204284,2025-02-05,Services,Nairobi,Shop,Salaried,239335.0,185272.0,124629.0,79845.0,36,92,91.4,0,Repaid,1.1,Low,Normal
CUST-12684,TXN-204285,2026-02-20,Retail,Kigali,Fintech Agent,Self-employed,156027.0,76276.0,68742.0,51581.0,30,44,52.5,0,Repaid,2.2,Low,Normal
CUST-12499,TXN-204286,2025-06-01,Retail,Kigali,Fintech Agent,Salaried,141628.0,25924.0,90565.0,24101.0,31,37,55.2,0,Repaid,3.5,Low,Normal
CUST-12822,TXN-204287,2025-03-13,SME,Kano,Food,Salaried,91552.0,39498.0,27299.0,122288.0,32,84,100.0,0,Repaid,1.0,Low,Normal
CUST-12675,TXN-204288,2025-03-08,SME,Nairobi,Transport,Salaried,209026.0,114031.0,101831.0,186218.0,25,61,70.7,0,Repaid,1.5,Low,Unusually high amount
CUST-11079,TXN-204289,2025-08-18,Market Trader,Kano,Transport,,216204.0,370068.0,99508.0,46136.0,23,91,60.1,0,Repaid,9.3,Low,Loan-to-income mismatch
CUST-10238,TXN-204290,2025-11-24,SME,Abuja,Education,Salaried,344467.0,687478.0,165763.0,50468.0,37,24,53.2,0,Repaid,22.9,Low,Loan-to-income mismatch
CUST-13252,TXN-204291,2025-12-18,SME,Kumasi,Fintech Agent,Contract,248545.0,451363.0,122638.0,20005.0,32,44,69.5,0,Repaid,14.7,Low,Loan-to-income mismatch
CUST-11724,TXN-204292,2026-01-28,Market Trader,Kano,Transport,Salaried,126825.0,226456.0,17778.0,25764.0,34,31,99.1,0,Repaid,2.6,Low,Loan-to-income mismatch
CUST-10330,TXN-204293,2025-03-26,Market Trader,Kano,Health,Salaried,106764.0,254887.0,25613.0,12396.0,25,41,84.3,0,Repaid,7.0,Low,Loan-to-income mismatch
CUST-13244,TXN-204294,2025-11-11,Retail,Lagos,Food,Salaried,91604.0,212243.0,24469.0,53109.0,44,84,75.3,0,Repaid,9.1,Low,Loan-to-income mismatch
CUST-13479,TXN-204295,2025-01-27,Agriculture,Abuja,Education,Contract,302173.0,234740.0,148439.0,137537.0,26,85,100.0,0,Repaid,1.0,Low,Normal
CUST-11559,TXN-204296,2025-08-12,Market Trader,Kano,Education,Unemployed,117379.0,58939.0,55313.0,48848.0,25,57,97.1,0,Repaid,3.0,Low,Normal
CUST-12695,TXN-204297,2026-05-10,SME,Nairobi,Health,Salaried,303063.0,157690.0,165176.0,122419.0,20,5,78.0,0,Repaid,1.4,Low,Normal
CUST-10127,TXN-204298,2025-11-12,Market Trader,Kano,Health,Self-employed,202913.0,439965.0,104859.0,30580.0,22,43,100.0,0,Repaid,7.1,Low,Loan-to-income mismatch
CUST-10326,TXN-204299,2026-02-09,Retail,Abuja,Transport,Salaried,186943.0,76125.0,73936.0,52020.0,31,47,67.5,0,Repaid,1.1,Low,Normal
CUST-10967,TXN-204300,2025-01-28,SME,Kano,Shop,Salaried,143074.0,133791.0,15476.0,44556.0,20,69,91.8,0,Repaid,2.1,Low,Normal
CUST-12296,TXN-204301,2026-04-02,Market Trader,Lagos,Education,Salaried,214804.0,291568.0,90290.0,9403.0,32,27,64.9,0,Repaid,7.2,Low,Normal
CUST-10466,TXN-204302,2025-07-14,Retail,Accra,Food,Salaried,161701.0,249320.0,93600.0,6294.0,32,56,88.3,0,Repaid,2.7,Low,Normal
CUST-10119,TXN-204303,2026-02-08,Services,Accra,Transport,Informal,139376.0,209416.0,59263.0,129801.0,25,72,67.5,0,Repaid,15.0,Low,Normal
CUST-12340,TXN-204304,2025-07-06,Services,Kumasi,Transport,Self-employed,218016.0,419861.0,127375.0,22367.0,30,55,80.3,0,Repaid,10.5,Low,Loan-to-income mismatch
CUST-12695,TXN-204305,2025-12-17,Agriculture,Lagos,Fintech Agent,Informal,153205.0,222018.0,99492.0,31004.0,31,80,100.0,0,Repaid,5.7,Low,Normal
CUST-12587,TXN-204306,2025-10-06,SME,Kumasi,Shop,Informal,116390.0,240849.0,28667.0,9179.0,35,25,89.1,0,Repaid,16.8,Low,Loan-to-income mismatch
CUST-12797,TXN-204307,2026-01-30,SME,Nairobi,Shop,Contract,209384.0,77028.0,99598.0,44838.0,21,60,80.6,0,Repaid,2.2,Low,Normal
CUST-12809,TXN-204308,2026-04-29,Market Trader,Nairobi,Food,Salaried,158439.0,330647.0,57066.0,55464.0,30,44,58.1,0,Repaid,24.7,Low,Loan-to-income mismatch
CUST-12108,TXN-204309,2025-09-29,Retail,Kigali,Transport,Salaried,199854.0,297744.0,61282.0,60976.0,18,40,75.4,0,Repaid,5.3,Low,Normal
CUST-11817,TXN-204310,2025-01-17,SME,Kumasi,Shop,Salaried,134508.0,90781.0,23017.0,57556.0,32,41,53.9,0,Repaid,6.1,Low,Normal
CUST-12999,TXN-204311,2025-05-13,Agriculture,Kigali,Transport,Salaried,97946.0,230231.0,17133.0,57716.0,29,54,88.0,0,Repaid,9.1,Low,Loan-to-income mismatch
CUST-11218,TXN-204312,2025-06-23,Market Trader,Kano,Food,Salaried,337301.0,764395.0,46053.0,22830.0,17,50,87.5,1,Defaulted,7.2,Low,Loan-to-income mismatch
CUST-10342,TXN-204313,2025-02-18,Services,Abuja,Food,Salaried,311632.0,641186.0,130211.0,77701.0,27,55,68.8,0,Repaid,13.5,Low,Loan-to-income mismatch
CUST-12631,TXN-204314,2025-09-09,Market Trader,Lagos,Education,Self-employed,235906.0,519876.0,25830.0,163872.0,36,92,100.0,0,Repaid,4.7,Low,Loan-to-income mismatch
CUST-10965,TXN-204315,2025-11-05,Market Trader,Kigali,Shop,Self-employed,138292.0,142213.0,40350.0,69827.0,17,61,99.4,0,Repaid,1.6,Low,Normal
CUST-13425,TXN-204316,2025-09-17,Market Trader,Lagos,Fintech Agent,Self-employed,143468.0,98380.0,50171.0,31400.0,23,53,74.7,0,Repaid,1.6,Low,Normal
CUST-11449,TXN-204317,2025-04-24,SME,Lagos,Education,Self-employed,290854.0,170454.0,86118.0,30749.0,31,88,82.2,0,Repaid,2.1,Low,Normal
CUST-12981,TXN-204318,2025-07-12,Retail,Nairobi,Food,Salaried,140279.0,297356.0,78361.0,14965.0,24,24,61.4,1,Defaulted,30.2,Low,Loan-to-income mismatch
CUST-10148,TXN-204319,2026-03-01,Market Trader,Kano,Health,Salaried,124782.0,251451.0,37334.0,34487.0,25,25,67.1,0,Repaid,27.0,Low,Loan-to-income mismatch
CUST-12307,TXN-204320,2025-03-11,Agriculture,Accra,Fintech Agent,Self-employed,357303.0,842407.0,25792.0,12873.0,21,12,52.6,0,Repaid,13.1,Low,Loan-to-income mismatch
CUST-11568,TXN-204321,2025-10-04,SME,Lagos,Shop,Informal,159528.0,329125.0,102909.0,66435.0,37,20,63.4,0,Repaid,39.7,Medium,Loan-to-income mismatch
CUST-11619,TXN-204322,2026-02-13,Market Trader,Kano,Education,Contract,342059.0,541771.0,188933.0,32158.0,28,9,70.1,0,Repaid,6.8,Low,Loan-to-income mismatch
CUST-10928,TXN-204323,2026-05-29,SME,Nairobi,Fintech Agent,Informal,90461.0,44856.0,39425.0,30310.0,31,19,42.1,0,Repaid,16.5,Low,Normal
CUST-13399,TXN-204324,2025-09-23,Services,Kumasi,Transport,Salaried,202326.0,110462.0,100452.0,37306.0,33,63,82.4,0,Repaid,2.6,Low,Normal
CUST-11374,TXN-204325,2025-07-18,Market Trader,Abuja,Fintech Agent,Informal,388425.0,478389.0,39138.0,40079.0,21,67,90.4,0,Repaid,4.9,Low,Normal
CUST-12976,TXN-204326,2025-11-24,Agriculture,Abuja,Education,Contract,164801.0,310568.0,82817.0,48611.0,35,62,71.9,0,Repaid,10.3,Low,Loan-to-income mismatch
CUST-11487,TXN-204327,2025-08-05,Retail,Kumasi,Shop,Informal,145673.0,82257.0,21979.0,39076.0,29,87,23.4,0,Repaid,16.7,Low,High-risk repayment pattern
CUST-10168,TXN-204328,2026-02-15,Market Trader,Kumasi,Fintech Agent,Salaried,99662.0,220497.0,32695.0,46100.0,32,82,67.4,0,Repaid,15.0,Low,Loan-to-income mismatch
CUST-13077,TXN-204329,2025-05-20,Market Trader,Nairobi,Shop,Contract,256423.0,435410.0,33881.0,73579.0,40,32,46.9,0,Repaid,16.1,Low,Loan-to-income mismatch
CUST-10647,TXN-204330,2025-06-07,Services,Lagos,Health,Self-employed,117777.0,102858.0,58286.0,13893.0,13,19,61.0,0,Repaid,5.7,Low,Normal
CUST-10946,TXN-204331,2025-05-28,Retail,Kano,Education,Self-employed,156401.0,335697.0,27361.0,15417.0,20,41,98.1,0,Repaid,8.2,Low,Loan-to-income mismatch
CUST-13013,TXN-204332,2026-02-10,Services,Lagos,Health,Self-employed,96907.0,146229.0,17397.0,56302.0,25,89,28.2,0,Repaid,20.0,Low,High-risk repayment pattern
CUST-13128,TXN-204333,2025-09-04,Market Trader,Nairobi,Transport,Self-employed,312980.0,565746.0,27796.0,22353.0,30,93,57.3,0,Repaid,15.2,Low,Loan-to-income mismatch
CUST-13208,TXN-204334,2026-01-14,Market Trader,Abuja,Shop,Informal,264356.0,273789.0,125300.0,75030.0,23,21,86.9,0,Repaid,4.5,Low,Normal
CUST-11490,TXN-204335,2025-02-03,SME,Kano,Food,Informal,160610.0,169232.0,33147.0,102811.0,16,15,59.4,0,Repaid,7.7,Low,Normal
CUST-12649,TXN-204336,2026-01-31,Retail,Accra,Health,Self-employed,100233.0,20850.0,34732.0,89188.0,23,71,58.0,0,Repaid,3.1,Low,Normal
CUST-11147,TXN-204337,2026-03-07,Retail,Abuja,Education,Salaried,310234.0,426306.0,71141.0,10536.0,36,84,100.0,0,Repaid,2.2,Low,Normal
CUST-12591,TXN-204338,2025-03-08,Market Trader,Nairobi,Shop,Self-employed,139568.0,260848.0,70909.0,32349.0,23,91,78.8,0,Repaid,7.6,Low,Loan-to-income mismatch
CUST-11758,TXN-204339,2025-02-20,Agriculture,Accra,Education,Salaried,102315.0,238475.0,16645.0,46374.0,29,92,88.8,0,Repaid,5.9,Low,Loan-to-income mismatch
CUST-10181,TXN-204340,2025-10-13,SME,Accra,Food,Self-employed,77646.0,167773.0,47576.0,25159.0,28,28,80.9,0,Repaid,11.2,Low,Loan-to-income mismatch
CUST-11462,TXN-204341,2026-04-13,Services,Kumasi,Health,Salaried,124082.0,46298.0,27601.0,31218.0,22,77,74.9,0,Repaid,1.4,Low,Normal
CUST-11637,TXN-204342,2026-03-10,Retail,Kumasi,Fintech Agent,Self-employed,88349.0,208217.0,7547.0,49726.0,30,65,94.8,0,Repaid,6.7,Low,Loan-to-income mismatch
CUST-10900,TXN-204343,2025-07-25,Agriculture,Lagos,Fintech Agent,Self-employed,125294.0,64131.0,21474.0,19978.0,24,33,100.0,0,Repaid,1.0,Low,Normal
CUST-11310,TXN-204344,2026-04-25,Retail,Lagos,Fintech Agent,Salaried,222493.0,60357.0,14814.0,17957.0,29,3,41.7,0,Repaid,1.9,Low,High-risk repayment pattern
CUST-11759,TXN-204345,2025-08-26,Market Trader,Nairobi,Education,Salaried,139014.0,256151.0,43832.0,26580.0,34,63,71.4,0,Repaid,9.8,Low,Loan-to-income mismatch
CUST-10173,TXN-204346,2025-12-10,Retail,Kigali,Health,Salaried,188979.0,414066.0,33574.0,92070.0,33,35,71.2,0,Repaid,14.8,Low,Loan-to-income mismatch
CUST-10531,TXN-204347,2026-05-13,Services,Abuja,Shop,Informal,120114.0,274883.0,69451.0,48301.0,27,29,64.3,1,Defaulted,36.9,Medium,Loan-to-income mismatch
CUST-12683,TXN-204348,2025-04-01,Market Trader,Lagos,Transport,Self-employed,167271.0,336457.0,57841.0,39078.0,33,2,89.7,0,Repaid,3.9,Low,Loan-to-income mismatch
CUST-11231,TXN-204349,2026-01-17,Market Trader,Kumasi,Shop,Self-employed,364681.0,231533.0,60910.0,61301.0,31,13,76.6,0,Repaid,1.6,Low,Normal
CUST-12129,TXN-204350,2025-08-06,Market Trader,Kigali,Health,Salaried,140595.0,73375.0,42783.0,33185.0,31,19,100.0,0,Repaid,1.0,Low,Normal
CUST-11980,TXN-204351,2025-05-24,Market Trader,Lagos,Education,Contract,191274.0,59469.0,27443.0,23952.0,28,12,91.8,0,Repaid,1.0,Low,Normal
CUST-11929,TXN-204352,2025-08-03,Retail,Lagos,Fintech Agent,Salaried,84329.0,124130.0,11182.0,19015.0,32,91,96.6,0,Repaid,2.7,Low,Normal
CUST-11446,TXN-204353,2025-06-07,SME,Kano,Health,Self-employed,308182.0,388812.0,64537.0,47107.0,36,2,50.4,0,Repaid,7.9,Low,Normal
CUST-11691,TXN-204354,2025-11-08,SME,Kumasi,Fintech Agent,Self-employed,133195.0,56289.0,11752.0,86725.0,28,38,57.5,0,Repaid,1.2,Low,Normal
CUST-12883,TXN-204355,2025-03-19,Retail,Accra,Health,Salaried,253020.0,306639.0,35131.0,3950.0,28,93,59.0,1,Defaulted,9.7,Low,Normal
CUST-13377,TXN-204356,2025-11-02,Retail,Accra,Education,Contract,154549.0,222467.0,94425.0,28185.0,35,13,95.8,1,Defaulted,3.5,Low,Normal
CUST-10898,TXN-204357,2025-11-26,Market Trader,Accra,Education,Informal,210421.0,375593.0,92603.0,30661.0,30,63,54.6,0,Repaid,35.7,Medium,Loan-to-income mismatch
CUST-12343,TXN-204358,2026-02-17,Market Trader,Kigali,Shop,Self-employed,215739.0,237209.0,129507.0,23833.0,31,25,55.1,0,Repaid,12.0,Low,Normal
CUST-13394,TXN-204359,2025-12-08,Retail,Abuja,Education,Self-employed,134588.0,119345.0,24470.0,73119.0,22,32,51.8,0,Repaid,4.8,Low,Normal
CUST-10026,TXN-204360,2025-12-24,Retail,Lagos,Education,Salaried,257455.0,426811.0,144154.0,54258.0,27,43,100.0,0,Repaid,3.4,Low,Loan-to-income mismatch
CUST-12746,TXN-204361,2026-04-04,Retail,Accra,Fintech Agent,Contract,118329.0,201038.0,29373.0,29118.0,21,56,69.4,0,Repaid,12.1,Low,Loan-to-income mismatch
CUST-11738,TXN-204362,2025-11-02,Market Trader,Accra,Fintech Agent,Salaried,225648.0,176085.0,25011.0,59594.0,21,73,81.5,0,Repaid,1.1,Low,Normal
CUST-13386,TXN-204363,2025-05-27,SME,Abuja,Food,Contract,138153.0,30947.0,72802.0,17270.0,30,60,51.5,0,Repaid,4.6,Low,Normal
CUST-12023,TXN-204364,2026-01-27,SME,Kigali,Transport,Contract,188493.0,429657.0,10853.0,76536.0,33,3,89.3,0,Repaid,4.5,Low,Loan-to-income mismatch
CUST-12933,TXN-204365,2025-02-04,Market Trader,Abuja,Transport,Salaried,134049.0,248894.0,36871.0,17875.0,25,19,40.1,0,Repaid,18.7,Low,Loan-to-income mismatch
CUST-10581,TXN-204366,2025-07-22,Market Trader,Lagos,Food,Salaried,166207.0,104121.0,89115.0,50048.0,34,60,54.4,0,Repaid,5.5,Low,Normal
CUST-10497,TXN-204367,2025-04-24,SME,Lagos,Fintech Agent,Salaried,103635.0,148797.0,42369.0,65237.0,36,29,58.8,0,Repaid,15.6,Low,Normal
CUST-13243,TXN-204368,2026-02-27,Market Trader,Kigali,Fintech Agent,Salaried,180588.0,271023.0,62552.0,41299.0,27,7,75.9,0,Repaid,5.9,Low,Normal
CUST-11842,TXN-204369,2026-05-12,Services,Kigali,Fintech Agent,Unemployed,165804.0,76219.0,40255.0,42371.0,14,53,57.7,0,Repaid,4.0,Low,Normal
CUST-11954,TXN-204370,2025-06-21,SME,Kigali,Transport,Self-employed,129720.0,78543.0,8728.0,49248.0,30,31,99.4,0,Repaid,1.0,Low,Normal
CUST-10594,TXN-204371,2026-05-25,SME,Lagos,Shop,Self-employed,159036.0,366401.0,102469.0,65446.0,33,80,81.1,0,Repaid,12.1,Low,Loan-to-income mismatch
CUST-10793,TXN-204372,2026-05-11,Market Trader,Lagos,Health,Salaried,172178.0,225172.0,22402.0,13175.0,29,85,59.6,0,Repaid,7.8,Low,Normal
CUST-12863,TXN-204373,2025-07-02,Market Trader,Kano,Food,Self-employed,125634.0,76009.0,22720.0,30975.0,13,14,90.0,0,Repaid,1.1,Low,Normal
CUST-11061,TXN-204374,2025-04-19,Market Trader,Accra,Food,Self-employed,154187.0,300760.0,26000.0,12687.0,28,75,64.9,0,Repaid,6.7,Low,Loan-to-income mismatch
CUST-12044,TXN-204375,2025-09-10,Retail,Abuja,Health,Unemployed,106688.0,130658.0,63160.0,107361.0,33,82,61.4,0,Repaid,21.3,Low,Normal
CUST-11107,TXN-204376,2026-03-23,Agriculture,Kumasi,Fintech Agent,Self-employed,435917.0,696279.0,218448.0,17889.0,27,62,88.1,0,Repaid,3.1,Low,Loan-to-income mismatch
CUST-10922,TXN-204377,2026-03-13,Services,Kumasi,Transport,Salaried,253934.0,213420.0,78242.0,82307.0,35,59,27.8,0,Repaid,18.5,Low,High-risk repayment pattern
CUST-10581,TXN-204378,2026-01-14,Services,Kumasi,Education,Unemployed,182535.0,56321.0,113522.0,65343.0,28,45,85.2,0,Repaid,1.8,Low,Normal
CUST-13253,TXN-204379,2025-09-04,Market Trader,Kano,Shop,Salaried,266276.0,145434.0,14180.0,26702.0,38,48,59.2,0,Repaid,2.2,Low,Normal
CUST-13290,TXN-204380,2025-08-08,Services,Lagos,Education,Self-employed,70878.0,165865.0,41323.0,20911.0,27,9,59.1,0,Repaid,21.6,Low,Loan-to-income mismatch
CUST-10403,TXN-204381,2026-05-10,SME,Kano,Shop,Informal,65000.0,101684.0,3774.0,46357.0,21,15,100.0,0,Repaid,8.3,Low,Loan-to-income mismatch
CUST-11236,TXN-204382,2025-10-14,Market Trader,Abuja,Health,Self-employed,137626.0,278694.0,36665.0,110128.0,27,66,62.4,0,Repaid,8.6,Low,Loan-to-income mismatch
CUST-11973,TXN-204383,2026-03-09,Services,Kigali,Education,Informal,91218.0,20777.0,4928.0,25124.0,27,53,89.2,0,Repaid,3.4,Low,Normal
CUST-11341,TXN-204384,2026-03-04,Services,Nairobi,Transport,Informal,147359.0,276936.0,95688.0,73454.0,23,18,77.0,0,Repaid,22.2,Low,Loan-to-income mismatch
CUST-12523,TXN-204385,2026-01-18,SME,Kigali,Transport,Salaried,177438.0,222967.0,105765.0,131633.0,17,35,78.9,0,Repaid,4.0,Low,Normal
CUST-10910,TXN-204386,2026-03-31,Agriculture,Nairobi,Education,Self-employed,239564.0,396954.0,93052.0,22296.0,32,62,67.5,0,Repaid,12.0,Low,Loan-to-income mismatch
CUST-10205,TXN-204387,2025-11-21,Agriculture,Lagos,Transport,Contract,100904.0,98403.0,15866.0,30556.0,24,19,66.6,0,Repaid,3.4,Low,Normal
CUST-11179,TXN-204388,2025-08-17,SME,Accra,Food,Self-employed,192499.0,299977.0,37416.0,14427.0,24,21,99.5,0,Repaid,1.7,Low,Loan-to-income mismatch
CUST-12092,TXN-204389,2025-04-17,Market Trader,Kumasi,Shop,Informal,163741.0,42421.0,49648.0,39533.0,26,84,88.7,0,Repaid,1.5,Low,Normal
CUST-10632,TXN-204390,2025-01-31,Retail,Lagos,Food,Contract,188331.0,52960.0,42064.0,46167.0,33,45,63.0,0,Repaid,1.5,Low,Normal
CUST-12855,TXN-204391,2025-04-05,Services,Kigali,Health,Self-employed,130835.0,255575.0,4374.0,32668.0,36,45,53.2,1,Defaulted,11.4,Low,Loan-to-income mismatch
CUST-10042,TXN-204392,2026-05-19,Retail,Nairobi,Shop,Salaried,290953.0,132766.0,126111.0,34161.0,28,8,61.5,0,Repaid,3.8,Low,Normal
CUST-10236,TXN-204393,2026-03-24,Retail,Kigali,Fintech Agent,Salaried,155831.0,32887.0,63339.0,65283.0,28,9,89.7,0,Repaid,1.0,Low,Normal
CUST-11780,TXN-204394,2025-09-02,Market Trader,Kano,Transport,Salaried,342887.0,756290.0,202206.0,66214.0,26,63,93.2,0,Repaid,10.8,Low,Loan-to-income mismatch
CUST-11792,TXN-204395,2025-05-05,Market Trader,Kano,Health,Self-employed,116779.0,89859.0,37418.0,59917.0,20,30,82.0,0,Repaid,1.6,Low,Normal
CUST-11032,TXN-204396,2025-02-23,Retail,Kumasi,Shop,Self-employed,222345.0,327489.0,52733.0,38511.0,28,28,42.9,0,Repaid,17.3,Low,Normal
CUST-10904,TXN-204397,2025-05-06,Retail,Nairobi,Shop,Salaried,158727.0,324183.0,54325.0,60445.0,18,19,85.6,0,Repaid,6.0,Low,Loan-to-income mismatch
CUST-10244,TXN-204398,2025-05-03,Services,Abuja,Fintech Agent,Self-employed,141825.0,260378.0,20232.0,34679.0,20,72,95.5,0,Repaid,2.5,Low,Loan-to-income mismatch
CUST-12320,TXN-204399,2026-03-13,Market Trader,Kano,Fintech Agent,Salaried,212261.0,60179.0,87895.0,28136.0,34,90,75.1,0,Repaid,1.2,Low,Normal
CUST-11326,TXN-204400,2026-01-09,Services,Kano,Transport,Informal,143537.0,204584.0,72504.0,36467.0,30,26,100.0,0,Repaid,10.9,Low,Normal
CUST-10415,TXN-204401,2025-01-24,Services,Kumasi,Fintech Agent,Informal,65000.0,89881.0,7584.0,25032.0,19,24,48.2,0,Repaid,18.2,Low,Normal
CUST-11399,TXN-204402,2025-01-05,Market Trader,Lagos,Health,Salaried,65000.0,62217.0,14338.0,16747.0,25,75,84.3,0,Repaid,1.6,Low,Normal
CUST-13279,TXN-204403,2026-01-06,Market Trader,Accra,Transport,Salaried,277734.0,514616.0,157396.0,76076.0,27,49,53.6,1,Defaulted,21.7,Low,Loan-to-income mismatch
CUST-10914,TXN-204404,2025-03-11,Retail,Abuja,Health,Informal,272858.0,633056.0,92358.0,65844.0,27,76,91.1,0,Repaid,19.3,Low,Loan-to-income mismatch
CUST-13131,TXN-204405,2025-11-14,Services,Kumasi,Fintech Agent,Salaried,359577.0,182217.0,127670.0,18066.0,33,72,83.0,0,Repaid,1.0,Low,Normal
CUST-10905,TXN-204406,2025-08-19,SME,Nairobi,Transport,Contract,161561.0,81168.0,76760.0,31456.0,24,76,100.0,0,Repaid,1.0,Low,Normal
CUST-10650,TXN-204407,2025-01-20,Agriculture,Kigali,Food,Salaried,94570.0,171277.0,36322.0,40844.0,20,16,81.0,0,Repaid,9.3,Low,Loan-to-income mismatch
CUST-10912,TXN-204408,2025-12-05,Services,Kano,Transport,Self-employed,136458.0,162222.0,8711.0,34482.0,25,52,64.7,0,Repaid,2.8,Low,Normal
CUST-11131,TXN-204409,2025-04-04,Retail,Lagos,Shop,Self-employed,163538.0,318145.0,86102.0,27291.0,24,43,63.2,0,Repaid,21.6,Low,Loan-to-income mismatch
CUST-10422,TXN-204410,2025-04-28,Services,Abuja,Fintech Agent,Self-employed,106622.0,52585.0,64121.0,26718.0,37,83,67.5,0,Repaid,2.4,Low,Normal
CUST-12056,TXN-204411,2025-06-04,Agriculture,Abuja,Education,Contract,325267.0,87329.0,17423.0,21331.0,18,63,62.8,0,Repaid,1.0,Low,Normal
CUST-11167,TXN-204412,2026-04-30,Market Trader,Lagos,Transport,Unemployed,416896.0,720986.0,40183.0,42359.0,21,72,96.2,0,Repaid,9.0,Low,Loan-to-income mismatch
CUST-12513,TXN-204413,2025-04-28,Services,Kumasi,Education,Self-employed,198964.0,475177.0,91970.0,63218.0,21,84,95.0,0,Repaid,12.5,Low,Loan-to-income mismatch
CUST-11718,TXN-204414,2025-05-15,SME,Kumasi,Health,Self-employed,162014.0,63259.0,64938.0,58368.0,22,66,45.1,0,Repaid,5.5,Low,Normal
CUST-11549,TXN-204415,2025-03-29,Market Trader,Kano,Fintech Agent,Contract,94477.0,198291.0,24657.0,30006.0,31,63,72.7,0,Repaid,9.8,Low,Loan-to-income mismatch
CUST-11648,TXN-204416,2026-04-05,Retail,Abuja,Health,Contract,311608.0,322621.0,112094.0,18887.0,20,51,73.1,0,Repaid,3.2,Low,Normal
CUST-10547,TXN-204417,2026-03-17,Agriculture,Accra,Food,Salaried,168055.0,36514.0,77827.0,10797.0,26,9,57.9,0,Repaid,2.1,Low,Normal
CUST-12495,TXN-204418,2026-05-06,Agriculture,Abuja,Fintech Agent,Self-employed,144142.0,189150.0,48694.0,13149.0,28,69,79.9,0,Repaid,3.0,Low,Normal
CUST-10364,TXN-204419,2026-04-23,Retail,Nairobi,Health,Self-employed,199206.0,159177.0,21578.0,49852.0,23,32,98.3,0,Repaid,1.0,Low,Normal
CUST-12525,TXN-204420,2025-09-17,Market Trader,Abuja,Food,Salaried,127262.0,218809.0,9716.0,43561.0,34,13,88.1,0,Repaid,3.4,Low,Loan-to-income mismatch
CUST-13499,TXN-204421,2025-04-01,Retail,Kumasi,Health,Contract,173111.0,141775.0,51324.0,9091.0,14,34,96.2,0,Repaid,1.0,Low,Normal
CUST-12673,TXN-204422,2025-08-05,SME,Kumasi,Fintech Agent,Informal,88802.0,110947.0,53407.0,20465.0,29,34,59.1,1,Defaulted,16.9,Low,Normal
CUST-11401,TXN-201955,2026-01-01,Market Trader,Accra,Shop,Salaried,133847.0,109095.0,47204.0,36306.0,20,3,78.7,1,Defaulted,3.5,Low,Normal
CUST-11100,TXN-204424,2026-02-17,Agriculture,Accra,Education,Self-employed,155772.0,314408.0,38270.0,25958.0,28,28,58.2,0,Repaid,23.6,Low,Loan-to-income mismatch
CUST-13053,TXN-204425,2025-08-12,Retail,Abuja,Health,Contract,264791.0,591664.0,156885.0,145157.0,26,90,76.3,0,Repaid,16.7,Low,Loan-to-income mismatch
CUST-10900,TXN-204426,2025-01-21,Retail,Lagos,Fintech Agent,Salaried,149570.0,160848.0,39612.0,6907.0,31,85,77.9,0,Repaid,1.8,Low,Normal
CUST-11688,TXN-204427,2025-07-14,Retail,Lagos,Food,Salaried,153706.0,180837.0,52377.0,33146.0,25,5,89.3,0,Repaid,2.4,Low,Normal
CUST-12698,TXN-204428,2025-10-15,Services,Lagos,Food,Self-employed,97814.0,230993.0,9135.0,11314.0,27,48,95.6,0,Repaid,7.5,Low,Loan-to-income mismatch
CUST-13228,TXN-204429,2026-05-07,Market Trader,Kigali,Transport,Self-employed,223932.0,110957.0,108509.0,41071.0,42,30,84.4,0,Repaid,1.9,Low,Normal
CUST-13223,TXN-204430,2025-11-08,Retail,Lagos,Food,Informal,112662.0,222523.0,51959.0,26394.0,38,81,56.5,0,Repaid,43.1,Medium,Loan-to-income mismatch
CUST-10307,TXN-204431,2025-01-24,Retail,Accra,Food,Contract,132681.0,190976.0,69044.0,29892.0,30,48,47.7,1,Defaulted,15.8,Low,Normal
CUST-13143,TXN-204432,2025-09-30,Retail,Accra,Health,Self-employed,162826.0,347671.0,36615.0,3485.0,36,61,81.4,1,Defaulted,21.2,Low,Loan-to-income mismatch
CUST-10399,TXN-204433,2026-05-18,Agriculture,Kumasi,Fintech Agent,Salaried,171256.0,142004.0,50471.0,53632.0,26,10,99.0,0,Repaid,1.0,Low,Normal
CUST-12045,TXN-204434,2025-07-24,Market Trader,Lagos,Education,Salaried,79494.0,66574.0,10021.0,113506.0,23,69,71.6,0,Repaid,4.1,Low,Normal
CUST-13253,TXN-204435,2025-06-13,Agriculture,Lagos,Health,Self-employed,147718.0,133437.0,92713.0,32234.0,24,47,44.5,0,Repaid,12.4,Low,Normal
CUST-12291,TXN-204436,2025-01-06,Retail,Nairobi,Health,Self-employed,227293.0,49305.0,16872.0,41673.0,29,84,100.0,0,Repaid,1.0,Low,Normal
CUST-13316,TXN-204437,2025-10-21,Market Trader,Kumasi,Education,Informal,138843.0,77358.0,59547.0,57899.0,32,12,80.8,0,Repaid,2.5,Low,Normal
CUST-11205,TXN-204438,2025-05-25,SME,Kumasi,Health,Salaried,148096.0,353651.0,68763.0,54997.0,26,30,75.1,0,Repaid,27.4,Low,Loan-to-income mismatch
CUST-11101,TXN-204439,2026-04-26,Retail,Lagos,Shop,Contract,174244.0,127663.0,20800.0,39183.0,36,80,51.0,0,Repaid,7.4,Low,Normal
CUST-11141,TXN-204440,2025-05-11,Market Trader,Kumasi,Food,Contract,154368.0,34612.0,38616.0,53304.0,23,24,72.3,0,Repaid,1.2,Low,Normal
CUST-11243,TXN-204441,2025-11-29,Retail,Nairobi,Health,Salaried,105576.0,84288.0,4980.0,7828.0,39,27,84.4,0,Repaid,1.0,Low,Normal
CUST-12389,TXN-204442,2025-11-26,Agriculture,Nairobi,Education,Salaried,,174174.0,59413.0,40534.0,31,30,81.1,0,Repaid,6.4,Low,Normal
CUST-11583,TXN-204443,2026-01-31,SME,Lagos,Health,Salaried,247091.0,344961.0,159821.0,35742.0,20,51,59.8,0,Repaid,8.5,Low,Normal
CUST-12581,TXN-204444,2025-07-19,Market Trader,Accra,Transport,Self-employed,104664.0,34771.0,30439.0,74460.0,21,7,71.0,0,Repaid,2.3,Low,Normal
CUST-11456,TXN-204445,2025-02-19,SME,Lagos,Fintech Agent,Informal,139068.0,269062.0,89519.0,65107.0,19,60,60.9,0,Repaid,52.0,Medium,Loan-to-income mismatch
CUST-11077,TXN-204446,2025-03-30,Retail,Kano,Shop,Self-employed,91100.0,183349.0,9066.0,25853.0,30,78,100.0,0,Repaid,3.4,Low,Loan-to-income mismatch
CUST-10665,TXN-204447,2025-10-22,Agriculture,Kano,Health,Contract,241683.0,157871.0,64589.0,48097.0,23,30,88.1,0,Repaid,1.2,Low,Normal
CUST-11928,TXN-204448,2025-05-31,Agriculture,Lagos,Health,Self-employed,156562.0,305685.0,92096.0,58239.0,43,18,62.6,1,Defaulted,29.7,Low,Loan-to-income mismatch
CUST-13144,TXN-204449,2025-06-10,Retail,Abuja,Shop,Salaried,113882.0,111874.0,65177.0,40144.0,21,35,51.0,0,Repaid,7.8,Low,Normal
CUST-13006,TXN-204450,2025-02-27,Services,Kigali,Transport,Salaried,169186.0,189371.0,37874.0,81779.0,20,62,77.0,0,Repaid,2.5,Low,Normal
CUST-10886,TXN-204451,2025-08-05,Market Trader,Kigali,Fintech Agent,Contract,98173.0,221751.0,43935.0,71399.0,24,49,63.1,0,Repaid,8.8,Low,Loan-to-income mismatch
CUST-11671,TXN-204452,2025-10-21,Market Trader,Accra,Health,Self-employed,105444.0,227762.0,60976.0,39627.0,38,58,64.5,0,Repaid,28.4,Low,Loan-to-income mismatch
CUST-12468,TXN-204453,2025-05-03,SME,Accra,Health,Informal,88145.0,89268.0,44349.0,38690.0,35,77,51.6,0,Repaid,16.7,Low,Normal
CUST-12143,TXN-204454,2026-01-20,Agriculture,Kigali,Fintech Agent,Self-employed,103980.0,131390.0,43249.0,7059.0,31,91,53.8,0,Repaid,12.2,Low,Normal
CUST-10235,TXN-204455,2025-11-14,Retail,Accra,Shop,Salaried,287817.0,234883.0,33422.0,32881.0,32,44,74.9,0,Repaid,1.9,Low,Normal
CUST-12068,TXN-204456,2025-07-13,Retail,Accra,Fintech Agent,Self-employed,119622.0,158411.0,7894.0,26189.0,36,73,67.2,0,Repaid,7.4,Low,Duplicate customer details
CUST-10135,TXN-204457,2025-10-04,Services,Lagos,Health,Self-employed,197959.0,335310.0,80611.0,39038.0,27,48,100.0,0,Repaid,5.6,Low,Loan-to-income mismatch
CUST-10407,TXN-204458,2026-02-16,Services,Lagos,Transport,Contract,114548.0,44184.0,38393.0,31788.0,16,14,82.7,0,Repaid,1.0,Low,Normal
CUST-12288,TXN-204459,2025-03-08,Agriculture,Accra,Transport,Salaried,223911.0,497541.0,38057.0,34899.0,26,58,51.3,1,Defaulted,19.5,Low,Loan-to-income mismatch
CUST-10358,TXN-204460,2025-06-11,Retail,Kano,Food,Salaried,105772.0,187841.0,21625.0,45769.0,30,91,44.4,0,Repaid,21.4,Low,Loan-to-income mismatch
CUST-11186,TXN-204461,2026-01-12,SME,Lagos,Education,Self-employed,165459.0,65322.0,44180.0,107013.0,28,41,79.2,1,Defaulted,2.1,Low,Normal
CUST-12059,TXN-204462,2026-01-07,Market Trader,Nairobi,Transport,Self-employed,166408.0,350980.0,55277.0,24942.0,26,52,64.9,0,Repaid,16.2,Low,Loan-to-income mismatch
CUST-12294,TXN-204463,2025-05-27,Retail,Kumasi,Transport,Salaried,432647.0,792166.0,115025.0,30453.0,21,70,96.0,0,Repaid,4.3,Low,Loan-to-income mismatch
CUST-11560,TXN-204464,2025-11-14,Retail,Lagos,Education,Self-employed,212093.0,185611.0,55991.0,61318.0,38,80,77.1,0,Repaid,2.7,Low,Normal
CUST-10329,TXN-204465,2025-10-30,Services,Kigali,Health,Self-employed,126878.0,169710.0,11788.0,84287.0,22,2,36.3,0,Repaid,9.7,Low,High-risk repayment pattern
CUST-12796,TXN-204466,2025-10-28,Retail,Abuja,Food,Self-employed,217015.0,453451.0,122683.0,52270.0,36,7,53.7,0,Repaid,22.3,Low,Loan-to-income mismatch
CUST-13324,TXN-204467,2026-03-25,Retail,Kano,Transport,Salaried,399526.0,930591.0,161315.0,144145.0,18,47,59.8,0,Repaid,22.7,Low,Loan-to-income mismatch
CUST-13110,TXN-204468,2025-05-03,Retail,Abuja,Shop,Informal,82088.0,65998.0,9197.0,38818.0,29,12,80.0,0,Repaid,6.0,Low,Normal
CUST-12619,TXN-204469,2025-07-25,SME,Nairobi,Fintech Agent,Salaried,114252.0,185573.0,32795.0,75388.0,30,88,53.1,1,Defaulted,22.4,Low,Loan-to-income mismatch
CUST-11407,TXN-204470,2025-08-11,Agriculture,Kigali,Food,Salaried,147341.0,307906.0,41628.0,25197.0,29,68,74.8,0,Repaid,7.9,Low,Loan-to-income mismatch
CUST-13066,TXN-204471,2025-11-27,Retail,Kigali,Shop,Salaried,136601.0,324254.0,54421.0,166894.0,25,59,47.9,1,Defaulted,39.7,Medium,Loan-to-income mismatch
CUST-11708,TXN-204472,2025-12-26,Agriculture,Lagos,Food,Salaried,141526.0,47694.0,57118.0,59222.0,17,56,72.1,0,Repaid,1.8,Low,Normal
CUST-10477,TXN-204473,2026-03-21,Retail,Kigali,Shop,Self-employed,94110.0,122159.0,40137.0,49824.0,37,47,78.7,0,Repaid,3.6,Low,Normal
CUST-12976,TXN-204474,2025-03-19,Market Trader,Lagos,Transport,Salaried,293508.0,622101.0,134919.0,148514.0,31,6,98.3,0,Repaid,4.4,Low,Loan-to-income mismatch
CUST-11120,TXN-204475,2025-11-18,Retail,Nairobi,Shop,Salaried,89546.0,16746.0,7622.0,27410.0,21,74,76.4,0,Repaid,1.0,Low,Normal
CUST-13285,TXN-204476,2025-03-29,Market Trader,Kumasi,Fintech Agent,Salaried,149628.0,172171.0,31736.0,5232.0,23,46,57.3,0,Repaid,4.9,Low,Normal
CUST-11289,TXN-204477,2026-05-23,Services,Kigali,Food,Salaried,252521.0,372954.0,7810.0,18003.0,32,38,98.9,0,Repaid,2.1,Low,Normal
CUST-13042,TXN-204478,2025-01-03,Agriculture,Accra,Transport,Self-employed,160704.0,216759.0,49244.0,21911.0,34,43,68.7,0,Repaid,4.0,Low,Normal
CUST-11880,TXN-204479,2025-02-11,Retail,Kano,Education,Salaried,107867.0,194889.0,31340.0,52035.0,30,45,85.9,0,Repaid,3.7,Low,Loan-to-income mismatch
CUST-11635,TXN-204480,2026-04-08,Services,Kumasi,Fintech Agent,Salaried,92370.0,30063.0,44580.0,57002.0,30,90,61.0,0,Repaid,3.9,Low,Normal
CUST-11039,TXN-204481,2025-07-07,SME,Kumasi,Food,Informal,147768.0,284250.0,18513.0,18034.0,32,20,73.6,0,Repaid,19.5,Low,Loan-to-income mismatch
CUST-12924,TXN-204482,2025-06-30,Market Trader,Abuja,Transport,Self-employed,118426.0,95764.0,49483.0,48338.0,21,18,57.6,0,Repaid,5.2,Low,Normal
CUST-10212,TXN-204483,2025-12-29,Services,Kumasi,Food,Salaried,177406.0,356549.0,37826.0,6258.0,20,13,77.8,0,Repaid,7.0,Low,Loan-to-income mismatch
CUST-11641,TXN-204484,2025-03-11,Agriculture,Kumasi,Education,Self-employed,90345.0,100397.0,23545.0,15587.0,35,60,86.5,0,Repaid,3.0,Low,Normal
CUST-11291,TXN-204485,2025-09-09,Agriculture,Abuja,Fintech Agent,Salaried,228999.0,63039.0,108351.0,63045.0,23,4,63.1,0,Repaid,2.1,Low,Normal
CUST-11901,TXN-204486,2025-06-17,Retail,Kumasi,Shop,Salaried,170848.0,396349.0,11118.0,98652.0,26,76,62.1,0,Repaid,21.3,Low,Loan-to-income mismatch
CUST-10890,TXN-204487,2025-05-14,Retail,Kano,Education,Salaried,176263.0,337159.0,41590.0,74872.0,20,70,78.4,0,Repaid,6.4,Low,Loan-to-income mismatch
CUST-12326,TXN-204488,2025-04-13,Services,Accra,Shop,Salaried,298120.0,283855.0,79459.0,27693.0,18,68,57.1,0,Repaid,3.4,Low,Normal
CUST-11350,TXN-204489,2025-06-22,SME,Kano,Education,Salaried,135419.0,105554.0,63772.0,32548.0,18,46,44.7,0,Repaid,5.9,Low,Normal
CUST-10658,TXN-204490,2025-09-15,Agriculture,Kumasi,Shop,Salaried,119989.0,178484.0,17460.0,69459.0,20,40,78.4,0,Repaid,4.9,Low,Normal
CUST-10689,TXN-204491,2026-01-09,Agriculture,Lagos,Food,Self-employed,129306.0,306687.0,79765.0,17894.0,17,90,70.1,0,Repaid,16.6,Low,Loan-to-income mismatch
CUST-12437,TXN-204492,2025-04-11,Services,Abuja,Food,Salaried,150112.0,123718.0,97361.0,48655.0,33,80,69.7,0,Repaid,8.0,Low,Normal
CUST-10916,TXN-204493,2026-02-10,Market Trader,Accra,Fintech Agent,Salaried,156654.0,357980.0,83953.0,23983.0,36,18,81.4,0,Repaid,8.7,Low,Loan-to-income mismatch
CUST-11075,TXN-204494,2025-04-05,Market Trader,Kumasi,Transport,Informal,114818.0,104882.0,23976.0,45858.0,32,26,83.9,0,Repaid,4.4,Low,Normal
CUST-12194,TXN-204495,2025-11-24,Retail,Nairobi,Transport,Self-employed,69585.0,121293.0,30495.0,12492.0,21,24,69.1,0,Repaid,15.1,Low,Loan-to-income mismatch
CUST-11154,TXN-204496,2025-07-15,Retail,Abuja,Education,Contract,128593.0,132123.0,9308.0,103356.0,31,46,51.8,0,Repaid,6.0,Low,Normal
CUST-11358,TXN-204497,2026-04-04,Market Trader,Kumasi,Shop,Self-employed,189307.0,69819.0,107698.0,12053.0,39,62,60.5,0,Repaid,2.7,Low,Normal
CUST-10855,TXN-204498,2025-12-24,Market Trader,Kigali,Shop,Self-employed,172341.0,389205.0,59471.0,16911.0,28,22,82.5,0,Repaid,15.9,Low,Loan-to-income mismatch
CUST-11208,TXN-204499,2025-09-27,Retail,Kumasi,Food,Contract,269362.0,146511.0,35329.0,45549.0,36,7,74.5,0,Repaid,1.1,Low,Normal
CUST-12424,TXN-204500,2025-02-02,SME,Lagos,Transport,Salaried,370017.0,842608.0,83725.0,129199.0,29,38,62.1,1,Defaulted,16.8,Low,Loan-to-income mismatch
CUST-11868,TXN-204501,2026-03-02,Market Trader,Kumasi,Health,Informal,223892.0,91648.0,117424.0,14791.0,24,49,57.9,0,Repaid,4.6,Low,Normal
CUST-13491,TXN-204502,2026-05-27,Market Trader,Kano,Shop,Contract,290878.0,224739.0,165289.0,28014.0,20,65,83.1,0,Repaid,3.2,Low,Normal
CUST-12701,TXN-204503,2025-02-25,Market Trader,Lagos,Shop,Salaried,224593.0,499596.0,78028.0,34075.0,31,13,68.0,0,Repaid,19.4,Low,Loan-to-income mismatch
CUST-10058,TXN-204504,2025-10-06,Market Trader,Kano,Transport,Salaried,333753.0,548009.0,107667.0,64784.0,37,66,85.5,0,Repaid,5.8,Low,Loan-to-income mismatch
CUST-11326,TXN-204505,2026-05-24,SME,Lagos,Fintech Agent,Salaried,354108.0,212696.0,174562.0,21136.0,19,17,87.8,0,Repaid,1.5,Low,Normal
CUST-11014,TXN-204506,2025-11-13,Market Trader,Lagos,Education,Self-employed,242678.0,362669.0,131167.0,52437.0,17,29,66.4,0,Repaid,9.5,Low,Normal
CUST-12056,TXN-204507,2026-03-28,Market Trader,Abuja,Transport,Contract,218968.0,127104.0,109890.0,74283.0,18,50,89.1,0,Repaid,1.4,Low,Normal
CUST-10929,TXN-204508,2026-02-18,Market Trader,Abuja,Education,Self-employed,149313.0,316732.0,39148.0,41556.0,35,11,74.5,0,Repaid,12.3,Low,Loan-to-income mismatch
CUST-13381,TXN-204509,2026-04-07,Retail,Kigali,Education,Salaried,159953.0,46485.0,67886.0,10503.0,31,55,76.8,0,Repaid,1.4,Low,Normal
CUST-11047,TXN-204510,2025-06-03,Agriculture,Abuja,Food,Self-employed,141225.0,191516.0,79105.0,55201.0,30,5,32.6,0,Repaid,16.6,Low,High-risk repayment pattern
CUST-11826,TXN-204511,2026-03-31,Services,Nairobi,Transport,Contract,211277.0,67801.0,24426.0,77759.0,32,21,54.5,0,Repaid,1.0,Low,Normal
CUST-10430,TXN-204512,2025-03-26,Retail,Abuja,Food,Self-employed,120265.0,207211.0,31813.0,32327.0,31,55,55.5,1,Defaulted,24.6,Low,Loan-to-income mismatch
CUST-13184,TXN-204513,2026-03-11,Market Trader,Kumasi,Fintech Agent,Self-employed,150202.0,339076.0,8362.0,11082.0,16,27,66.3,1,Defaulted,11.0,Low,Loan-to-income mismatch
CUST-13191,TXN-204514,2025-10-19,Agriculture,Kano,Health,Self-employed,65000.0,131623.0,18044.0,42339.0,35,42,74.1,1,Defaulted,9.6,Low,Loan-to-income mismatch
CUST-12777,TXN-204515,2025-02-13,SME,Kano,Food,Contract,335608.0,337365.0,169998.0,53636.0,25,28,74.8,0,Repaid,5.7,Low,Normal
CUST-11230,TXN-204516,2025-12-25,Market Trader,Accra,Fintech Agent,Self-employed,148361.0,104732.0,21383.0,14067.0,16,49,77.1,0,Repaid,1.9,Low,Normal
CUST-10205,TXN-204517,2026-04-15,SME,Kigali,Transport,Self-employed,197076.0,88424.0,71221.0,87056.0,40,15,59.7,0,Repaid,1.6,Low,Normal
CUST-12488,TXN-204518,2026-03-29,Services,Kumasi,Transport,Self-employed,300220.0,636300.0,12924.0,43195.0,24,16,84.4,0,Repaid,4.3,Low,Loan-to-income mismatch
CUST-11501,TXN-204519,2025-03-29,Retail,Lagos,Shop,Informal,184633.0,66479.0,108106.0,38051.0,18,92,100.0,0,Repaid,2.8,Low,Normal
CUST-13466,TXN-204520,2026-03-13,SME,Kigali,Shop,Contract,298530.0,470484.0,160192.0,48347.0,30,33,65.6,0,Repaid,12.6,Low,Loan-to-income mismatch
CUST-12444,TXN-204521,2026-03-24,Agriculture,Lagos,Transport,Self-employed,96613.0,96162.0,33851.0,42614.0,28,67,60.1,0,Repaid,4.4,Low,Normal
CUST-11885,TXN-204522,2026-05-14,Retail,Accra,Shop,Informal,445476.0,1064967.0,206989.0,18112.0,19,2,59.7,1,Defaulted,48.0,Medium,Loan-to-income mismatch
CUST-13453,TXN-204523,2025-10-16,Services,Kumasi,Food,Informal,256937.0,336482.0,21960.0,64578.0,35,12,73.5,0,Repaid,9.3,Low,Normal
CUST-12801,TXN-204524,2026-04-15,Services,Accra,Shop,Salaried,177702.0,248484.0,98177.0,74600.0,25,76,62.5,1,Defaulted,10.3,Low,Normal
CUST-11604,TXN-204525,2025-05-26,Agriculture,Accra,Shop,Contract,296124.0,656718.0,139360.0,30241.0,18,35,40.9,0,Repaid,40.0,Medium,Loan-to-income mismatch
CUST-10065,TXN-204526,2025-09-25,Market Trader,Kumasi,Education,Unemployed,99625.0,232385.0,9522.0,26409.0,15,30,45.8,0,Repaid,45.4,Medium,Loan-to-income mismatch
CUST-10324,TXN-204527,2025-06-12,SME,Kigali,Education,Salaried,144175.0,212755.0,91960.0,29613.0,24,18,90.4,0,Repaid,5.8,Low,Normal
CUST-11553,TXN-204528,2025-07-05,SME,Abuja,Health,Self-employed,298518.0,581371.0,10208.0,18967.0,20,27,95.1,0,Repaid,4.6,Low,Loan-to-income mismatch
CUST-11967,TXN-204529,2025-05-20,Retail,Nairobi,Food,Self-employed,74298.0,118073.0,30905.0,28357.0,22,24,100.0,0,Repaid,4.1,Low,Loan-to-income mismatch
CUST-10105,TXN-204530,2025-12-05,Market Trader,Lagos,Fintech Agent,Self-employed,205951.0,232483.0,26404.0,36454.0,28,76,76.1,0,Repaid,3.8,Low,Normal
CUST-10442,TXN-204531,2026-01-10,Retail,Kigali,Food,Unemployed,203519.0,62529.0,96291.0,64645.0,28,90,54.2,0,Repaid,10.1,Low,Normal
CUST-12465,TXN-204532,2026-02-25,Market Trader,Kano,Transport,Salaried,372158.0,659982.0,23951.0,13281.0,35,5,64.1,0,Repaid,7.4,Low,Loan-to-income mismatch
CUST-12630,TXN-204533,2026-01-15,Agriculture,Nairobi,Shop,Contract,83714.0,145209.0,5952.0,31210.0,35,14,45.2,1,Defaulted,14.4,Low,Loan-to-income mismatch
CUST-10104,TXN-204534,2025-03-08,Services,Abuja,Food,Contract,319990.0,140501.0,100401.0,32654.0,28,60,44.5,0,Repaid,3.2,Low,Normal
CUST-11776,TXN-204535,2025-08-09,Market Trader,Kigali,Food,Contract,128672.0,88881.0,83151.0,47448.0,13,84,76.6,0,Repaid,3.0,Low,Normal
CUST-10283,TXN-204536,2025-11-17,SME,Accra,Education,Self-employed,134896.0,243531.0,26198.0,35934.0,28,31,81.7,0,Repaid,4.3,Low,Loan-to-income mismatch
CUST-12532,TXN-204537,2025-08-09,SME,Kumasi,Fintech Agent,Self-employed,97417.0,49913.0,39541.0,131204.0,35,81,100.0,0,Repaid,1.0,Low,Normal
CUST-12919,TXN-204538,2025-03-29,Market Trader,Abuja,Shop,Salaried,103064.0,176639.0,35734.0,62901.0,29,2,70.5,0,Repaid,13.0,Low,Loan-to-income mismatch
CUST-13042,TXN-204539,2025-04-21,SME,Accra,Food,Salaried,192814.0,342035.0,106151.0,62499.0,41,71,47.6,1,Defaulted,21.9,Low,Loan-to-income mismatch
CUST-12093,TXN-204540,2025-10-04,Retail,Nairobi,Shop,Salaried,102009.0,98380.0,20587.0,88817.0,35,90,69.8,0,Repaid,2.6,Low,Normal
CUST-12201,TXN-204541,2025-07-25,Retail,Kumasi,Health,Salaried,222108.0,167284.0,82094.0,57488.0,31,48,66.9,0,Repaid,3.8,Low,Normal
CUST-13243,TXN-204542,2025-12-30,Market Trader,Abuja,Education,Self-employed,123199.0,124203.0,76247.0,70212.0,24,56,63.2,0,Repaid,9.0,Low,Normal
CUST-12143,TXN-204543,2025-12-08,Services,Kigali,Shop,Informal,97785.0,95577.0,22444.0,59273.0,30,26,78.2,0,Repaid,4.7,Low,Normal
CUST-11561,TXN-204544,2025-05-10,Services,Abuja,Health,Salaried,130395.0,199189.0,38705.0,45012.0,23,75,50.1,1,Defaulted,13.1,Low,Normal
CUST-12640,TXN-204545,2025-11-19,SME,Lagos,Shop,Self-employed,187478.0,343337.0,108728.0,74349.0,20,80,74.4,0,Repaid,12.1,Low,Loan-to-income mismatch
CUST-12067,TXN-204546,2025-10-26,SME,Kumasi,Health,Salaried,144858.0,303201.0,33241.0,63981.0,29,80,83.7,0,Repaid,7.1,Low,Loan-to-income mismatch
CUST-12948,TXN-204547,2025-03-08,SME,Accra,Fintech Agent,Self-employed,165110.0,40713.0,42900.0,205328.0,30,80,97.6,0,Repaid,1.0,Low,Unusually high amount
CUST-11836,TXN-204548,2026-03-06,Market Trader,Accra,Education,Salaried,218034.0,390923.0,46135.0,65227.0,24,9,77.6,0,Repaid,3.6,Low,Loan-to-income mismatch
CUST-13041,TXN-204549,2026-01-13,Market Trader,Kano,Education,Salaried,256432.0,225017.0,135910.0,37430.0,29,51,90.8,0,Repaid,2.2,Low,Normal
CUST-10157,TXN-204550,2026-04-02,Retail,Lagos,Shop,Informal,142880.0,291730.0,86606.0,92809.0,33,49,64.0,0,Repaid,54.5,Medium,Loan-to-income mismatch
CUST-10127,TXN-204551,2026-05-26,Retail,Kumasi,Education,Self-employed,104970.0,36539.0,43835.0,25802.0,21,6,66.5,0,Repaid,2.6,Low,Normal
CUST-10346,TXN-204552,2025-05-27,Services,Abuja,Shop,Salaried,168040.0,235862.0,69382.0,41043.0,21,77,96.3,0,Repaid,2.7,Low,Normal
CUST-11946,TXN-204553,2026-02-23,Agriculture,Kumasi,Food,Salaried,198327.0,277272.0,52696.0,22514.0,22,20,47.3,0,Repaid,7.6,Low,Normal
CUST-12481,TXN-204554,2026-05-10,SME,Kigali,Education,Informal,88124.0,79739.0,2456.0,57238.0,28,41,64.7,0,Repaid,6.4,Low,Normal
CUST-10756,TXN-204555,2025-01-05,Agriculture,Kano,Health,Self-employed,111965.0,261335.0,14509.0,27352.0,35,7,92.3,0,Repaid,7.9,Low,Loan-to-income mismatch
CUST-10545,TXN-204556,2025-11-28,SME,Accra,Health,Informal,120324.0,50220.0,13583.0,59719.0,40,76,68.2,0,Repaid,4.1,Low,Normal
CUST-13011,TXN-204557,2026-03-01,SME,Kumasi,Fintech Agent,Self-employed,149151.0,72010.0,13872.0,35736.0,14,18,66.9,0,Repaid,1.1,Low,Normal
CUST-12626,TXN-204558,2025-03-05,Agriculture,Kumasi,Health,Self-employed,118227.0,190376.0,51080.0,41775.0,24,50,67.2,0,Repaid,10.1,Low,Loan-to-income mismatch
CUST-12269,TXN-204559,2025-01-16,Retail,Accra,Shop,Self-employed,219028.0,289499.0,23195.0,14439.0,27,49,74.1,0,Repaid,2.8,Low,Normal
CUST-11709,TXN-204560,2025-06-09,Retail,Accra,Health,Contract,82938.0,63623.0,6133.0,34070.0,31,11,91.5,0,Repaid,1.0,Low,Normal
CUST-11470,TXN-204561,2025-03-11,SME,Abuja,Transport,Informal,83828.0,71713.0,21881.0,38668.0,28,82,88.6,0,Repaid,5.4,Low,Normal
CUST-10071,TXN-204562,2025-04-09,Retail,Kumasi,Fintech Agent,Salaried,141459.0,74774.0,25022.0,3362.0,19,2,72.2,0,Repaid,1.5,Low,Normal
CUST-10658,TXN-204563,2025-05-06,SME,Kumasi,Fintech Agent,Self-employed,151180.0,318451.0,16916.0,108992.0,19,63,91.7,0,Repaid,4.3,Low,Loan-to-income mismatch
CUST-13139,TXN-204564,2025-05-07,Agriculture,Kano,Transport,Salaried,88349.0,127605.0,9900.0,96065.0,21,18,78.2,0,Repaid,2.7,Low,Normal
CUST-11186,TXN-204565,2025-09-11,Agriculture,Lagos,Shop,Informal,126142.0,91268.0,22883.0,47290.0,23,58,87.5,0,Repaid,2.4,Low,Normal
CUST-12465,TXN-204566,2026-04-26,Market Trader,Lagos,Fintech Agent,Contract,137525.0,144868.0,49264.0,34480.0,16,23,53.5,1,Defaulted,5.8,Low,Normal
CUST-12463,TXN-204567,2026-03-12,Retail,Nairobi,Food,Salaried,137973.0,302553.0,68655.0,28003.0,22,72,100.0,1,Defaulted,9.0,Low,Loan-to-income mismatch
CUST-11082,TXN-204568,2025-02-26,Services,Lagos,Fintech Agent,Self-employed,173475.0,372761.0,96669.0,40756.0,29,55,76.0,1,Defaulted,14.2,Low,Loan-to-income mismatch
CUST-10715,TXN-204569,2026-02-25,Services,Kigali,Shop,Self-employed,123271.0,41101.0,60821.0,54972.0,20,62,22.5,0,Repaid,14.2,Low,High-risk repayment pattern
CUST-12420,TXN-204570,2026-01-24,Market Trader,Lagos,Transport,Informal,302759.0,494134.0,125879.0,65938.0,25,94,100.0,0,Repaid,5.1,Low,Loan-to-income mismatch
CUST-10327,TXN-204571,2025-07-12,Services,Lagos,Food,Self-employed,199795.0,103813.0,118239.0,55665.0,19,43,72.1,0,Repaid,4.1,Low,Normal
CUST-11731,TXN-204572,2025-07-31,Services,Abuja,Shop,Salaried,115961.0,75161.0,40289.0,21616.0,36,73,64.9,0,Repaid,2.8,Low,Normal
CUST-13108,TXN-204573,2025-09-02,Market Trader,Abuja,Food,Contract,169345.0,355377.0,70958.0,25848.0,25,78,61.1,0,Repaid,17.3,Low,Loan-to-income mismatch
CUST-12489,TXN-204574,2026-04-07,Market Trader,Kano,Fintech Agent,Salaried,171457.0,371603.0,47892.0,15676.0,20,32,79.9,0,Repaid,9.2,Low,Loan-to-income mismatch
CUST-12674,TXN-204575,2025-03-29,Services,Lagos,Transport,Self-employed,271084.0,98560.0,61333.0,19693.0,26,31,56.0,0,Repaid,5.7,Low,Normal
CUST-10291,TXN-204576,2025-09-16,Agriculture,Lagos,Food,Self-employed,126480.0,268151.0,28961.0,54508.0,29,68,61.6,0,Repaid,13.6,Low,Loan-to-income mismatch
CUST-10699,TXN-204577,2026-05-07,SME,Nairobi,Shop,Contract,224646.0,403746.0,25484.0,54851.0,16,89,62.0,1,Defaulted,19.5,Low,Loan-to-income mismatch
CUST-10962,TXN-204578,2025-12-12,Services,Kigali,Education,Self-employed,165641.0,315062.0,86441.0,55966.0,32,3,66.7,0,Repaid,18.5,Low,Loan-to-income mismatch
CUST-11023,TXN-204579,2025-05-21,Services,Lagos,Food,Salaried,304510.0,590089.0,16712.0,61982.0,24,12,62.7,0,Repaid,7.3,Low,Loan-to-income mismatch
CUST-10679,TXN-204580,2026-03-02,Retail,Kumasi,Education,Informal,279896.0,365560.0,124568.0,44571.0,20,17,87.4,0,Repaid,5.9,Low,Normal
CUST-13402,TXN-204581,2025-04-16,Market Trader,Accra,Education,Informal,176792.0,403463.0,99819.0,57834.0,35,61,76.9,0,Repaid,34.9,Low,Loan-to-income mismatch
CUST-10577,TXN-204582,2025-05-04,Services,Kumasi,Education,Self-employed,145778.0,91082.0,48599.0,29676.0,31,41,79.1,0,Repaid,1.8,Low,Normal
CUST-12478,TXN-204583,2026-05-25,Retail,Kano,Health,Self-employed,201345.0,261954.0,12932.0,45396.0,32,49,83.0,0,Repaid,2.3,Low,Normal
CUST-12053,TXN-204584,2026-02-02,Retail,Abuja,Fintech Agent,Self-employed,150876.0,133855.0,43739.0,14038.0,42,31,70.3,0,Repaid,2.5,Low,Normal
CUST-12136,TXN-204585,2025-04-20,Services,Nairobi,Health,Self-employed,329631.0,661173.0,77870.0,28445.0,31,42,53.6,0,Repaid,28.2,Low,Loan-to-income mismatch
CUST-10751,TXN-204586,2026-02-07,Agriculture,Kumasi,Fintech Agent,Salaried,168208.0,61160.0,107803.0,20085.0,33,74,100.0,0,Repaid,1.0,Low,Normal
CUST-11076,TXN-204587,2025-04-04,Retail,Kumasi,Shop,Self-employed,137260.0,156856.0,62522.0,11492.0,34,42,88.7,0,Repaid,3.2,Low,Normal
CUST-12122,TXN-204588,2025-06-06,Retail,Abuja,Shop,Salaried,134183.0,254561.0,63664.0,50981.0,25,38,100.0,0,Repaid,4.8,Low,Loan-to-income mismatch
CUST-11046,TXN-204589,2026-05-23,Agriculture,Accra,Food,Contract,97785.0,85405.0,33733.0,31644.0,34,5,90.6,0,Repaid,1.6,Low,Normal
CUST-12429,TXN-204590,2025-07-07,Retail,Kigali,Shop,Informal,205614.0,146779.0,96008.0,30894.0,18,37,63.7,0,Repaid,18.6,Low,Normal
CUST-10138,TXN-204591,2025-02-09,Retail,Accra,Fintech Agent,Salaried,115335.0,87984.0,54809.0,31980.0,34,72,29.7,0,Repaid,14.6,Low,High-risk repayment pattern
CUST-10254,TXN-204592,2026-05-30,Services,Kigali,Fintech Agent,Contract,258131.0,455387.0,15954.0,13092.0,15,14,49.9,0,Repaid,29.4,Low,Loan-to-income mismatch
CUST-12549,TXN-204593,2025-01-18,Agriculture,Nairobi,Education,Salaried,94558.0,77222.0,15152.0,50996.0,35,35,83.5,0,Repaid,2.1,Low,Normal
CUST-12158,TXN-204594,2026-05-21,Market Trader,Kano,Food,Salaried,171689.0,184387.0,4836.0,50902.0,29,28,70.2,0,Repaid,2.3,Low,Normal
CUST-10151,TXN-204595,2025-08-24,SME,Accra,Fintech Agent,Salaried,263839.0,367101.0,90016.0,34568.0,23,46,64.4,0,Repaid,11.1,Low,Normal
CUST-13146,TXN-204596,2025-05-22,Market Trader,Kano,Education,Self-employed,65911.0,149518.0,37685.0,15019.0,20,79,27.1,0,Repaid,51.5,Medium,Loan-to-income mismatch
CUST-10017,TXN-204597,2025-06-03,Retail,Kano,Fintech Agent,Contract,379903.0,738323.0,153488.0,51372.0,22,81,71.8,0,Repaid,18.5,Low,Loan-to-income mismatch
CUST-13344,TXN-204598,2025-03-07,Services,Abuja,Health,Salaried,136132.0,80498.0,45622.0,83874.0,19,38,52.5,0,Repaid,3.2,Low,Normal
CUST-12553,TXN-204599,2026-03-25,SME,Lagos,Food,Informal,172691.0,369636.0,104195.0,57458.0,22,56,59.0,0,Repaid,30.8,Low,Loan-to-income mismatch
CUST-13458,TXN-204600,2026-05-15,SME,Nairobi,Education,Self-employed,206904.0,425267.0,26587.0,88852.0,31,78,87.3,0,Repaid,6.2,Low,Loan-to-income mismatch
CUST-13321,TXN-204601,2026-01-15,Market Trader,Abuja,Shop,Salaried,220792.0,405020.0,14793.0,25455.0,39,82,53.5,0,Repaid,20.6,Low,Loan-to-income mismatch
CUST-11095,TXN-204602,2025-04-26,Market Trader,Kigali,Shop,Self-employed,182596.0,242402.0,109175.0,39917.0,36,58,55.2,1,Defaulted,9.2,Low,Normal
CUST-12647,TXN-204603,2025-10-06,Market Trader,Kano,Shop,Self-employed,247435.0,82888.0,145678.0,5955.0,40,14,75.3,0,Repaid,2.2,Low,Normal
CUST-10738,TXN-204604,2025-12-30,Market Trader,Kumasi,Fintech Agent,Self-employed,202402.0,356135.0,91136.0,23927.0,18,37,87.7,0,Repaid,4.5,Low,Loan-to-income mismatch
CUST-11650,TXN-204605,2025-01-06,SME,Kumasi,Shop,Self-employed,340977.0,453745.0,59660.0,23679.0,19,28,64.8,0,Repaid,7.9,Low,Normal
CUST-10840,TXN-204606,2025-11-23,Agriculture,Abuja,Transport,Salaried,202679.0,175865.0,127881.0,107520.0,15,65,98.4,0,Repaid,1.4,Low,Normal
CUST-11701,TXN-204607,2025-05-18,Agriculture,Kumasi,Health,Contract,371442.0,75054.0,186526.0,34150.0,29,23,49.0,0,Repaid,3.8,Low,Normal
CUST-13053,TXN-204608,2026-01-14,Retail,Accra,Transport,Salaried,237626.0,164658.0,105637.0,164090.0,20,5,45.8,0,Repaid,5.8,Low,Unusually high amount
CUST-11526,TXN-204609,2026-04-05,SME,Kigali,Shop,Unemployed,76236.0,116232.0,12231.0,54613.0,34,85,44.3,0,Repaid,22.9,Low,Normal
CUST-10323,TXN-204610,2025-07-02,Market Trader,Kano,Health,Self-employed,487314.0,209214.0,167269.0,43625.0,26,12,42.3,0,Repaid,2.4,Low,Normal
CUST-11136,TXN-204611,2025-05-09,SME,Abuja,Fintech Agent,Salaried,127871.0,209073.0,68823.0,50637.0,34,75,78.1,0,Repaid,4.7,Low,Loan-to-income mismatch
CUST-12752,TXN-204612,2025-07-28,Services,Lagos,Shop,Informal,305019.0,609938.0,171410.0,26381.0,29,91,54.4,0,Repaid,40.9,Medium,Loan-to-income mismatch
CUST-11825,TXN-204613,2025-01-15,Agriculture,Accra,Education,Salaried,164597.0,145892.0,61510.0,42681.0,37,80,46.6,0,Repaid,8.6,Low,Normal
CUST-11960,TXN-204614,2025-05-12,Market Trader,Accra,Education,Salaried,254144.0,92002.0,88788.0,53574.0,18,47,78.8,0,Repaid,2.6,Low,Normal
CUST-11509,TXN-204615,2025-04-30,Agriculture,Nairobi,Fintech Agent,Contract,121886.0,59740.0,56012.0,17947.0,21,55,86.8,0,Repaid,1.1,Low,Normal
CUST-11024,TXN-204616,2025-01-13,Retail,Abuja,Fintech Agent,Salaried,211676.0,206291.0,74679.0,30288.0,23,69,90.9,0,Repaid,1.4,Low,Normal
CUST-12093,TXN-204617,2026-01-26,Retail,Kano,Education,Self-employed,146336.0,290598.0,41433.0,13535.0,19,22,87.8,0,Repaid,3.9,Low,Loan-to-income mismatch
CUST-12215,TXN-204618,2025-08-29,Retail,Abuja,Fintech Agent,Self-employed,315900.0,501680.0,23318.0,9599.0,29,41,55.5,0,Repaid,12.4,Low,Loan-to-income mismatch
CUST-13143,TXN-204619,2026-03-20,Market Trader,Accra,Transport,Contract,195681.0,412243.0,19453.0,53539.0,30,37,77.0,0,Repaid,10.5,Low,Loan-to-income mismatch
CUST-12162,TXN-204620,2025-05-30,Market Trader,Abuja,Education,Self-employed,241131.0,575731.0,120318.0,49979.0,30,27,80.9,1,Defaulted,17.5,Low,Loan-to-income mismatch
CUST-13482,TXN-204621,2025-05-28,Market Trader,Kano,Transport,Contract,65584.0,41298.0,2331.0,29792.0,13,53,63.5,0,Repaid,2.5,Low,Normal
CUST-12893,TXN-204622,2025-08-11,SME,Kigali,Shop,Unemployed,157009.0,270449.0,8314.0,80603.0,22,41,75.0,0,Repaid,11.8,Low,Loan-to-income mismatch
CUST-10275,TXN-204623,2025-04-30,Retail,Kano,Health,Contract,193384.0,235091.0,114082.0,64243.0,37,3,49.5,0,Repaid,18.6,Low,Normal
CUST-11372,TXN-204624,2026-01-28,SME,Kigali,Education,Salaried,178781.0,228039.0,82868.0,108427.0,27,10,60.7,0,Repaid,6.1,Low,Normal
CUST-11346,TXN-204625,2026-03-09,Retail,Lagos,Shop,Contract,243698.0,220008.0,5521.0,7218.0,38,62,78.7,0,Repaid,1.5,Low,Normal
CUST-10010,TXN-204626,2025-12-16,Market Trader,Accra,Health,Informal,139570.0,131248.0,30229.0,34859.0,18,53,99.1,0,Repaid,2.0,Low,Normal
CUST-10632,TXN-204627,2025-04-12,Market Trader,Lagos,Fintech Agent,Self-employed,166124.0,279312.0,83210.0,14820.0,34,82,92.7,1,Defaulted,4.5,Low,Loan-to-income mismatch
CUST-12667,TXN-204628,2026-02-05,Retail,Accra,Food,Self-employed,267297.0,416498.0,75669.0,23093.0,35,8,83.9,1,Defaulted,3.3,Low,Loan-to-income mismatch
CUST-11232,TXN-204629,2025-07-07,Market Trader,Kano,Shop,Self-employed,65000.0,57660.0,20497.0,18598.0,23,32,73.4,0,Repaid,2.3,Low,Normal
CUST-10517,TXN-204630,2026-05-23,Agriculture,Abuja,Transport,Salaried,208465.0,92402.0,64425.0,41539.0,27,38,70.6,0,Repaid,1.2,Low,Normal
CUST-11006,TXN-204631,2025-07-16,Retail,Kigali,Education,Contract,141459.0,207053.0,20843.0,26949.0,37,65,45.9,0,Repaid,8.4,Low,Normal
CUST-10961,TXN-204632,2025-11-07,Agriculture,Kumasi,Shop,Self-employed,110949.0,202089.0,52643.0,6124.0,36,43,57.0,0,Repaid,9.7,Low,Loan-to-income mismatch
CUST-10610,TXN-204633,2025-07-24,Retail,Abuja,Food,Salaried,187465.0,266227.0,15915.0,53860.0,21,47,57.5,0,Repaid,8.2,Low,Normal
CUST-10354,TXN-204634,2026-03-30,Agriculture,Kumasi,Transport,Self-employed,272537.0,51265.0,92545.0,14551.0,18,88,82.3,0,Repaid,1.0,Low,Normal
CUST-12674,TXN-204635,2025-02-08,Retail,Lagos,Education,Self-employed,251813.0,203148.0,31998.0,17626.0,34,2,89.0,0,Repaid,2.3,Low,Duplicate customer details
CUST-12885,TXN-204636,2026-05-22,Services,Accra,Transport,Contract,153776.0,293473.0,7584.0,152538.0,22,85,85.3,0,Repaid,7.0,Low,Loan-to-income mismatch
CUST-11737,TXN-204637,2026-03-12,Retail,Kumasi,Health,Informal,235111.0,429890.0,25919.0,90802.0,23,28,93.3,0,Repaid,9.2,Low,Loan-to-income mismatch
CUST-12154,TXN-204638,2025-01-19,Services,Lagos,Transport,Self-employed,234354.0,47600.0,133038.0,23152.0,25,5,73.3,0,Repaid,2.0,Low,Normal
CUST-13217,TXN-204639,2025-04-21,Retail,Kigali,Shop,Unemployed,156891.0,192044.0,20548.0,19689.0,21,51,54.3,0,Repaid,20.5,Low,Normal
CUST-12949,TXN-204640,2025-06-20,Agriculture,Lagos,Transport,Salaried,121650.0,140000.0,23767.0,52163.0,31,21,71.1,0,Repaid,3.1,Low,Normal
CUST-10114,TXN-204641,2025-07-09,Market Trader,Lagos,Fintech Agent,Salaried,124642.0,202925.0,13337.0,175327.0,35,70,59.0,0,Repaid,8.4,Low,Loan-to-income mismatch
CUST-13335,TXN-204642,2025-10-30,Retail,Accra,Health,Contract,231399.0,105855.0,111857.0,104395.0,21,73,83.8,0,Repaid,2.1,Low,Normal
CUST-10234,TXN-204643,2025-11-25,Retail,Nairobi,Education,Self-employed,159899.0,249369.0,48071.0,64445.0,23,39,65.5,0,Repaid,12.0,Low,Loan-to-income mismatch
CUST-10093,TXN-204644,2025-03-31,Retail,Accra,Transport,Informal,104883.0,239360.0,64450.0,103891.0,29,75,70.2,1,Defaulted,33.1,Low,Loan-to-income mismatch
CUST-11411,TXN-204645,2026-02-19,Market Trader,Lagos,Food,Self-employed,80206.0,80630.0,35172.0,47770.0,33,19,84.5,0,Repaid,5.9,Low,Normal
CUST-12610,TXN-204646,2025-01-02,SME,Lagos,Food,Salaried,,214410.0,81887.0,137560.0,20,33,58.7,0,Repaid,3.1,Low,Normal
CUST-10280,TXN-204647,2025-10-30,Market Trader,Lagos,Fintech Agent,Self-employed,129360.0,31404.0,56101.0,20825.0,25,7,89.4,0,Repaid,1.0,Low,Normal
CUST-11025,TXN-204648,2026-01-22,SME,Kigali,Transport,Salaried,186981.0,57481.0,8502.0,106754.0,30,62,47.7,0,Repaid,4.8,Low,Normal
CUST-10919,TXN-204649,2025-07-06,Retail,Kigali,Health,Self-employed,273943.0,615849.0,169548.0,38208.0,36,69,77.5,0,Repaid,20.2,Low,Loan-to-income mismatch
CUST-11390,TXN-204650,2025-08-02,SME,Lagos,Transport,Contract,93925.0,220312.0,58473.0,87249.0,23,73,70.4,0,Repaid,23.0,Low,Loan-to-income mismatch
CUST-13451,TXN-204651,2025-01-03,Agriculture,Kumasi,Shop,Self-employed,159698.0,30746.0,30976.0,91688.0,33,36,86.9,0,Repaid,1.0,Low,Normal
CUST-11159,TXN-204652,2025-03-15,Retail,Nairobi,Health,Self-employed,151495.0,330185.0,62996.0,32904.0,32,80,47.3,0,Repaid,24.0,Low,Loan-to-income mismatch
CUST-10731,TXN-204653,2025-09-13,Agriculture,Accra,Shop,Contract,190898.0,108085.0,28101.0,19789.0,29,62,44.4,0,Repaid,2.3,Low,Normal
CUST-10428,TXN-204654,2025-03-04,Retail,Abuja,Health,Informal,273881.0,390614.0,99941.0,81707.0,20,56,85.5,0,Repaid,8.0,Low,Normal
CUST-10693,TXN-204655,2025-10-18,Market Trader,Abuja,Fintech Agent,Salaried,93119.0,156950.0,47081.0,41011.0,16,22,65.0,1,Defaulted,9.1,Low,Loan-to-income mismatch
CUST-10465,TXN-204656,2026-04-14,Agriculture,Kumasi,Shop,Salaried,206760.0,202027.0,126555.0,43616.0,15,81,70.4,0,Repaid,3.3,Low,Normal
CUST-12007,TXN-204657,2025-07-05,SME,Accra,Education,Salaried,251008.0,339954.0,58662.0,30935.0,18,72,60.1,0,Repaid,5.8,Low,Normal
CUST-11471,TXN-204658,2026-01-01,Market Trader,Abuja,Shop,Self-employed,150500.0,236758.0,68765.0,51843.0,36,84,88.4,0,Repaid,3.7,Low,Loan-to-income mismatch
CUST-11742,TXN-204659,2025-11-21,Market Trader,Lagos,Food,Salaried,153625.0,93791.0,72411.0,61958.0,23,34,77.4,0,Repaid,1.7,Low,Normal
CUST-12912,TXN-204660,2026-01-15,SME,Accra,Food,Self-employed,194026.0,463189.0,30913.0,37394.0,35,53,76.3,0,Repaid,14.5,Low,Loan-to-income mismatch
CUST-12031,TXN-204661,2026-02-11,Market Trader,Kano,Shop,Salaried,188118.0,119007.0,78312.0,32440.0,21,6,50.9,0,Repaid,6.1,Low,Normal
CUST-10543,TXN-204662,2025-12-30,Services,Kigali,Transport,Salaried,207853.0,42184.0,89983.0,23426.0,31,58,81.0,0,Repaid,1.2,Low,Normal
CUST-11318,TXN-204663,2025-01-19,Agriculture,Kumasi,Education,Salaried,206022.0,468970.0,103293.0,48882.0,27,49,54.1,0,Repaid,13.2,Low,Loan-to-income mismatch
CUST-11094,TXN-204664,2026-02-19,Retail,Kano,Fintech Agent,Informal,107750.0,122044.0,70034.0,90335.0,37,78,60.1,0,Repaid,13.7,Low,Normal
CUST-12893,TXN-204665,2026-02-23,Market Trader,Accra,Transport,Salaried,246696.0,262715.0,11187.0,1432.0,19,70,47.4,1,Defaulted,4.5,Low,Normal
CUST-11074,TXN-204666,2025-07-26,SME,Accra,Fintech Agent,Salaried,265680.0,210416.0,39175.0,40352.0,29,95,69.2,0,Repaid,3.8,Low,Normal
CUST-10485,TXN-204667,2025-11-01,SME,Kumasi,Transport,Salaried,175985.0,41769.0,19605.0,170396.0,17,89,91.2,0,Repaid,1.0,Low,Unusually high amount
CUST-12576,TXN-204668,2026-03-01,Retail,Kumasi,Shop,Informal,86895.0,66678.0,10192.0,35894.0,32,17,76.1,0,Repaid,2.3,Low,Normal
CUST-11499,TXN-204669,2025-06-17,Agriculture,Lagos,Food,Self-employed,155097.0,163337.0,47487.0,41207.0,24,93,64.0,1,Defaulted,6.1,Low,Normal
CUST-10335,TXN-204670,2025-03-29,SME,Accra,Shop,Contract,176601.0,235785.0,101277.0,231162.0,32,4,74.0,0,Repaid,6.4,Low,Unusually high amount
CUST-12414,TXN-204671,2025-12-25,Retail,Nairobi,Shop,Salaried,100636.0,120358.0,30462.0,114784.0,17,44,73.9,0,Repaid,9.8,Low,Normal
CUST-10736,TXN-204672,2025-06-16,Retail,Kigali,Transport,Salaried,139908.0,298208.0,61719.0,58861.0,29,89,73.2,0,Repaid,8.6,Low,Loan-to-income mismatch
CUST-13038,TXN-204673,2025-12-30,SME,Kigali,Education,Self-employed,90045.0,198383.0,23159.0,50814.0,28,59,75.2,0,Repaid,11.0,Low,Duplicate customer details
CUST-12913,TXN-204674,2025-07-28,Agriculture,Kumasi,Fintech Agent,Contract,210042.0,185695.0,46501.0,60913.0,31,95,53.3,1,Defaulted,3.5,Low,Normal
CUST-11293,TXN-204675,2026-01-27,Market Trader,Kigali,Education,Informal,174504.0,403141.0,95204.0,23214.0,22,54,73.9,0,Repaid,27.5,Low,Loan-to-income mismatch
CUST-11944,TXN-204676,2025-04-02,Retail,Lagos,Health,Salaried,81534.0,171234.0,35304.0,28386.0,35,66,40.4,1,Defaulted,26.0,Low,Loan-to-income mismatch
CUST-11987,TXN-204677,2025-08-01,Retail,Lagos,Health,Unemployed,188644.0,422440.0,45475.0,16950.0,28,52,82.4,0,Repaid,15.5,Low,Loan-to-income mismatch
CUST-12286,TXN-204678,2025-10-08,Market Trader,Abuja,Education,Self-employed,158937.0,277831.0,94714.0,21344.0,32,89,52.2,0,Repaid,20.7,Low,Loan-to-income mismatch
CUST-10241,TXN-204679,2025-10-25,SME,Lagos,Shop,Self-employed,202176.0,125382.0,67539.0,50130.0,29,12,93.2,0,Repaid,1.1,Low,Normal
CUST-11136,TXN-204680,2026-03-10,Retail,Kumasi,Food,Informal,138076.0,84697.0,19139.0,55839.0,29,38,28.0,0,Repaid,17.8,Low,High-risk repayment pattern
CUST-10596,TXN-204681,2025-09-03,Agriculture,Accra,Transport,Self-employed,116236.0,255394.0,37710.0,51015.0,33,65,100.0,0,Repaid,8.9,Low,Loan-to-income mismatch
CUST-12441,TXN-204682,2026-05-30,Retail,Accra,Education,Contract,117741.0,153727.0,52402.0,33494.0,23,48,42.5,0,Repaid,17.1,Low,Normal
CUST-10241,TXN-204683,2025-07-07,Agriculture,Accra,Health,Self-employed,129828.0,280018.0,32623.0,41844.0,28,92,50.4,0,Repaid,29.2,Low,Loan-to-income mismatch
CUST-11809,TXN-204684,2026-03-05,Services,Accra,Food,Salaried,164047.0,291941.0,90486.0,81356.0,41,56,77.4,0,Repaid,9.6,Low,Loan-to-income mismatch
CUST-12547,TXN-204685,2025-03-08,Retail,Nairobi,Education,Salaried,173190.0,112881.0,61635.0,68521.0,19,13,83.1,0,Repaid,1.8,Low,Normal
CUST-13319,TXN-204686,2025-09-03,Services,Abuja,Education,Informal,150226.0,155359.0,47275.0,19436.0,28,59,66.9,0,Repaid,14.0,Low,Normal
CUST-11008,TXN-204687,2026-04-20,SME,Kano,Shop,Informal,136244.0,317254.0,76431.0,56965.0,20,31,88.1,0,Repaid,18.7,Low,Loan-to-income mismatch
CUST-10027,TXN-204688,2026-04-27,Services,Lagos,Health,Unemployed,140422.0,31381.0,43761.0,74483.0,35,46,57.7,0,Repaid,4.3,Low,Normal
CUST-12533,TXN-204689,2025-03-07,Market Trader,Accra,Health,Self-employed,466608.0,824205.0,131153.0,21765.0,20,9,64.8,0,Repaid,10.6,Low,Loan-to-income mismatch
CUST-10005,TXN-204690,2025-06-21,Services,Kano,Fintech Agent,,117747.0,277046.0,10049.0,18400.0,19,83,66.6,0,Repaid,15.7,Low,Loan-to-income mismatch
CUST-10232,TXN-204691,2025-12-01,Market Trader,Abuja,Food,Salaried,128753.0,52944.0,31978.0,23220.0,23,39,62.3,0,Repaid,1.3,Low,Normal
CUST-13466,TXN-204692,2025-01-26,Retail,Accra,Fintech Agent,Self-employed,649150.0,508819.0,175362.0,37013.0,26,77,37.2,0,Repaid,10.4,Low,High-risk repayment pattern
CUST-13018,TXN-204693,2025-07-26,Services,Kigali,Transport,Self-employed,194235.0,270835.0,25987.0,19207.0,31,47,71.6,0,Repaid,7.8,Low,Normal
CUST-12476,TXN-204694,2026-04-21,Services,Nairobi,Food,Self-employed,91163.0,187172.0,35584.0,23902.0,29,91,69.9,0,Repaid,20.6,Low,Loan-to-income mismatch
CUST-12924,TXN-204695,2026-02-28,Retail,Lagos,Health,Self-employed,231869.0,302463.0,25649.0,96943.0,20,35,91.4,0,Repaid,1.6,Low,Normal
CUST-10263,TXN-204696,2025-09-10,Market Trader,Kano,Food,Salaried,111055.0,34683.0,17871.0,75762.0,25,12,48.9,0,Repaid,3.8,Low,Normal
CUST-10311,TXN-204697,2025-09-01,Services,Kigali,Food,Self-employed,238424.0,110235.0,89048.0,5499.0,38,46,60.5,0,Repaid,2.4,Low,Normal
CUST-11052,TXN-204698,2025-07-01,SME,Abuja,Education,Contract,148954.0,151128.0,28221.0,15402.0,37,5,93.7,0,Repaid,1.5,Low,Normal
CUST-10083,TXN-204699,2025-04-07,Market Trader,Kigali,Food,Informal,135305.0,121239.0,57233.0,58687.0,31,77,77.3,0,Repaid,10.2,Low,Normal
CUST-13109,TXN-204700,2025-12-23,Retail,Kigali,Shop,Self-employed,319927.0,213611.0,145574.0,26265.0,27,88,81.9,0,Repaid,3.1,Low,Normal
CUST-10197,TXN-204701,2025-03-19,Market Trader,Lagos,Fintech Agent,Salaried,206465.0,422239.0,43319.0,17655.0,23,22,80.2,0,Repaid,6.9,Low,Loan-to-income mismatch
CUST-11904,TXN-204702,2026-01-20,Market Trader,Kigali,Health,Self-employed,244912.0,58700.0,18382.0,45569.0,34,6,80.2,0,Repaid,1.0,Low,Normal
CUST-12987,TXN-204703,2025-07-22,Agriculture,Nairobi,Shop,Salaried,195373.0,394877.0,64152.0,53832.0,28,73,100.0,0,Repaid,7.9,Low,Loan-to-income mismatch
CUST-12572,TXN-204704,2026-02-15,Market Trader,Accra,Transport,Salaried,135041.0,300619.0,10604.0,58194.0,27,66,73.6,0,Repaid,10.4,Low,Loan-to-income mismatch
CUST-10821,TXN-204705,2025-10-04,SME,Kano,Education,Contract,210401.0,332191.0,72504.0,89138.0,13,76,53.8,0,Repaid,4.4,Low,Loan-to-income mismatch
CUST-11646,TXN-204706,2026-05-13,Retail,Accra,Food,Salaried,270458.0,424153.0,129148.0,55416.0,24,55,83.5,1,Defaulted,6.3,Low,Loan-to-income mismatch
CUST-11918,TXN-204707,2025-11-21,Agriculture,Abuja,Shop,Self-employed,172231.0,87979.0,70754.0,30048.0,33,56,61.8,0,Repaid,2.2,Low,Normal
CUST-12687,TXN-204708,2026-04-21,Retail,Nairobi,Food,Self-employed,346865.0,500063.0,104895.0,75336.0,28,27,70.0,0,Repaid,5.5,Low,Normal
CUST-11491,TXN-204709,2026-03-15,SME,Kano,Fintech Agent,Unemployed,232630.0,235628.0,143275.0,99627.0,29,31,78.7,0,Repaid,11.2,Low,Normal
CUST-10997,TXN-204710,2026-01-13,Agriculture,Accra,Transport,Contract,177910.0,122489.0,14962.0,69922.0,23,61,57.2,0,Repaid,1.5,Low,Normal
CUST-12784,TXN-204711,2025-07-13,Agriculture,Kigali,Transport,Contract,180886.0,266805.0,103901.0,18495.0,29,90,62.8,0,Repaid,13.5,Low,Normal
CUST-13102,TXN-204712,2025-02-01,Retail,Lagos,Health,Self-employed,172412.0,31490.0,90358.0,20785.0,14,31,80.6,0,Repaid,1.0,Low,Normal
CUST-11711,TXN-204713,2026-02-08,Agriculture,Kano,Fintech Agent,Salaried,96228.0,76370.0,27371.0,146655.0,27,36,62.1,0,Repaid,2.8,Low,Unusually high amount
CUST-10098,TXN-204714,2025-11-11,Retail,Kumasi,Transport,Self-employed,156713.0,256447.0,18227.0,81838.0,34,57,89.5,0,Repaid,3.8,Low,Loan-to-income mismatch
CUST-11752,TXN-204715,2025-04-27,Retail,Abuja,Food,Salaried,178599.0,212567.0,21110.0,26831.0,27,6,54.2,0,Repaid,4.1,Low,Normal
CUST-13112,TXN-204716,2025-02-02,Agriculture,Abuja,Fintech Agent,Self-employed,136659.0,68783.0,82096.0,29629.0,32,63,54.2,0,Repaid,2.9,Low,Normal
CUST-13461,TXN-204717,2026-03-30,Retail,Accra,Fintech Agent,Salaried,187554.0,34309.0,31365.0,63561.0,23,14,100.0,0,Repaid,1.0,Low,Normal
CUST-11403,TXN-204718,2025-10-13,Market Trader,Abuja,Food,Informal,164218.0,128152.0,93718.0,59245.0,31,66,44.5,0,Repaid,22.6,Low,Normal
CUST-10525,TXN-204719,2025-02-20,Services,Kano,Health,Salaried,225246.0,315099.0,75925.0,7734.0,29,85,71.5,0,Repaid,5.4,Low,Normal
CUST-12002,TXN-204720,2026-03-24,Retail,Lagos,Transport,Salaried,215024.0,293871.0,66849.0,51969.0,23,88,100.0,0,Repaid,2.6,Low,Normal
CUST-12907,TXN-204721,2026-02-19,Agriculture,Lagos,Transport,Self-employed,174592.0,82229.0,71634.0,61870.0,32,16,71.5,0,Repaid,8.7,Low,Normal
CUST-13307,TXN-204722,2025-08-23,SME,Nairobi,Fintech Agent,Salaried,91654.0,141368.0,14250.0,38607.0,34,58,96.2,0,Repaid,1.4,Low,Normal
CUST-10181,TXN-204723,2025-05-19,Market Trader,Abuja,Education,Salaried,345277.0,827840.0,100087.0,7918.0,25,44,83.7,0,Repaid,5.3,Low,Loan-to-income mismatch
CUST-11016,TXN-204724,2025-04-18,Market Trader,Lagos,Health,Unemployed,153339.0,226697.0,93728.0,56632.0,22,48,71.9,0,Repaid,25.9,Low,Normal
CUST-11671,TXN-204725,2025-12-05,Market Trader,Lagos,Transport,Salaried,157318.0,212593.0,26760.0,12421.0,32,67,69.6,0,Repaid,3.2,Low,Normal
CUST-10343,TXN-204726,2025-05-09,Agriculture,Accra,Shop,Contract,140947.0,220194.0,84652.0,78421.0,18,95,33.9,0,Repaid,29.7,Low,Loan-to-income mismatch
CUST-13102,TXN-204727,2025-10-08,Agriculture,Accra,Shop,Contract,132570.0,282754.0,85687.0,16489.0,14,55,66.3,1,Defaulted,24.1,Low,Loan-to-income mismatch
CUST-10392,TXN-204728,2025-01-10,Market Trader,Kumasi,Health,Salaried,311298.0,709796.0,16406.0,41580.0,39,54,76.2,0,Repaid,10.2,Low,Loan-to-income mismatch
CUST-12328,TXN-204729,2025-10-26,SME,Kumasi,Transport,Salaried,291309.0,78972.0,103347.0,14260.0,31,63,76.2,0,Repaid,1.4,Low,Normal
CUST-13215,TXN-204730,2025-07-15,SME,Kumasi,Education,Self-employed,196152.0,124573.0,25156.0,65312.0,29,49,100.0,0,Repaid,1.3,Low,Normal
CUST-12398,TXN-204731,2026-05-21,Agriculture,Nairobi,Health,Informal,155570.0,67984.0,64045.0,35433.0,30,34,77.1,0,Repaid,3.2,Low,Normal
CUST-12671,TXN-204732,2025-12-16,Retail,Nairobi,Health,Contract,211088.0,399933.0,135817.0,34148.0,33,79,83.3,0,Repaid,14.4,Low,Loan-to-income mismatch
CUST-10921,TXN-204733,2025-11-05,Market Trader,Abuja,Transport,Salaried,167878.0,47199.0,98214.0,23772.0,33,64,93.0,0,Repaid,1.0,Low,Normal
CUST-12896,TXN-204734,2025-08-18,Market Trader,Lagos,Education,Salaried,150258.0,328141.0,90554.0,30112.0,20,55,81.7,0,Repaid,14.6,Low,Loan-to-income mismatch
CUST-11465,TXN-204735,2025-04-22,SME,Nairobi,Education,Self-employed,187588.0,42326.0,28966.0,39481.0,37,2,70.5,0,Repaid,1.4,Low,Normal
CUST-10214,TXN-204736,2026-01-12,Retail,Lagos,Education,Self-employed,135227.0,205228.0,48906.0,62997.0,29,27,70.5,0,Repaid,6.8,Low,Normal
CUST-11283,TXN-204737,2025-07-31,SME,Kano,Health,Salaried,180945.0,143268.0,30389.0,67992.0,23,26,65.7,0,Repaid,4.1,Low,Normal
CUST-11224,TXN-204738,2025-03-23,Services,Kumasi,Food,Self-employed,177331.0,217169.0,104029.0,39063.0,25,63,80.0,0,Repaid,4.6,Low,Normal
CUST-11825,TXN-204739,2025-02-19,Retail,Lagos,Transport,Unemployed,209658.0,243410.0,29442.0,47610.0,26,13,68.9,0,Repaid,10.6,Low,Normal
CUST-10926,TXN-204740,2025-10-20,Market Trader,Kigali,Transport,Informal,125488.0,231217.0,14681.0,26598.0,27,37,83.2,0,Repaid,9.9,Low,Loan-to-income mismatch
CUST-11617,TXN-204741,2025-06-23,Retail,Kigali,Shop,Self-employed,219313.0,281279.0,6067.0,53932.0,29,44,53.8,0,Repaid,4.6,Low,Normal
CUST-11497,TXN-204742,2025-01-25,SME,Nairobi,Shop,Unemployed,111229.0,124033.0,14974.0,100287.0,16,71,74.6,0,Repaid,5.1,Low,Normal
CUST-11144,TXN-204743,2025-06-01,Retail,Kumasi,Education,Self-employed,127966.0,230494.0,17858.0,58623.0,31,15,99.9,0,Repaid,2.3,Low,Loan-to-income mismatch
CUST-12436,TXN-204744,2026-05-30,Services,Nairobi,Fintech Agent,Salaried,130333.0,291332.0,8969.0,61237.0,26,58,68.0,0,Repaid,8.3,Low,Loan-to-income mismatch
CUST-11069,TXN-204745,2025-11-29,Market Trader,Accra,Shop,Self-employed,103750.0,201535.0,58793.0,53241.0,11,53,100.0,0,Repaid,10.3,Low,Loan-to-income mismatch
CUST-12680,TXN-204746,2025-03-04,Services,Nairobi,Transport,Self-employed,249341.0,452682.0,127513.0,45187.0,25,71,74.9,0,Repaid,8.8,Low,Loan-to-income mismatch
CUST-10877,TXN-204747,2026-04-17,Retail,Lagos,Shop,Contract,108337.0,136802.0,19536.0,16933.0,44,18,71.0,0,Repaid,4.2,Low,Normal
CUST-13027,TXN-204748,2026-05-24,Agriculture,Abuja,Transport,Informal,121353.0,264365.0,62309.0,21117.0,21,58,74.1,0,Repaid,22.8,Low,Loan-to-income mismatch
CUST-11277,TXN-204749,2025-05-26,Retail,Lagos,Shop,Self-employed,275756.0,347347.0,78856.0,10235.0,25,40,66.4,1,Defaulted,11.2,Low,Normal
CUST-10142,TXN-204750,2025-09-05,Retail,Lagos,Fintech Agent,Self-employed,128073.0,287554.0,65135.0,72561.0,32,26,36.3,1,Defaulted,39.5,Medium,Loan-to-income mismatch
CUST-10524,TXN-204751,2026-03-14,Services,Accra,Transport,Salaried,150389.0,295137.0,33611.0,14810.0,32,8,87.8,0,Repaid,4.7,Low,Loan-to-income mismatch
CUST-12821,TXN-204752,2025-09-09,Market Trader,Nairobi,Fintech Agent,Self-employed,106399.0,54644.0,39978.0,19551.0,36,37,100.0,0,Repaid,1.0,Low,Normal
CUST-13052,TXN-204753,2026-03-29,SME,Kigali,Health,Contract,230923.0,65657.0,60136.0,44768.0,33,43,80.6,0,Repaid,1.0,Low,Normal
CUST-10741,TXN-204754,2025-10-11,Agriculture,Abuja,Transport,Self-employed,232264.0,423812.0,32107.0,27922.0,35,6,81.7,0,Repaid,5.0,Low,Loan-to-income mismatch
CUST-12107,TXN-204755,2025-11-23,Market Trader,Kumasi,Transport,Salaried,221983.0,377940.0,86340.0,31401.0,30,77,68.7,0,Repaid,5.8,Low,Loan-to-income mismatch
CUST-12010,TXN-204756,2026-02-25,Retail,Nairobi,Shop,Self-employed,203977.0,309359.0,100565.0,73742.0,37,66,92.8,0,Repaid,5.2,Low,Normal
CUST-10468,TXN-204757,2025-12-27,Services,Lagos,Fintech Agent,Salaried,167864.0,394019.0,83002.0,44717.0,18,31,71.3,0,Repaid,13.4,Low,Loan-to-income mismatch
CUST-11581,TXN-204758,2025-01-17,SME,Kano,Health,Self-employed,130583.0,181614.0,31923.0,82771.0,17,6,76.8,0,Repaid,5.8,Low,Normal
CUST-12428,TXN-204759,2026-02-16,Services,Kumasi,Health,Salaried,115579.0,110070.0,40081.0,18070.0,21,68,43.8,0,Repaid,5.3,Low,Normal
CUST-13384,TXN-204760,2025-02-11,Agriculture,Lagos,Shop,Informal,279780.0,401267.0,140220.0,52066.0,30,4,62.5,0,Repaid,22.2,Low,Normal
CUST-12966,TXN-204761,2025-07-12,Agriculture,Kano,Fintech Agent,Contract,224407.0,54548.0,12193.0,17300.0,23,42,78.6,0,Repaid,1.0,Low,Normal
CUST-10342,TXN-204762,2025-01-11,SME,Accra,Transport,Contract,121639.0,178319.0,7942.0,49407.0,29,21,88.3,0,Repaid,2.1,Low,Normal
CUST-10831,TXN-204763,2026-05-25,Retail,Lagos,Education,Salaried,165500.0,361352.0,42537.0,27081.0,36,24,88.8,0,Repaid,8.9,Low,Loan-to-income mismatch
CUST-11528,TXN-204764,2025-11-17,Services,Lagos,Education,Self-employed,143480.0,27206.0,23070.0,24236.0,18,72,43.6,0,Repaid,4.4,Low,Normal
CUST-10527,TXN-204765,2025-07-17,Agriculture,Nairobi,Shop,Salaried,101331.0,208395.0,25943.0,124567.0,34,30,45.4,0,Repaid,38.8,Medium,Loan-to-income mismatch
CUST-11997,TXN-204766,2026-03-13,Agriculture,Lagos,Food,Salaried,175363.0,343761.0,13865.0,25579.0,27,25,82.5,0,Repaid,6.8,Low,Loan-to-income mismatch
CUST-10030,TXN-204767,2025-02-13,Services,Kumasi,Shop,Self-employed,136693.0,56803.0,53716.0,7103.0,33,30,58.6,0,Repaid,2.9,Low,Normal
CUST-10397,TXN-204768,2025-04-30,Retail,Kano,Transport,Salaried,109091.0,224723.0,48349.0,70695.0,28,15,88.1,0,Repaid,5.7,Low,Loan-to-income mismatch
CUST-10165,TXN-204769,2026-01-14,Market Trader,Nairobi,Transport,Informal,87445.0,163966.0,45372.0,32498.0,24,71,42.7,0,Repaid,32.4,Low,Loan-to-income mismatch
CUST-11034,TXN-204770,2026-04-20,Retail,Kigali,Shop,Informal,84390.0,107186.0,36273.0,58428.0,32,48,70.2,0,Repaid,16.4,Low,Normal
CUST-12667,TXN-204771,2025-06-22,SME,Abuja,Health,Informal,139247.0,100867.0,37558.0,31483.0,16,20,71.4,0,Repaid,5.4,Low,Normal
CUST-10620,TXN-204772,2025-12-19,Market Trader,Kigali,Health,Salaried,157041.0,128708.0,95639.0,31448.0,19,30,80.6,0,Repaid,2.8,Low,Normal
CUST-13455,TXN-204773,2025-01-15,Retail,Lagos,Education,Self-employed,112687.0,173454.0,53818.0,40599.0,28,93,53.4,1,Defaulted,12.0,Low,Normal
CUST-10943,TXN-204774,2025-05-01,SME,Kigali,Food,Salaried,213910.0,155469.0,75390.0,55810.0,36,56,36.6,0,Repaid,6.4,Low,High-risk repayment pattern
CUST-10157,TXN-204775,2025-04-03,Market Trader,Accra,Transport,Self-employed,158335.0,142864.0,23800.0,32522.0,21,66,75.1,0,Repaid,3.0,Low,Normal
CUST-11174,TXN-204776,2025-09-15,Market Trader,Lagos,Education,Self-employed,207377.0,465864.0,88935.0,58194.0,30,82,81.5,0,Repaid,20.6,Low,Loan-to-income mismatch
CUST-12618,TXN-204777,2025-07-10,Retail,Accra,Health,Self-employed,150720.0,271162.0,59200.0,74254.0,23,39,90.1,0,Repaid,3.4,Low,Loan-to-income mismatch
CUST-10373,TXN-204778,2025-02-18,Retail,Kigali,Transport,Salaried,116939.0,212137.0,52681.0,22143.0,25,34,65.5,0,Repaid,6.5,Low,Loan-to-income mismatch
CUST-10251,TXN-204779,2025-04-20,Market Trader,Kumasi,Transport,Salaried,170745.0,393086.0,87440.0,61320.0,25,95,86.0,0,Repaid,11.1,Low,Loan-to-income mismatch
CUST-12972,TXN-204780,2025-02-16,Retail,Lagos,Fintech Agent,Salaried,95767.0,18470.0,57123.0,23886.0,32,55,80.7,0,Repaid,1.0,Low,Normal
CUST-12072,TXN-204781,2025-03-12,Market Trader,Nairobi,Health,Salaried,204141.0,147545.0,126140.0,48054.0,34,22,95.8,0,Repaid,2.3,Low,Normal
CUST-11201,TXN-204782,2025-12-08,Market Trader,Nairobi,Food,Salaried,109798.0,180146.0,45788.0,6392.0,31,82,71.0,0,Repaid,9.9,Low,Loan-to-income mismatch
CUST-12646,TXN-204783,2025-03-25,Services,Kumasi,Transport,Informal,239344.0,275955.0,150440.0,58551.0,31,73,40.9,0,Repaid,48.5,Medium,High-risk repayment pattern
CUST-12955,TXN-204784,2025-02-01,Retail,Kano,Transport,Salaried,141188.0,60771.0,83893.0,52472.0,22,39,70.8,0,Repaid,3.5,Low,Normal
CUST-11257,TXN-204785,2025-11-20,Market Trader,Kumasi,Transport,Salaried,254299.0,486814.0,5505.0,21533.0,31,27,73.6,0,Repaid,7.4,Low,Loan-to-income mismatch
CUST-11964,TXN-204786,2026-01-20,Agriculture,Kano,Fintech Agent,Informal,101569.0,28896.0,42832.0,36737.0,32,63,81.3,0,Repaid,3.1,Low,Normal
CUST-10038,TXN-204787,2025-03-08,Market Trader,Abuja,Food,Informal,122435.0,169860.0,16215.0,32443.0,20,53,44.4,1,Defaulted,27.2,Low,Normal
CUST-11071,TXN-204788,2025-07-09,Market Trader,Nairobi,Education,Salaried,190993.0,272866.0,39339.0,39419.0,43,24,66.4,1,Defaulted,4.4,Low,Normal
CUST-12083,TXN-204789,2026-02-09,Agriculture,Kano,Fintech Agent,Contract,266095.0,423579.0,55195.0,40104.0,32,7,87.6,0,Repaid,4.3,Low,Loan-to-income mismatch
CUST-10689,TXN-204790,2025-03-20,Retail,Nairobi,Health,Salaried,327740.0,288637.0,106310.0,38264.0,18,78,70.1,0,Repaid,5.3,Low,Normal
CUST-13469,TXN-204791,2026-03-11,Services,Kumasi,Education,Self-employed,165607.0,38486.0,4446.0,85082.0,29,81,66.5,0,Repaid,1.0,Low,Normal
CUST-13399,TXN-204792,2025-11-12,Market Trader,Kigali,Transport,Informal,352164.0,758400.0,59358.0,25776.0,29,87,100.0,0,Repaid,10.2,Low,Loan-to-income mismatch
CUST-10901,TXN-204793,2026-01-09,Agriculture,Accra,Food,Self-employed,144111.0,323217.0,5526.0,47365.0,18,36,52.7,0,Repaid,24.0,Low,Loan-to-income mismatch
CUST-11387,TXN-204794,2026-03-07,Services,Kano,Shop,Salaried,258198.0,322751.0,110987.0,43217.0,33,68,94.2,0,Repaid,4.3,Low,Normal
CUST-10663,TXN-204795,2025-05-07,Services,Kano,Education,Self-employed,109566.0,24742.0,63576.0,27621.0,29,56,90.4,0,Repaid,1.0,Low,Normal
CUST-11763,TXN-204796,2025-05-02,Retail,Accra,Transport,Contract,194169.0,285338.0,125939.0,92057.0,32,27,67.9,0,Repaid,10.3,Low,Normal
CUST-10433,TXN-204797,2025-10-25,SME,Kigali,Food,Informal,65000.0,57289.0,19668.0,29034.0,33,89,71.4,0,Repaid,7.3,Low,Normal
CUST-11368,TXN-204798,2026-02-10,Market Trader,Abuja,Food,Self-employed,101614.0,59456.0,18686.0,53214.0,24,33,71.3,0,Repaid,1.7,Low,Normal
CUST-11943,TXN-204799,2025-02-01,SME,Lagos,Shop,Salaried,197996.0,109903.0,110374.0,75902.0,21,4,75.3,0,Repaid,1.1,Low,Normal
CUST-12141,TXN-204800,2025-11-11,Agriculture,Abuja,Education,Self-employed,93786.0,54203.0,8562.0,44460.0,21,17,61.3,0,Repaid,1.8,Low,Normal
CUST-12087,TXN-204801,2026-05-02,Market Trader,Kigali,Health,Salaried,194720.0,178065.0,123408.0,36504.0,28,92,64.3,0,Repaid,3.5,Low,Normal
CUST-10774,TXN-204802,2025-11-15,Market Trader,Kumasi,Health,Salaried,238163.0,191239.0,112019.0,61053.0,24,8,65.6,0,Repaid,3.7,Low,Normal
CUST-12772,TXN-204803,2025-01-04,SME,Nairobi,Transport,Salaried,131853.0,268567.0,44498.0,22494.0,25,51,66.2,0,Repaid,12.0,Low,Loan-to-income mismatch
CUST-12421,TXN-204804,2025-03-26,Retail,Accra,Food,Self-employed,108341.0,138633.0,8764.0,24521.0,47,47,66.4,0,Repaid,3.0,Low,Normal
CUST-12635,TXN-204805,2025-04-25,SME,Kumasi,Education,Self-employed,133365.0,150619.0,4196.0,73566.0,28,75,31.7,0,Repaid,10.3,Low,High-risk repayment pattern
CUST-11637,TXN-204806,2025-07-15,Retail,Kumasi,Health,Contract,108484.0,54649.0,39386.0,25791.0,20,79,73.8,0,Repaid,3.7,Low,Normal
CUST-13123,TXN-204807,2025-02-12,SME,Lagos,Shop,Salaried,155981.0,331378.0,43788.0,30975.0,34,46,62.5,0,Repaid,13.1,Low,Loan-to-income mismatch
CUST-11364,TXN-204808,2026-02-13,Retail,Kumasi,Food,Self-employed,169885.0,51255.0,93586.0,85181.0,33,61,38.4,0,Repaid,5.0,Low,High-risk repayment pattern
CUST-12820,TXN-204809,2026-05-29,Agriculture,Accra,Health,Self-employed,143125.0,101871.0,60778.0,75455.0,28,78,65.7,0,Repaid,3.1,Low,Normal
CUST-10712,TXN-204810,2025-07-15,Retail,Nairobi,Shop,Self-employed,328809.0,512833.0,96043.0,55443.0,44,78,65.1,0,Repaid,6.3,Low,Loan-to-income mismatch
CUST-10865,TXN-204811,2025-01-22,SME,Lagos,Shop,Contract,120313.0,209240.0,19537.0,36246.0,24,84,95.0,0,Repaid,1.8,Low,Loan-to-income mismatch
CUST-11843,TXN-204812,2025-12-04,SME,Accra,Shop,Informal,291969.0,571841.0,94208.0,42257.0,18,68,62.3,0,Repaid,46.1,Medium,Loan-to-income mismatch
CUST-11945,TXN-204813,2025-01-01,Market Trader,Kigali,Transport,Salaried,105101.0,114649.0,12894.0,40779.0,30,37,84.0,0,Repaid,1.1,Low,Normal
CUST-12611,TXN-204814,2025-06-30,SME,Nairobi,Shop,Informal,167806.0,159376.0,73871.0,50410.0,26,54,96.9,0,Repaid,2.1,Low,Normal
CUST-11040,TXN-204815,2025-02-21,Agriculture,Abuja,Food,Informal,267508.0,219513.0,107434.0,54347.0,32,69,60.7,0,Repaid,13.7,Low,Normal
CUST-13054,TXN-204816,2025-11-24,Retail,Nairobi,Transport,Self-employed,261757.0,377236.0,138822.0,18771.0,28,29,71.1,0,Repaid,3.5,Low,Normal
CUST-11154,TXN-204817,2026-03-31,SME,Kano,Health,Contract,136420.0,130141.0,41363.0,26496.0,35,95,100.0,0,Repaid,1.6,Low,Normal
CUST-11869,TXN-204818,2025-07-15,Market Trader,Nairobi,Food,Self-employed,205485.0,186656.0,40182.0,32942.0,30,43,76.1,0,Repaid,3.2,Low,Normal
CUST-13261,TXN-204819,2025-07-26,SME,Kumasi,Fintech Agent,Contract,194249.0,42249.0,106240.0,121928.0,32,73,78.7,0,Repaid,1.0,Low,Normal
CUST-11887,TXN-204820,2025-09-24,Services,Accra,Shop,Contract,129732.0,296472.0,59071.0,46708.0,28,49,64.7,0,Repaid,21.2,Low,Loan-to-income mismatch
CUST-12386,TXN-204821,2026-05-03,SME,Lagos,Transport,Unemployed,210807.0,66303.0,98073.0,62054.0,33,91,84.4,0,Repaid,2.8,Low,Normal
CUST-13180,TXN-204822,2025-12-17,Retail,Nairobi,Health,Salaried,355844.0,278033.0,125504.0,44759.0,27,64,71.3,0,Repaid,2.1,Low,Normal
CUST-13411,TXN-204823,2026-05-11,Market Trader,Accra,Shop,Contract,198415.0,441583.0,113467.0,73608.0,27,71,39.0,0,Repaid,35.1,Medium,Loan-to-income mismatch
CUST-11747,TXN-204824,2025-06-08,SME,Accra,Food,Salaried,206462.0,374207.0,33757.0,155889.0,27,74,65.6,0,Repaid,9.0,Low,Loan-to-income mismatch
CUST-11459,TXN-204825,2026-01-10,Retail,Nairobi,Education,Informal,215843.0,315880.0,58939.0,18313.0,32,33,50.7,1,Defaulted,21.7,Low,Normal
CUST-10689,TXN-204826,2026-05-02,SME,Kigali,Fintech Agent,Salaried,88114.0,145124.0,45963.0,66578.0,21,34,74.0,0,Repaid,10.3,Low,Loan-to-income mismatch
CUST-11881,TXN-204827,2025-03-29,Agriculture,Abuja,Transport,Self-employed,197461.0,78091.0,20490.0,43818.0,29,79,55.5,0,Repaid,2.2,Low,Normal
CUST-13214,TXN-204828,2025-08-09,Agriculture,Kigali,Transport,Informal,106187.0,209740.0,56184.0,26340.0,26,45,80.6,0,Repaid,25.4,Low,Loan-to-income mismatch
CUST-11704,TXN-204829,2026-05-17,Retail,Abuja,Shop,Self-employed,127039.0,93404.0,30761.0,23763.0,22,64,72.8,0,Repaid,1.9,Low,Normal
CUST-11219,TXN-204830,2025-09-26,SME,Kumasi,Food,Self-employed,403534.0,929256.0,39977.0,12403.0,23,50,49.5,1,Defaulted,28.8,Low,Loan-to-income mismatch
CUST-10375,TXN-204831,2025-08-15,Market Trader,Accra,Transport,Self-employed,146332.0,101503.0,10223.0,36821.0,26,5,63.1,0,Repaid,3.4,Low,Normal
CUST-11364,TXN-204832,2025-11-16,Retail,Nairobi,Transport,Self-employed,119268.0,187049.0,65730.0,109126.0,19,46,83.2,0,Repaid,2.9,Low,Loan-to-income mismatch
CUST-10828,TXN-204833,2025-08-28,SME,Accra,Transport,Informal,264100.0,367263.0,134830.0,98707.0,32,18,92.7,0,Repaid,9.3,Low,Normal
CUST-13418,TXN-204834,2025-09-11,SME,Kumasi,Fintech Agent,Informal,109314.0,54404.0,22023.0,59614.0,25,10,55.8,1,Defaulted,5.6,Low,Normal
CUST-11846,TXN-204835,2025-11-25,Market Trader,Accra,Education,Self-employed,134872.0,132943.0,12585.0,45840.0,23,26,52.2,1,Defaulted,4.5,Low,Normal
CUST-10479,TXN-204836,2025-04-05,Agriculture,Kumasi,Education,Contract,275021.0,526519.0,48337.0,36147.0,21,29,100.0,1,Defaulted,3.9,Low,Loan-to-income mismatch
CUST-10235,TXN-204837,2026-01-05,Retail,Kano,Food,Self-employed,165705.0,108031.0,25549.0,41976.0,33,71,71.8,0,Repaid,2.0,Low,Normal
CUST-12977,TXN-204838,2026-02-25,Market Trader,Kano,Education,Informal,84468.0,195758.0,40699.0,61379.0,20,25,73.6,1,Defaulted,32.9,Low,Loan-to-income mismatch
CUST-13260,TXN-204839,2026-05-12,Retail,Kano,Food,Contract,204531.0,170983.0,31867.0,43955.0,34,76,58.7,0,Repaid,4.8,Low,Normal
CUST-12670,TXN-204840,2026-01-27,Retail,Abuja,Shop,Self-employed,137790.0,216512.0,21515.0,17896.0,11,21,75.9,0,Repaid,5.4,Low,Loan-to-income mismatch
CUST-10433,TXN-204841,2026-05-16,Market Trader,Kano,Transport,Self-employed,310748.0,482867.0,12532.0,18191.0,36,79,100.0,0,Repaid,1.5,Low,Loan-to-income mismatch
CUST-10343,TXN-204842,2025-09-25,Agriculture,Lagos,Transport,Salaried,126172.0,154577.0,49967.0,26976.0,22,51,76.6,0,Repaid,6.2,Low,Normal
CUST-10692,TXN-204843,2025-08-02,SME,Abuja,Transport,Informal,253094.0,413783.0,114919.0,71982.0,37,8,91.2,0,Repaid,15.2,Low,Loan-to-income mismatch
CUST-12628,TXN-204844,2025-12-26,Market Trader,Kano,Shop,Salaried,343105.0,628136.0,148118.0,19074.0,29,12,72.5,0,Repaid,10.1,Low,Loan-to-income mismatch
CUST-12678,TXN-204845,2025-03-15,Market Trader,Accra,Fintech Agent,Salaried,113846.0,176938.0,43059.0,8022.0,37,8,53.5,0,Repaid,10.5,Low,Loan-to-income mismatch
CUST-12932,TXN-204846,2025-08-10,Market Trader,Kumasi,Food,Self-employed,150069.0,213576.0,94337.0,28486.0,30,40,59.7,0,Repaid,8.8,Low,Normal
CUST-10339,TXN-204847,2026-04-18,Retail,Kano,Food,Contract,191611.0,292535.0,60899.0,57443.0,29,30,51.9,0,Repaid,20.8,Low,Normal
CUST-10536,TXN-204848,2025-01-09,SME,Kumasi,Fintech Agent,Self-employed,113540.0,121754.0,63797.0,103814.0,31,6,75.9,0,Repaid,3.9,Low,Normal
CUST-13150,TXN-204849,2025-03-03,Agriculture,Accra,Fintech Agent,Salaried,182321.0,61504.0,77849.0,20647.0,25,66,94.0,0,Repaid,1.0,Low,Normal
CUST-13250,TXN-204850,2025-12-05,Agriculture,Accra,Transport,Salaried,148084.0,79155.0,10813.0,32316.0,31,82,74.9,0,Repaid,1.6,Low,Normal
CUST-12539,TXN-204851,2025-10-13,Retail,Lagos,Fintech Agent,Salaried,146836.0,224201.0,77875.0,19159.0,19,81,66.5,0,Repaid,3.5,Low,Normal
CUST-10371,TXN-204852,2026-01-31,Market Trader,Nairobi,Food,Self-employed,166135.0,371864.0,64488.0,25236.0,35,16,57.8,0,Repaid,17.3,Low,Loan-to-income mismatch
CUST-10240,TXN-204853,2025-03-27,SME,Kumasi,Food,Unemployed,167700.0,39769.0,72400.0,14867.0,38,83,78.4,0,Repaid,6.9,Low,Normal
CUST-10194,TXN-204854,2025-08-10,Agriculture,Lagos,Fintech Agent,Informal,174352.0,241958.0,23284.0,13273.0,26,42,49.7,0,Repaid,8.5,Low,Normal
CUST-12421,TXN-204855,2025-07-04,Retail,Lagos,Fintech Agent,Self-employed,126563.0,93603.0,37414.0,15053.0,23,21,51.6,0,Repaid,2.8,Low,Normal
CUST-12960,TXN-204856,2026-05-05,Retail,Nairobi,Fintech Agent,Self-employed,128905.0,183956.0,74090.0,77583.0,20,14,88.2,0,Repaid,3.7,Low,Normal
CUST-12210,TXN-204857,2025-10-01,Services,Abuja,Transport,Self-employed,154847.0,285575.0,24113.0,19054.0,30,74,67.0,0,Repaid,6.6,Low,Loan-to-income mismatch
CUST-10917,TXN-204858,2025-03-05,Retail,Kigali,Shop,Contract,159724.0,289533.0,3207.0,64408.0,22,26,66.6,0,Repaid,6.1,Low,Loan-to-income mismatch
CUST-12650,TXN-204859,2025-12-30,Services,Nairobi,Transport,Self-employed,135359.0,242191.0,24667.0,13422.0,21,62,69.0,0,Repaid,5.6,Low,Loan-to-income mismatch
CUST-10206,TXN-204860,2025-11-14,SME,Kano,Transport,Salaried,186475.0,356020.0,61006.0,54718.0,32,54,85.1,0,Repaid,6.2,Low,Loan-to-income mismatch
CUST-12898,TXN-204861,2026-05-19,Market Trader,Kigali,Education,Salaried,75948.0,25913.0,40815.0,41642.0,29,89,75.0,0,Repaid,2.0,Low,Normal
CUST-13121,TXN-204862,2025-07-27,Retail,Accra,Shop,Self-employed,119755.0,157030.0,50929.0,54839.0,38,69,58.6,0,Repaid,9.9,Low,Normal
CUST-12514,TXN-204863,2026-04-19,Services,Kigali,Transport,Self-employed,144702.0,110140.0,86678.0,7183.0,18,74,59.3,0,Repaid,3.9,Low,Normal
CUST-13077,TXN-204864,2025-06-14,Retail,Lagos,Health,Unemployed,113599.0,252783.0,34876.0,55739.0,23,48,68.5,0,Repaid,40.8,Medium,Loan-to-income mismatch
CUST-12051,TXN-204865,2025-09-26,Market Trader,Kumasi,Education,Salaried,322631.0,618804.0,85889.0,52317.0,33,51,77.4,0,Repaid,8.5,Low,Loan-to-income mismatch
CUST-11639,TXN-204866,2025-06-17,Retail,Nairobi,Health,Contract,164049.0,68695.0,27198.0,4111.0,27,16,71.4,0,Repaid,2.2,Low,Normal
CUST-11128,TXN-204867,2025-06-11,Retail,Abuja,Fintech Agent,Informal,175298.0,126216.0,27588.0,20122.0,34,75,69.8,1,Defaulted,6.2,Low,Normal
CUST-13225,TXN-204868,2025-10-28,Agriculture,Nairobi,Fintech Agent,Self-employed,132859.0,158180.0,64270.0,49956.0,27,72,72.8,0,Repaid,4.5,Low,Normal
CUST-12440,TXN-204869,2025-10-05,Retail,Nairobi,Fintech Agent,Salaried,161680.0,374719.0,11419.0,105576.0,18,30,71.3,0,Repaid,11.8,Low,Loan-to-income mismatch
CUST-10666,TXN-204870,2026-04-11,SME,Nairobi,Health,Salaried,97694.0,41371.0,16892.0,79603.0,27,15,58.0,0,Repaid,2.7,Low,Normal
CUST-13349,TXN-204871,2025-07-09,Agriculture,Kumasi,Education,Self-employed,151551.0,218370.0,87614.0,4399.0,15,75,91.9,0,Repaid,6.1,Low,Normal
CUST-10207,TXN-204872,2025-11-09,Market Trader,Lagos,Education,Salaried,109804.0,102959.0,42105.0,47603.0,36,74,63.3,0,Repaid,4.8,Low,Normal
CUST-12056,TXN-204873,2025-08-26,SME,Kigali,Health,Informal,144855.0,233923.0,7149.0,21214.0,27,75,74.3,0,Repaid,13.0,Low,Duplicate customer details
CUST-10666,TXN-204874,2026-03-25,Retail,Kigali,Fintech Agent,Contract,65000.0,105308.0,30139.0,48764.0,26,4,34.9,0,Repaid,29.0,Low,Loan-to-income mismatch
CUST-12325,TXN-204875,2026-04-17,Agriculture,Accra,Education,Contract,101340.0,72368.0,34376.0,50256.0,25,82,68.1,0,Repaid,1.5,Low,Normal
CUST-11444,TXN-204876,2025-06-02,Retail,Kano,Education,Contract,300995.0,579264.0,168060.0,48510.0,26,35,52.2,0,Repaid,14.4,Low,Loan-to-income mismatch
CUST-11529,TXN-204877,2025-09-23,SME,Accra,Food,Salaried,230675.0,88257.0,103788.0,94393.0,29,24,54.4,1,Defaulted,3.7,Low,Normal
CUST-12350,TXN-204878,2025-07-07,Agriculture,Kigali,Health,Contract,283225.0,565393.0,6458.0,20185.0,31,51,100.0,0,Repaid,2.3,Low,Loan-to-income mismatch
CUST-12646,TXN-204879,2025-01-22,Agriculture,Lagos,Food,Self-employed,291514.0,189649.0,43615.0,51332.0,25,81,76.5,0,Repaid,1.5,Low,Normal
CUST-11330,TXN-204880,2026-03-30,Retail,Accra,Food,Salaried,215918.0,321473.0,39409.0,31683.0,24,78,94.1,0,Repaid,2.5,Low,Normal
CUST-13491,TXN-204881,2025-12-19,Market Trader,Abuja,Education,Salaried,134564.0,127974.0,62223.0,50507.0,27,17,87.4,0,Repaid,5.4,Low,Normal
CUST-11744,TXN-204882,2026-05-01,Services,Nairobi,Education,Self-employed,105277.0,161465.0,35886.0,15004.0,39,93,89.7,0,Repaid,3.5,Low,Normal
CUST-10561,TXN-204883,2025-05-25,Services,Kumasi,Food,Self-employed,263454.0,203826.0,129327.0,21539.0,19,74,68.4,0,Repaid,1.6,Low,Normal
CUST-10022,TXN-204884,2025-06-23,SME,Kigali,Shop,Salaried,167229.0,241328.0,57377.0,89660.0,20,89,100.0,0,Repaid,2.5,Low,Normal
CUST-10708,TXN-204885,2025-04-21,Retail,Kigali,Health,Self-employed,463930.0,91951.0,104965.0,38510.0,41,89,87.2,0,Repaid,1.0,Low,Normal
CUST-12418,TXN-204886,2025-07-01,Market Trader,Lagos,Shop,Unemployed,139617.0,141193.0,11910.0,19565.0,23,51,72.7,0,Repaid,8.0,Low,Normal
CUST-11888,TXN-204887,2026-01-31,Services,Accra,Shop,Salaried,372732.0,750900.0,55035.0,57188.0,27,5,76.7,0,Repaid,9.7,Low,Loan-to-income mismatch
CUST-11182,TXN-204888,2026-03-14,Retail,Kigali,Shop,Salaried,152382.0,184058.0,41523.0,25213.0,28,8,69.5,0,Repaid,3.5,Low,Normal
CUST-11684,TXN-204889,2025-03-27,Agriculture,Lagos,Health,Self-employed,285255.0,367511.0,104807.0,45591.0,24,60,72.9,0,Repaid,4.2,Low,Normal
CUST-12933,TXN-204890,2025-01-23,Market Trader,Kigali,Health,Self-employed,331907.0,517742.0,202909.0,22497.0,26,10,71.2,0,Repaid,6.8,Low,Loan-to-income mismatch
CUST-12000,TXN-204891,2025-11-11,Agriculture,Kano,Education,Informal,105912.0,121158.0,18113.0,90039.0,25,64,78.9,0,Repaid,5.3,Low,Normal
CUST-10203,TXN-204892,2025-03-17,Retail,Accra,Shop,Self-employed,132760.0,279448.0,58366.0,44292.0,30,11,100.0,0,Repaid,5.3,Low,Loan-to-income mismatch
CUST-10171,TXN-204893,2026-02-26,Retail,Lagos,Shop,Salaried,105467.0,113417.0,12245.0,39633.0,25,78,50.3,0,Repaid,8.7,Low,Normal
CUST-11687,TXN-204894,2025-02-23,Market Trader,Kano,Education,Salaried,97093.0,220641.0,45601.0,63917.0,33,27,92.6,0,Repaid,22.9,Low,Loan-to-income mismatch
CUST-11414,TXN-204895,2025-06-05,Services,Kigali,Fintech Agent,Salaried,215382.0,458075.0,5846.0,20437.0,35,11,65.4,0,Repaid,12.5,Low,Loan-to-income mismatch
CUST-12976,TXN-204896,2025-06-19,SME,Kigali,Health,Contract,149854.0,167059.0,64921.0,87380.0,33,33,94.9,0,Repaid,2.5,Low,Normal
CUST-12040,TXN-204897,2025-09-01,SME,Lagos,Education,Salaried,166374.0,165056.0,20435.0,30281.0,20,87,66.0,0,Repaid,1.4,Low,Normal
CUST-12649,TXN-204898,2026-03-19,Services,Accra,Education,Contract,205586.0,345819.0,27467.0,32578.0,28,53,79.4,0,Repaid,4.3,Low,Loan-to-income mismatch
CUST-12048,TXN-204899,2025-10-26,Market Trader,Lagos,Health,Self-employed,74600.0,138516.0,27760.0,23956.0,23,95,69.1,1,Defaulted,17.9,Low,Loan-to-income mismatch
CUST-11208,TXN-204900,2025-05-28,Services,Kigali,Transport,Contract,279412.0,165583.0,71672.0,13891.0,21,26,40.8,0,Repaid,5.8,Low,High-risk repayment pattern
CUST-12300,TXN-204901,2025-11-27,Retail,Accra,Shop,Salaried,140559.0,100517.0,44546.0,16376.0,18,65,100.0,0,Repaid,1.0,Low,Normal
CUST-12175,TXN-204902,2025-09-22,Retail,Abuja,Food,Salaried,203538.0,102722.0,43679.0,28199.0,29,19,55.0,0,Repaid,8.6,Low,Normal
CUST-12520,TXN-204903,2026-05-17,Market Trader,Accra,Shop,Self-employed,211229.0,394731.0,131107.0,52251.0,38,42,73.5,1,Defaulted,17.8,Low,Loan-to-income mismatch
CUST-10662,TXN-204904,2026-05-10,Services,Abuja,Transport,Salaried,289449.0,511159.0,58791.0,146440.0,24,37,53.1,1,Defaulted,17.6,Low,Loan-to-income mismatch
CUST-12245,TXN-204905,2026-04-04,SME,Nairobi,Fintech Agent,Self-employed,155743.0,93399.0,56300.0,22930.0,29,61,47.9,0,Repaid,4.9,Low,Normal
CUST-10999,TXN-204906,2025-03-29,Retail,Kano,Food,Contract,66707.0,91513.0,37239.0,37457.0,26,65,68.3,1,Defaulted,8.4,Low,Normal
CUST-12765,TXN-204907,2025-04-18,Services,Kano,Food,Informal,166707.0,312844.0,73090.0,27418.0,14,7,61.3,1,Defaulted,50.6,Medium,Loan-to-income mismatch
CUST-12794,TXN-204908,2025-04-06,Agriculture,Nairobi,Health,Self-employed,177069.0,404143.0,39548.0,53589.0,31,67,51.0,0,Repaid,43.8,Medium,Loan-to-income mismatch
CUST-12186,TXN-204909,2025-10-09,Agriculture,Kigali,Transport,Salaried,105410.0,60750.0,38795.0,75179.0,23,72,71.4,0,Repaid,1.8,Low,Normal
CUST-13313,TXN-204910,2026-02-24,SME,Abuja,Health,Salaried,173156.0,148154.0,12516.0,63930.0,12,37,45.3,0,Repaid,3.1,Low,Normal
CUST-11881,TXN-204911,2025-03-23,Market Trader,Kumasi,Education,Informal,139857.0,133328.0,50878.0,14981.0,39,8,74.3,0,Repaid,7.9,Low,Normal
CUST-10087,TXN-204912,2026-05-17,Retail,Kano,Education,Salaried,92600.0,145146.0,27018.0,32140.0,23,41,69.7,0,Repaid,9.2,Low,Loan-to-income mismatch
CUST-12121,TXN-204913,2025-01-31,SME,Lagos,Food,Salaried,215782.0,104190.0,107351.0,75646.0,21,32,27.4,0,Repaid,17.6,Low,High-risk repayment pattern
CUST-12721,TXN-204914,2025-09-26,Retail,Abuja,Fintech Agent,Informal,128442.0,78274.0,71180.0,33223.0,35,76,62.6,0,Repaid,8.8,Low,Normal
CUST-10354,TXN-204915,2025-07-09,SME,Lagos,Fintech Agent,Salaried,137217.0,262437.0,20001.0,27499.0,28,15,80.4,0,Repaid,5.7,Low,Loan-to-income mismatch
CUST-10366,TXN-204916,2026-04-17,SME,Nairobi,Shop,Contract,134016.0,185392.0,9564.0,55758.0,32,29,52.9,0,Repaid,11.7,Low,Normal
CUST-10956,TXN-204917,2025-06-15,SME,Accra,Transport,Salaried,273457.0,146589.0,72753.0,47502.0,22,70,81.2,0,Repaid,1.0,Low,Normal
CUST-12954,TXN-204918,2025-04-06,Agriculture,Accra,Health,Self-employed,159982.0,166753.0,57036.0,41113.0,23,90,79.8,0,Repaid,2.6,Low,Normal
CUST-11845,TXN-204919,2025-10-22,Market Trader,Accra,Education,Salaried,168253.0,80522.0,43306.0,55260.0,33,57,53.7,0,Repaid,3.2,Low,Normal
CUST-13417,TXN-204920,2025-01-28,Market Trader,Abuja,Health,Informal,135257.0,133251.0,56266.0,72703.0,18,2,71.8,0,Repaid,8.9,Low,Normal
CUST-13055,TXN-204921,2025-11-27,Retail,Accra,Transport,Salaried,197680.0,211210.0,66927.0,115482.0,34,67,86.8,0,Repaid,3.7,Low,Normal
CUST-11941,TXN-204922,2025-03-17,Market Trader,Abuja,Education,Salaried,286850.0,123026.0,175000.0,124019.0,38,4,56.2,0,Repaid,4.8,Low,Normal
CUST-12376,TXN-204923,2025-07-18,Retail,Lagos,Shop,Contract,213652.0,66837.0,59377.0,13653.0,34,8,68.3,0,Repaid,1.3,Low,Normal
CUST-11158,TXN-204924,2025-10-29,Retail,Abuja,Fintech Agent,Self-employed,217181.0,464150.0,15631.0,51067.0,26,64,92.7,0,Repaid,4.8,Low,Loan-to-income mismatch
CUST-10316,TXN-204925,2026-03-24,Market Trader,Lagos,Health,Self-employed,209948.0,451510.0,44135.0,7770.0,22,36,56.6,0,Repaid,39.9,Medium,Loan-to-income mismatch
CUST-11395,TXN-204926,2025-12-23,Market Trader,Accra,Education,Self-employed,91153.0,16929.0,36617.0,39864.0,20,4,80.3,0,Repaid,1.0,Low,Normal
CUST-12072,TXN-204927,2026-03-11,Services,Lagos,Shop,Self-employed,112649.0,180630.0,20423.0,51516.0,25,40,52.6,0,Repaid,6.0,Low,Loan-to-income mismatch
CUST-10637,TXN-204928,2026-02-23,Retail,Kano,Fintech Agent,Unemployed,149329.0,57935.0,28292.0,14455.0,34,37,69.1,0,Repaid,2.5,Low,Normal
CUST-10776,TXN-204929,2026-01-08,Retail,Nairobi,Transport,Self-employed,119987.0,237396.0,28069.0,118923.0,22,58,80.0,0,Repaid,8.6,Low,Loan-to-income mismatch
CUST-10052,TXN-204930,2025-06-22,Agriculture,Kumasi,Shop,Self-employed,104078.0,221960.0,51005.0,13015.0,27,90,28.7,0,Repaid,55.2,Medium,Loan-to-income mismatch
CUST-12569,TXN-204931,2025-06-30,Retail,Kumasi,Food,Salaried,74138.0,114831.0,45394.0,18973.0,26,11,62.4,0,Repaid,11.4,Low,Normal
CUST-13148,TXN-204932,2026-03-25,SME,Kano,Fintech Agent,Self-employed,92453.0,142489.0,22257.0,83708.0,29,64,79.7,0,Repaid,3.8,Low,Normal
CUST-12896,TXN-204933,2025-05-05,Agriculture,Lagos,Food,Informal,146131.0,146816.0,20920.0,44161.0,41,62,76.1,0,Repaid,4.8,Low,Normal
CUST-11329,TXN-204934,2026-03-22,SME,Abuja,Shop,Salaried,158078.0,116001.0,45052.0,72184.0,28,93,62.6,0,Repaid,1.7,Low,Normal
CUST-12077,TXN-204935,2025-03-01,Market Trader,Accra,Fintech Agent,Salaried,116648.0,150287.0,28189.0,3064.0,22,39,52.1,0,Repaid,14.8,Low,Normal
CUST-13362,TXN-204936,2026-03-04,Retail,Kigali,Education,Salaried,168240.0,80226.0,108299.0,54573.0,25,17,83.3,0,Repaid,1.6,Low,Normal
CUST-12069,TXN-204937,2025-05-10,Services,Kigali,Education,Self-employed,135644.0,226843.0,42353.0,42455.0,36,87,66.2,0,Repaid,9.8,Low,Loan-to-income mismatch
CUST-11035,TXN-204938,2026-01-10,Services,Lagos,Education,,257311.0,314844.0,115262.0,23474.0,18,6,81.8,0,Repaid,5.0,Low,Normal
CUST-11185,TXN-204939,2026-05-10,Agriculture,Lagos,Shop,Self-employed,152073.0,87332.0,90588.0,9701.0,34,44,78.8,0,Repaid,3.6,Low,Normal
CUST-12544,TXN-204940,2026-04-19,Retail,Accra,Health,Contract,218045.0,324027.0,90774.0,39768.0,35,63,63.9,0,Repaid,8.1,Low,Normal
CUST-11561,TXN-204941,2025-08-04,Market Trader,Abuja,Shop,Contract,177256.0,344874.0,31394.0,56042.0,27,11,91.3,0,Repaid,3.5,Low,Loan-to-income mismatch
CUST-12930,TXN-204942,2025-03-17,SME,Lagos,Transport,Unemployed,90321.0,134320.0,36369.0,109739.0,18,29,61.3,0,Repaid,21.0,Low,Normal
CUST-13024,TXN-204943,2025-08-03,Retail,Kano,Education,Self-employed,156674.0,212426.0,42801.0,32580.0,37,11,93.4,0,Repaid,2.3,Low,Normal
CUST-10125,TXN-204944,2025-11-09,Services,Kigali,Education,Salaried,96862.0,199723.0,27710.0,74453.0,30,81,95.8,0,Repaid,4.4,Low,Loan-to-income mismatch
CUST-12531,TXN-204945,2025-08-31,Services,Abuja,Transport,Self-employed,155529.0,31709.0,99068.0,8893.0,25,25,90.9,0,Repaid,1.0,Low,Normal
CUST-11294,TXN-204946,2026-01-30,Retail,Lagos,Shop,Contract,119020.0,184383.0,23270.0,65925.0,20,58,68.7,0,Repaid,7.5,Low,Normal
CUST-11819,TXN-204947,2025-12-01,Retail,Abuja,Transport,Self-employed,191076.0,208180.0,60271.0,38739.0,36,24,100.0,0,Repaid,2.4,Low,Normal
CUST-10926,TXN-204948,2025-01-16,Market Trader,Kumasi,Shop,Self-employed,92615.0,56469.0,11180.0,8524.0,27,67,74.7,0,Repaid,3.0,Low,Normal
CUST-11288,TXN-204949,2026-04-20,Market Trader,Kigali,Fintech Agent,Contract,163763.0,385607.0,21696.0,66711.0,25,76,76.3,0,Repaid,9.3,Low,Loan-to-income mismatch
CUST-11156,TXN-204950,2025-05-21,Market Trader,Kigali,Shop,Salaried,206988.0,222816.0,82836.0,33587.0,26,5,71.6,0,Repaid,7.8,Low,Normal
CUST-10176,TXN-204951,2025-02-28,SME,Nairobi,Health,Self-employed,238277.0,220235.0,117504.0,95230.0,33,69,51.7,0,Repaid,5.0,Low,Normal
CUST-12739,TXN-204952,2025-05-06,Market Trader,Accra,Food,Contract,118072.0,65553.0,49705.0,31332.0,17,64,95.3,0,Repaid,1.1,Low,Normal
CUST-10500,TXN-204953,2026-02-28,Retail,Nairobi,Transport,Unemployed,163973.0,392722.0,37295.0,35834.0,22,9,61.7,0,Repaid,50.5,Medium,Loan-to-income mismatch
CUST-11315,TXN-204954,2026-02-12,Retail,Lagos,Shop,Contract,175842.0,365828.0,10121.0,27050.0,31,26,88.6,0,Repaid,6.7,Low,Loan-to-income mismatch
CUST-10675,TXN-204955,2025-08-20,Market Trader,Kigali,Shop,Salaried,311699.0,104525.0,98580.0,34659.0,15,82,92.9,0,Repaid,1.3,Low,Normal
CUST-10562,TXN-204956,2025-09-22,Market Trader,Nairobi,Fintech Agent,Self-employed,87364.0,125452.0,29502.0,45588.0,31,43,82.9,0,Repaid,2.8,Low,Normal
CUST-11306,TXN-204957,2025-05-22,Services,Abuja,Health,Self-employed,111006.0,56306.0,56115.0,32307.0,26,11,59.5,0,Repaid,3.3,Low,Normal
CUST-13215,TXN-204958,2026-05-24,Retail,Kano,Transport,Self-employed,528540.0,935006.0,223775.0,15596.0,30,62,65.9,0,Repaid,10.6,Low,Loan-to-income mismatch
CUST-13304,TXN-204959,2025-10-08,Agriculture,Kigali,Education,Contract,145118.0,182075.0,82557.0,43347.0,21,75,23.8,0,Repaid,34.7,Low,High-risk repayment pattern
CUST-11335,TXN-204960,2025-03-03,Market Trader,Accra,Fintech Agent,Self-employed,73555.0,31266.0,37754.0,43373.0,25,42,69.9,0,Repaid,2.1,Low,Normal
CUST-11768,TXN-204961,2025-10-06,Agriculture,Kigali,Transport,Contract,127431.0,180522.0,31922.0,12925.0,28,12,86.4,0,Repaid,3.6,Low,Normal
CUST-13449,TXN-204962,2025-02-05,Retail,Kano,Fintech Agent,Contract,65000.0,143110.0,27189.0,24954.0,10,14,67.7,1,Defaulted,15.8,Low,Loan-to-income mismatch
CUST-10821,TXN-204963,2025-03-10,Market Trader,Kumasi,Education,Self-employed,180085.0,168821.0,88384.0,12197.0,31,37,61.4,1,Defaulted,6.2,Low,Normal
CUST-13306,TXN-204964,2025-04-22,Market Trader,Lagos,Food,Contract,228687.0,66957.0,142434.0,35236.0,27,47,66.6,0,Repaid,1.8,Low,Normal
CUST-10370,TXN-204965,2025-02-20,Agriculture,Kigali,Fintech Agent,Salaried,110980.0,252852.0,31749.0,51463.0,18,72,93.9,0,Repaid,4.9,Low,Loan-to-income mismatch
CUST-10790,TXN-204966,2026-03-19,Retail,Nairobi,Food,Salaried,133559.0,66084.0,57219.0,55482.0,36,66,71.0,0,Repaid,1.8,Low,Normal
CUST-11184,TXN-204967,2025-11-20,Market Trader,Nairobi,Shop,Salaried,239890.0,296172.0,64141.0,9642.0,27,25,100.0,0,Repaid,1.2,Low,Normal
CUST-10129,TXN-204968,2025-09-17,SME,Nairobi,Shop,Contract,78035.0,108405.0,37834.0,54648.0,30,66,61.7,0,Repaid,8.4,Low,Normal
CUST-12855,TXN-204969,2026-01-15,SME,Kano,Health,Unemployed,93427.0,65991.0,55548.0,24583.0,25,12,75.9,1,Defaulted,9.1,Low,Normal
CUST-12993,TXN-204970,2025-11-13,Retail,Lagos,Education,Informal,147885.0,84866.0,88600.0,13626.0,33,19,64.2,1,Defaulted,5.4,Low,Normal
CUST-11341,TXN-204971,2025-11-14,Retail,Kano,Fintech Agent,Salaried,118660.0,51162.0,14116.0,39645.0,26,75,100.0,0,Repaid,1.0,Low,Normal
CUST-12927,TXN-204972,2025-10-19,Agriculture,Kumasi,Transport,Unemployed,143857.0,48235.0,21374.0,23700.0,12,86,75.2,0,Repaid,6.4,Low,Normal
CUST-12703,TXN-204973,2025-07-02,Market Trader,Kumasi,Education,Informal,95724.0,125211.0,47441.0,92329.0,36,66,100.0,0,Repaid,3.0,Low,Normal
CUST-12804,TXN-204974,2025-01-01,Retail,Kigali,Food,Salaried,178084.0,364945.0,74357.0,114748.0,33,44,64.4,0,Repaid,11.1,Low,Loan-to-income mismatch
CUST-12809,TXN-204975,2025-10-14,Retail,Accra,Fintech Agent,Self-employed,152867.0,70534.0,90225.0,59891.0,39,85,99.5,0,Repaid,1.0,Low,Normal
CUST-12007,TXN-204976,2026-02-07,SME,Kano,Health,Unemployed,204978.0,355714.0,44623.0,36405.0,31,35,74.1,0,Repaid,9.5,Low,Loan-to-income mismatch
CUST-10387,TXN-204977,2026-04-13,Services,Kano,Transport,Self-employed,177047.0,194047.0,98129.0,6962.0,21,62,87.1,0,Repaid,2.8,Low,Normal
CUST-13232,TXN-204978,2025-05-03,Agriculture,Kigali,Health,Unemployed,177515.0,45834.0,80020.0,21844.0,32,66,50.0,0,Repaid,14.6,Low,Normal
CUST-12130,TXN-204979,2026-04-22,Agriculture,Lagos,Health,Self-employed,88659.0,121450.0,12690.0,56523.0,19,8,78.3,0,Repaid,2.9,Low,Normal
CUST-13154,TXN-204980,2025-01-26,SME,Kumasi,Food,Salaried,200163.0,148012.0,19955.0,40783.0,26,92,52.8,0,Repaid,2.8,Low,Normal
CUST-13356,TXN-204981,2025-04-30,Market Trader,Lagos,Food,Salaried,141639.0,215810.0,65539.0,9533.0,22,62,76.6,0,Repaid,3.5,Low,Normal
CUST-10655,TXN-204982,2026-03-14,Services,Accra,Transport,Salaried,151756.0,145002.0,18185.0,82657.0,17,24,44.7,0,Repaid,4.8,Low,Normal
CUST-11407,TXN-204983,2025-02-19,Retail,Lagos,Food,Contract,252779.0,419493.0,131553.0,20089.0,30,79,70.3,0,Repaid,8.9,Low,Loan-to-income mismatch
CUST-10673,TXN-204984,2025-09-03,Agriculture,Abuja,Shop,Salaried,120311.0,266979.0,44632.0,18925.0,19,37,91.7,1,Defaulted,16.3,Low,Loan-to-income mismatch
CUST-10178,TXN-204985,2025-12-04,Retail,Kano,Education,Self-employed,287075.0,207523.0,91986.0,83374.0,34,9,81.9,0,Repaid,1.6,Low,Normal
CUST-13382,TXN-204986,2025-01-22,SME,Kano,Education,Informal,298546.0,676638.0,57794.0,62806.0,27,65,49.8,0,Repaid,44.8,Medium,Loan-to-income mismatch
CUST-13231,TXN-204987,2025-03-31,Services,Lagos,Education,Salaried,223277.0,141461.0,142858.0,40309.0,28,14,37.8,0,Repaid,9.3,Low,High-risk repayment pattern
CUST-13261,TXN-204988,2025-07-18,Agriculture,Nairobi,Fintech Agent,Self-employed,107811.0,36326.0,51206.0,40964.0,35,58,80.9,0,Repaid,1.0,Low,Normal
CUST-13092,TXN-204989,2026-02-18,Services,Abuja,Food,Informal,65000.0,39507.0,33162.0,15577.0,26,65,100.0,0,Repaid,1.0,Low,Normal
CUST-12270,TXN-204990,2026-01-28,Agriculture,Kumasi,Shop,Informal,256046.0,509305.0,129121.0,49536.0,31,16,54.6,1,Defaulted,55.1,Medium,Loan-to-income mismatch
CUST-11827,TXN-204991,2025-05-25,Market Trader,Kigali,Food,Contract,170550.0,287236.0,66161.0,62627.0,23,76,100.0,0,Repaid,4.1,Low,Loan-to-income mismatch
CUST-13470,TXN-204992,2025-07-26,Market Trader,Abuja,Food,Self-employed,119016.0,277932.0,72839.0,35850.0,38,44,71.9,1,Defaulted,28.2,Low,Loan-to-income mismatch
CUST-11932,TXN-204993,2025-03-19,Market Trader,Accra,Food,Salaried,266438.0,467816.0,103327.0,29652.0,33,35,36.7,1,Defaulted,27.0,Low,Loan-to-income mismatch
CUST-12248,TXN-204994,2025-08-19,Market Trader,Kumasi,Fintech Agent,Contract,113340.0,124225.0,39400.0,75175.0,17,11,43.9,0,Repaid,14.7,Low,Normal
CUST-10741,TXN-204995,2026-02-26,Market Trader,Kigali,Fintech Agent,Informal,136197.0,294349.0,26209.0,58235.0,28,71,85.9,0,Repaid,10.5,Low,Loan-to-income mismatch
CUST-12613,TXN-204996,2025-02-16,Retail,Kano,Education,Contract,202897.0,468093.0,40071.0,20860.0,15,17,74.3,0,Repaid,13.1,Low,Loan-to-income mismatch
CUST-12868,TXN-204997,2025-04-18,Services,Abuja,Health,Salaried,101955.0,197535.0,49370.0,53916.0,38,17,98.7,0,Repaid,6.1,Low,Loan-to-income mismatch
CUST-12374,TXN-204998,2025-06-02,Agriculture,Lagos,Transport,Self-employed,155440.0,220063.0,35892.0,30537.0,24,26,50.4,0,Repaid,16.1,Low,Normal
CUST-11745,TXN-204999,2025-01-05,Retail,Kano,Food,Contract,257156.0,517706.0,123200.0,47074.0,26,43,74.1,0,Repaid,14.0,Low,Loan-to-income mismatch
